{"type":"FeatureCollection", "features": [
{"type":"Feature","geometry":{"type":"Polygon","coordinates":[[[78.1749,24.8425],[78.1167,24.8331],[77.9717,24.8697],[78.0175,24.9554],[77.8336,24.9983],[77.7412,24.8546],[77.6783,24.8607],[77.6152,24.9244],[77.5667,24.8691],[77.5165,24.8224],[77.5501,24.7607],[77.4973,24.6704],[77.4832,24.5891],[77.5136,24.4146],[77.6054,24.384],[77.6522,24.3116],[77.7215,24.2969],[77.8781,24.3117],[77.8864,24.2747],[78.0172,24.2338],[78.0826,24.2532],[78.0943,24.3187],[78.2675,24.4495],[78.2748,24.6651],[78.2193,24.8068],[78.1749,24.8425]]]},"properties":{"name":"Ashoknagar"}},
{"type":"Feature","geometry":{"type":"Polygon","coordinates":[[[77.3817,23.07],[77.3532,23.0341],[77.447,22.9179],[77.5532,22.857],[77.6413,22.8364],[77.6917,22.8814],[77.7618,22.8871],[77.857,22.9465],[77.9632,22.9661],[78.0368,22.9095],[78.0303,22.7995],[78.1102,22.7872],[78.197,22.8884],[78.2821,22.8654],[78.3308,22.918],[78.4465,22.9847],[78.4753,23.004],[78.7322,23.0411],[78.8048,23.1027],[78.8117,23.2336],[78.7181,23.35],[78.6337,23.3591],[78.6312,23.4489],[78.739,23.5273],[78.7413,23.5773],[78.6028,23.5436],[78.5206,23.5502],[78.4358,23.743],[78.3931,23.6321],[78.296,23.672],[78.2291,23.5311],[78.1319,23.5247],[78.0869,23.4479],[77.9995,23.4112],[77.8114,23.4579],[77.7381,23.5343],[77.6523,23.4822],[77.5204,23.5049],[77.504,23.4106],[77.6256,23.3426],[77.5915,23.2908],[77.5636,23.1352],[77.491,23.0928],[77.3817,23.07]]]},"properties":{"name":"Raisen"}},
{"type":"Feature","geometry":{"type":"Polygon","coordinates":[[[79.3272,22.6141],[79.2607,22.6893],[79.2283,22.8099],[79.0446,22.7572],[78.9798,22.7177],[78.9969,22.6326],[78.841,22.6793],[78.7116,22.6511],[78.6824,22.6968],[78.5097,22.6527],[78.5,22.5899],[78.55,22.5345],[78.5129,22.4833],[78.5293,22.4176],[78.4852,22.3771],[78.3927,22.4154],[78.2723,22.3997],[78.2473,22.3165],[78.2694,22.2626],[78.2677,22.1305],[78.3327,22.1051],[78.3873,21.9633],[78.5189,21.9305],[78.5513,21.8709],[78.4765,21.8205],[78.4617,21.7153],[78.3924,21.6615],[78.3459,21.5836],[78.4189,21.5765],[78.4355,21.5007],[78.514,21.5273],[78.6265,21.4766],[78.7516,21.4915],[78.9377,21.4867],[78.9186,21.5623],[78.9807,21.6167],[79.1102,21.6086],[79.154,21.6598],[79.2228,21.6495],[79.2394,21.7126],[79.2766,21.8322],[79.4086,22.0392],[79.3416,22.1622],[79.334,22.2396],[79.2888,22.3236],[79.3541,22.351],[79.3249,22.4308],[79.3431,22.4793],[79.3272,22.6141]]]},"properties":{"name":"Chhindwara"}},
{"type":"Feature","geometry":{"type":"Polygon","coordinates":[[[78.2723,22.3997],[78.1525,22.3864],[78.0354,22.3278],[77.9413,22.3284],[77.8677,22.2863],[77.81,22.337],[77.6575,22.3042],[77.5871,22.3385],[77.5093,22.309],[77.4336,22.2111],[77.3658,22.2448],[77.426,22.1685],[77.4748,22.1618],[77.4634,22.0788],[77.3981,21.9972],[77.2743,21.9587],[77.2208,21.9038],[77.1646,21.8556],[77.1892,21.7831],[77.0874,21.77],[77.0655,21.7131],[77.1246,21.7233],[77.2111,21.692],[77.2809,21.7578],[77.501,21.7473],[77.5628,21.6669],[77.5712,21.5281],[77.4615,21.5549],[77.4227,21.5192],[77.4733,21.4553],[77.563,21.3967],[77.6743,21.3715],[77.7979,21.3894],[77.9037,21.3771],[78.0686,21.4376],[78.1744,21.4972],[78.2206,21.5524],[78.3459,21.5836],[78.3924,21.6615],[78.4617,21.7153],[78.4765,21.8205],[78.5513,21.8709],[78.5189,21.9305],[78.3873,21.9633],[78.3327,22.1051],[78.2677,22.1305],[78.2694,22.2626],[78.2473,22.3165],[78.2723,22.3997]]]},"properties":{"name":"Betul"}},
{"type":"Feature","geometry":{"type":"Polygon","coordinates":[[[78.0303,22.7995],[77.8009,22.8395],[77.7763,22.7837],[77.6252,22.7418],[77.5703,22.6675],[77.4679,22.645],[77.3466,22.5682],[77.2149,22.5632],[77.2637,22.5483],[77.3166,22.3502],[77.3623,22.308],[77.3658,22.2448],[77.4336,22.2111],[77.5093,22.309],[77.5871,22.3385],[77.6575,22.3042],[77.81,22.337],[77.8677,22.2863],[77.9413,22.3284],[78.0354,22.3278],[78.1525,22.3864],[78.2723,22.3997],[78.3927,22.4154],[78.4852,22.3771],[78.5293,22.4176],[78.5129,22.4833],[78.55,22.5345],[78.5,22.5899],[78.5097,22.6527],[78.6824,22.6968],[78.6671,22.7621],[78.6183,22.7965],[78.5738,22.9509],[78.4465,22.9847],[78.3308,22.918],[78.2821,22.8654],[78.197,22.8884],[78.1102,22.7872],[78.0303,22.7995]]]},"properties":{"name":"Hoshangabad"}},
{"type":"Feature","geometry":{"type":"Polygon","coordinates":[[[77.3817,23.07],[77.2833,23.0914],[77.186,23.2097],[77.2268,23.353],[77.2905,23.4238],[77.298,23.5716],[77.2282,23.6508],[77.1689,23.6721],[77.1289,23.6142],[77.141,23.5453],[77.052,23.4646],[76.9904,23.3943],[76.9898,23.2834],[76.8911,23.2035],[76.8978,23.1341],[76.8242,23.1124],[76.7767,23.1695],[76.5427,23.1285],[76.4697,23.0733],[76.4582,22.9184],[76.5846,22.7672],[76.8179,22.8587],[76.9267,22.8539],[77.0022,22.8749],[77.0483,22.6694],[77.0901,22.6503],[77.1306,22.5521],[77.2149,22.5632],[77.3466,22.5682],[77.4679,22.645],[77.5703,22.6675],[77.6252,22.7418],[77.7763,22.7837],[77.8009,22.8395],[78.0303,22.7995],[78.0368,22.9095],[77.9632,22.9661],[77.857,22.9465],[77.7618,22.8871],[77.6917,22.8814],[77.6413,22.8364],[77.5532,22.857],[77.447,22.9179],[77.3532,23.0341],[77.3817,23.07]]]},"properties":{"name":"Sehore"}},
{"type":"Feature","geometry":{"type":"Polygon","coordinates":[[[80.546,23.3896],[80.3201,23.305],[80.242,23.4794],[80.2551,23.5667],[80.1198,23.583],[80.0663,23.5637],[79.962,23.6041],[79.8229,23.5079],[79.7428,23.4316],[79.6895,23.3473],[79.5574,23.2682],[79.5002,23.2591],[79.3725,23.1651],[79.3536,23.1109],[79.4547,23.0959],[79.5213,23.1416],[79.6019,23.0891],[79.6243,22.9531],[79.6508,22.924],[79.7505,22.9181],[79.7612,22.8578],[79.9669,22.8506],[80.0075,22.9769],[79.9944,23.0262],[80.0836,23.0744],[80.1512,23.0433],[80.2499,23.1487],[80.3311,23.0945],[80.3608,23.1366],[80.4636,23.1397],[80.5301,23.084],[80.5838,23.1356],[80.5026,23.1829],[80.5778,23.3494],[80.546,23.3896]]]},"properties":{"name":"Jabalpur"}},
{"type":"Feature","geometry":{"type":"Polygon","coordinates":[[[78.4465,22.9847],[78.5738,22.9509],[78.6183,22.7965],[78.6671,22.7621],[78.6824,22.6968],[78.7116,22.6511],[78.841,22.6793],[78.9969,22.6326],[78.9798,22.7177],[79.0446,22.7572],[79.2283,22.8099],[79.2607,22.6893],[79.3272,22.6141],[79.4034,22.6826],[79.4899,22.7283],[79.5428,22.8148],[79.6142,22.8577],[79.6243,22.9531],[79.6019,23.0891],[79.5213,23.1416],[79.4547,23.0959],[79.3536,23.1109],[79.3725,23.1651],[79.3142,23.2104],[79.192,23.2206],[79.1096,23.1991],[78.8117,23.2336],[78.8048,23.1027],[78.7322,23.0411],[78.4753,23.004],[78.4465,22.9847]]]},"properties":{"name":"Narsimhapur"}},
{"type":"Feature","geometry":{"type":"Polygon","coordinates":[[[80.3565,23.9671],[80.3956,24.0384],[80.5102,24.0745],[80.6424,24.193],[80.5993,24.2072],[80.5597,24.3017],[80.4247,24.4404],[80.4684,24.5974],[80.3692,24.6871],[80.5206,24.7937],[80.5781,24.8986],[80.4788,24.9104],[80.4766,24.9707],[80.3942,25.0612],[80.3224,24.9996],[80.2756,25.0233],[80.1487,24.931],[80.0095,24.9305],[80.0933,24.8286],[79.9944,24.7217],[79.9566,24.651],[79.8846,24.6858],[79.8433,24.5924],[79.8779,24.5702],[79.8814,24.3809],[79.7971,24.3713],[79.8438,24.3122],[79.8365,24.1999],[79.7409,24.0439],[79.8454,24.0205],[79.8398,23.9273],[79.8653,23.8265],[79.9604,23.8353],[80.0176,23.9741],[80.0536,23.9887],[80.2178,23.9564],[80.3088,23.9093],[80.3565,23.9671]]]},"properties":{"name":"Panna"}},
{"type":"Feature","geometry":{"type":"Polygon","coordinates":[[[75.8993,22.9998],[75.9666,23.0208],[75.9915,23.0855],[75.9351,23.1294],[75.956,23.1763],[75.9345,23.2952],[75.9933,23.2772],[76.0592,23.1445],[76.1435,23.1788],[76.1227,23.2406],[76.1747,23.2644],[76.2154,23.3824],[76.2136,23.5087],[76.1467,23.5657],[76.1114,23.542],[75.995,23.5701],[75.8805,23.5561],[75.8188,23.6691],[75.7323,23.7545],[75.6924,23.745],[75.6239,23.6575],[75.5246,23.6634],[75.5009,23.5504],[75.3999,23.5992],[75.2807,23.5811],[75.2769,23.538],[75.191,23.5237],[75.1576,23.4289],[75.1968,23.3247],[75.2977,23.2974],[75.2282,23.2079],[75.2446,23.1328],[75.3032,23.1247],[75.3381,23.0564],[75.3328,22.8376],[75.4395,22.8654],[75.4659,22.9671],[75.5482,23.06],[75.6742,23.0117],[75.8694,23.0344],[75.8993,22.9998]]]},"properties":{"name":"Ujjain"}},
{"type":"Feature","geometry":{"type":"Polygon","coordinates":[[[81.3123,24.3074],[81.3499,24.3443],[81.5041,24.4202],[81.7057,24.4994],[81.75,24.4928],[82.234,24.6076],[82.3078,24.5906],[82.3016,24.604],[82.3056,24.6513],[82.2135,24.7841],[82.1083,24.8075],[82.0132,24.8482],[81.9459,24.8386],[81.9096,24.8787],[81.9096,24.9775],[81.7929,25.0019],[81.6559,25.067],[81.5718,25.1892],[81.5433,25.1832],[81.493,25.0694],[81.4377,25.1263],[81.2908,25.1592],[81.2707,25.0648],[81.2212,24.9784],[81.1248,24.8966],[81.0721,24.7984],[81.1776,24.6856],[81.1584,24.5197],[81.2251,24.4647],[81.3123,24.3074]]]},"properties":{"name":"Rewa"}},
{"type":"Feature","geometry":{"type":"Polygon","coordinates":[[[80.5301,23.084],[80.5683,22.9793],[80.548,22.8985],[80.7606,22.8062],[80.8624,22.8397],[80.8694,22.745],[80.9393,22.6574],[80.912,22.6111],[80.9785,22.5234],[81.0906,22.5848],[81.1601,22.4647],[81.2343,22.4498],[81.3222,22.5146],[81.4817,22.4929],[81.5229,22.5369],[81.6164,22.5366],[81.6861,22.649],[81.7261,22.6661],[81.6788,22.7505],[81.5634,22.726],[81.4387,22.7511],[81.4153,22.812],[81.3105,22.8322],[81.1828,22.8944],[81.2525,23.0674],[81.1934,23.0971],[81.1319,23.2033],[81.0321,23.1928],[80.9462,23.2742],[80.851,23.2075],[80.7277,23.2542],[80.7616,23.3179],[80.7108,23.3667],[80.5778,23.3494],[80.5026,23.1829],[80.5838,23.1356],[80.5301,23.084]]]},"properties":{"name":"Dindori"}},
{"type":"Feature","geometry":{"type":"Polygon","coordinates":[[[81.0457,22.2393],[81.0282,22.2677],[80.9154,22.2783],[80.8674,22.3769],[80.8148,22.3966],[80.7898,22.3116],[80.6477,22.2251],[80.4486,22.2437],[80.3206,22.3437],[80.2369,22.2992],[80.1517,22.344],[80.0999,22.3362],[80.1006,22.2436],[80.0355,22.1802],[80.0496,22.1182],[79.901,22.0584],[79.8722,21.9687],[79.7599,21.8062],[79.6924,21.798],[79.675,21.7016],[79.6107,21.6774],[79.5126,21.5938],[79.5431,21.5439],[79.6511,21.5562],[79.7393,21.6023],[79.8634,21.5312],[79.9226,21.5246],[79.9339,21.5538],[80.0704,21.5548],[80.1245,21.6086],[80.1963,21.6344],[80.2672,21.6204],[80.3728,21.5269],[80.4554,21.4031],[80.5256,21.3908],[80.6003,21.3259],[80.6637,21.3319],[80.7281,21.4471],[80.7378,21.5396],[80.7145,21.6722],[80.7491,21.7529],[80.8177,21.7538],[80.8456,21.8303],[80.8318,21.9088],[80.9105,22.1073],[81.0065,22.0618],[81.0457,22.2393]]]},"properties":{"name":"Balaghat"}},
{"type":"Feature","geometry":{"type":"Polygon","coordinates":[[[74.7731,21.614],[74.8626,21.6322],[75.0567,21.5633],[75.1056,21.468],[75.2066,21.4142],[75.3841,21.3839],[75.4683,21.3925],[75.5482,21.3708],[75.6214,21.386],[75.5856,21.4734],[75.4856,21.4927],[75.4622,21.5312],[75.5016,21.6153],[75.4414,21.6734],[75.2735,21.6534],[75.22,21.6936],[75.3115,21.8314],[75.3528,21.9798],[75.4008,21.9824],[75.4168,22.0575],[75.3185,22.1313],[75.1903,22.1019],[74.8398,22.06],[74.7826,22.0766],[74.6752,22.0318],[74.5694,22.02],[74.5048,22.0423],[74.435,22.0275],[74.4463,21.9696],[74.5253,21.9073],[74.5012,21.8057],[74.5152,21.7185],[74.5883,21.6627],[74.7731,21.614]]]},"properties":{"name":"Barwani"}},
{"type":"Feature","geometry":{"type":"Polygon","coordinates":[[[80.3565,23.9671],[80.4705,23.9886],[80.5561,24.0459],[80.7402,24.1281],[80.7821,24.0645],[80.9482,24.0637],[80.9952,24.0886],[81.111,24.1266],[81.2047,24.1072],[81.2826,24.1879],[81.3461,24.1844],[81.3901,24.2613],[81.3123,24.3074],[81.2251,24.4647],[81.1584,24.5197],[81.1776,24.6856],[81.0721,24.7984],[81.1248,24.8966],[81.0848,24.9489],[80.8398,24.9167],[80.8337,25.0302],[80.8735,25.12],[80.7593,25.1379],[80.7228,25.064],[80.6126,25.0919],[80.5547,25.0598],[80.5517,24.9989],[80.4766,24.9707],[80.4788,24.9104],[80.5781,24.8986],[80.5206,24.7937],[80.3692,24.6871],[80.4684,24.5974],[80.4247,24.4404],[80.5597,24.3017],[80.5993,24.2072],[80.6424,24.193],[80.5102,24.0745],[80.3956,24.0384],[80.3565,23.9671]]]},"properties":{"name":"Satna"}},
{"type":"Feature","geometry":{"type":"Polygon","coordinates":[[[80.2756,25.0233],[80.3534,25.0546],[80.3569,25.1362],[80.4336,25.175],[80.3229,25.308],[80.3177,25.3851],[80.1993,25.4013],[80.1045,25.3472],[80.0358,25.3396],[80.0051,25.2645],[79.8801,25.2484],[79.8685,25.1379],[79.8259,25.1056],[79.7593,25.1333],[79.6751,25.1178],[79.5619,25.1668],[79.49,25.0766],[79.3942,25.1141],[79.3915,25.162],[79.4422,25.2372],[79.3722,25.2568],[79.2853,25.3204],[79.27,25.263],[79.3254,25.1468],[79.3484,24.9039],[79.3069,24.7961],[79.3052,24.6837],[79.2228,24.662],[79.1786,24.6074],[79.0931,24.6307],[79.0253,24.5437],[78.9878,24.4428],[78.9925,24.4178],[79.065,24.3749],[79.1818,24.4302],[79.2535,24.3624],[79.1689,24.3384],[79.1747,24.2733],[79.0728,24.241],[79.0561,24.1688],[79.1487,24.099],[79.3049,24.1787],[79.3843,24.1927],[79.4156,24.3478],[79.3994,24.3859],[79.5679,24.3878],[79.7971,24.3713],[79.8814,24.3809],[79.8779,24.5702],[79.8433,24.5924],[79.8846,24.6858],[79.9566,24.651],[79.9944,24.7217],[80.0933,24.8286],[80.0095,24.9305],[80.1487,24.931],[80.2756,25.0233]]]},"properties":{"name":"Chhatarpur"}},
{"type":"Feature","geometry":{"type":"Polygon","coordinates":[[[75.4395,22.8654],[75.4407,22.7712],[75.4924,22.7614],[75.531,22.6283],[75.6576,22.636],[75.6978,22.5928],[75.5598,22.5128],[75.5671,22.3735],[75.6488,22.339],[75.7239,22.3671],[75.8668,22.3777],[75.9164,22.4181],[75.9962,22.4113],[76.0577,22.4592],[76.0894,22.5377],[76.1212,22.6018],[76.2447,22.6405],[76.1056,22.6992],[76.0653,22.7998],[75.9798,22.9194],[75.8993,22.9998],[75.8694,23.0344],[75.6742,23.0117],[75.5482,23.06],[75.4659,22.9671],[75.4395,22.8654]]]},"properties":{"name":"Indore"}},
{"type":"Feature","geometry":{"type":"Polygon","coordinates":[[[75.6924,23.745],[75.6869,23.7572],[75.6543,23.7986],[75.5598,23.8181],[75.5629,23.8566],[75.4624,23.9145],[75.3703,23.8569],[75.2025,23.8271],[75.055,23.8235],[75.0293,23.7809],[74.9409,23.7631],[74.9065,23.6221],[74.852,23.5548],[74.7743,23.5408],[74.6132,23.459],[74.5737,23.4203],[74.5351,23.3073],[74.6317,23.2611],[74.7009,23.2698],[74.7389,23.2257],[74.7846,23.1479],[74.9945,23.1408],[75.0089,23.1071],[75.1718,23.1015],[75.2446,23.1328],[75.2282,23.2079],[75.2977,23.2974],[75.1968,23.3247],[75.1576,23.4289],[75.191,23.5237],[75.2769,23.538],[75.2807,23.5811],[75.3999,23.5992],[75.5009,23.5504],[75.5246,23.6634],[75.6239,23.6575],[75.6924,23.745]]]},"properties":{"name":"Ratlam"}},
{"type":"Feature","geometry":{"type":"Polygon","coordinates":[[[77.3658,22.2448],[77.3623,22.308],[77.3166,22.3502],[77.2637,22.5483],[77.2149,22.5632],[77.1306,22.5521],[77.0374,22.4921],[76.9001,22.4791],[76.7908,22.4188],[76.7833,22.3419],[76.8917,22.297],[76.8301,22.1536],[76.8673,22.1215],[76.843,22.0548],[76.9075,21.9593],[77.0272,21.9889],[77.1401,21.9921],[77.2208,21.9038],[77.2743,21.9587],[77.3981,21.9972],[77.4634,22.0788],[77.4748,22.1618],[77.426,22.1685],[77.3658,22.2448]]]},"properties":{"name":"Harda"}},
{"type":"Feature","geometry":{"type":"Polygon","coordinates":[[[78.0826,24.2532],[78.1404,24.2092],[78.1195,24.0438],[78.1855,24.0078],[78.217,24.0679],[78.2805,24.0253],[78.2641,23.9412],[78.2973,23.8222],[78.2411,23.712],[78.296,23.672],[78.3931,23.6321],[78.4358,23.743],[78.5206,23.5502],[78.6028,23.5436],[78.7413,23.5773],[78.739,23.5273],[78.6312,23.4489],[78.6337,23.3591],[78.7181,23.35],[78.8117,23.2336],[79.1096,23.1991],[79.192,23.2206],[79.2404,23.337],[79.1938,23.3633],[79.1868,23.4313],[79.2851,23.4748],[79.3011,23.5596],[79.2925,23.7385],[79.1409,23.8528],[79.0951,23.9172],[79.1163,23.9679],[79.1898,24.0084],[79.1487,24.099],[79.0561,24.1688],[79.0728,24.241],[79.1747,24.2733],[79.1689,24.3384],[79.2535,24.3624],[79.1818,24.4302],[79.065,24.3749],[78.9925,24.4178],[78.974,24.3497],[78.8652,24.2096],[78.7915,24.1812],[78.7595,24.2397],[78.7057,24.2305],[78.6242,24.292],[78.5853,24.3529],[78.5067,24.3901],[78.4415,24.2935],[78.3923,24.2689],[78.3326,24.3254],[78.3692,24.3739],[78.2675,24.4495],[78.0943,24.3187],[78.0826,24.2532]]]},"properties":{"name":"Sagar"}},
{"type":"Feature","geometry":{"type":"Polygon","coordinates":[[[74.7148,24.5063],[74.824,24.4849],[74.8592,24.4486],[74.7884,24.3688],[74.7738,24.2692],[74.8769,24.2752],[74.8971,24.1868],[74.9663,24.2649],[75.0157,24.3633],[75.1149,24.3548],[75.2079,24.3061],[75.3678,24.3127],[75.4326,24.3369],[75.5206,24.4568],[75.5925,24.5175],[75.5994,24.6525],[75.5308,24.7142],[75.455,24.6896],[75.2268,24.7321],[75.1951,24.7854],[75.2446,24.8575],[75.3035,24.8118],[75.4204,24.8603],[75.2701,24.9107],[75.3408,24.9595],[75.354,25.0212],[75.3138,25.0425],[75.1975,25.0343],[75.1227,24.9724],[75.1217,24.8857],[75.046,24.856],[74.9472,24.8748],[74.8696,24.9339],[74.8294,24.8962],[74.8608,24.8101],[75.0154,24.7907],[75.0022,24.7054],[74.946,24.6592],[74.8754,24.6665],[74.8206,24.7624],[74.7771,24.6849],[74.7148,24.5063]]]},"properties":{"name":"Neemuch"}},
{"type":"Feature","geometry":{"type":"Polygon","coordinates":[[[79.3254,25.1468],[79.2851,25.1144],[79.1459,25.1122],[79.0746,25.1676],[78.9559,25.2163],[78.8865,25.1549],[78.8286,25.0864],[78.7335,25.0896],[78.647,25.0614],[78.6383,24.9566],[78.6783,24.8964],[78.7718,24.8568],[78.7796,24.6997],[78.7472,24.6556],[78.7773,24.5868],[78.889,24.6354],[78.9516,24.5468],[78.9878,24.4428],[79.0253,24.5437],[79.0931,24.6307],[79.1786,24.6074],[79.2228,24.662],[79.3052,24.6837],[79.3069,24.7961],[79.3484,24.9039],[79.3254,25.1468]]]},"properties":{"name":"Tikamgarh"}},
{"type":"Feature","geometry":{"type":"Polygon","coordinates":[[[77.5667,24.8691],[77.4808,24.8741],[77.4666,24.9281],[77.3731,24.9228],[77.3097,25.0794],[77.2685,25.1145],[77.1757,25.109],[77.0832,25.0533],[76.9895,25.0729],[76.875,25.0065],[76.8776,24.95],[76.9545,24.8683],[76.8065,24.8152],[76.9116,24.7407],[76.9573,24.761],[77.0248,24.7105],[77.065,24.638],[77.0557,24.5221],[76.9653,24.4559],[76.9236,24.5312],[76.8197,24.53],[76.8462,24.4385],[76.8419,24.3565],[76.8748,24.2724],[76.9488,24.1947],[76.882,24.1321],[76.9659,24.0595],[77.0278,24.0807],[77.1849,24.0767],[77.1678,23.9448],[77.2287,23.8904],[77.3184,23.8892],[77.3144,24.0048],[77.2622,24.0407],[77.3553,24.2123],[77.5974,24.2651],[77.6522,24.3116],[77.6054,24.384],[77.5136,24.4146],[77.4832,24.5891],[77.4973,24.6704],[77.5501,24.7607],[77.5165,24.8224],[77.5667,24.8691]]]},"properties":{"name":"Guna"}},
{"type":"Feature","geometry":{"type":"Polygon","coordinates":[[[76.5427,23.1285],[76.5137,23.1781],[76.416,23.2167],[76.1655,23.2221],[76.1227,23.2406],[76.1435,23.1788],[76.0592,23.1445],[75.9933,23.2772],[75.9345,23.2952],[75.956,23.1763],[75.9351,23.1294],[75.9915,23.0855],[75.9666,23.0208],[75.8993,22.9998],[75.9798,22.9194],[76.0653,22.7998],[76.1056,22.6992],[76.2447,22.6405],[76.1212,22.6018],[76.0894,22.5377],[76.1036,22.4681],[76.2372,22.3847],[76.2115,22.3271],[76.254,22.2875],[76.4468,22.3405],[76.4997,22.4095],[76.6061,22.403],[76.6853,22.2941],[76.7445,22.2896],[76.7833,22.3419],[76.7908,22.4188],[76.9001,22.4791],[77.0374,22.4921],[77.1306,22.5521],[77.0901,22.6503],[77.0483,22.6694],[77.0022,22.8749],[76.9267,22.8539],[76.8179,22.8587],[76.5846,22.7672],[76.4582,22.9184],[76.4697,23.0733],[76.5427,23.1285]]]},"properties":{"name":"Dewas"}},
{"type":"Feature","geometry":{"type":"Polygon","coordinates":[[[75.4624,23.9145],[75.467,23.9774],[75.5168,24.0453],[75.7031,23.9656],[75.7649,23.9944],[75.7826,24.0585],[75.7465,24.136],[75.8163,24.2969],[75.7683,24.307],[75.7391,24.3997],[75.907,24.4423],[75.9243,24.5399],[75.8563,24.6104],[75.8426,24.7259],[75.7899,24.7616],[75.7455,24.7565],[75.6167,24.6847],[75.5308,24.7142],[75.5994,24.6525],[75.5925,24.5175],[75.5206,24.4568],[75.4326,24.3369],[75.3678,24.3127],[75.2079,24.3061],[75.1149,24.3548],[75.0157,24.3633],[74.9663,24.2649],[74.8971,24.1868],[74.9221,24.0781],[74.9944,24.0268],[74.9067,23.8711],[74.9409,23.7631],[75.0293,23.7809],[75.055,23.8235],[75.2025,23.8271],[75.3703,23.8569],[75.4624,23.9145]]]},"properties":{"name":"Mandsaur"}},
{"type":"Feature","geometry":{"type":"Polygon","coordinates":[[[75.6214,21.386],[75.8334,21.3815],[75.889,21.3978],[75.9927,21.3743],[76.0095,21.4703],[75.9501,21.4868],[75.9513,21.5463],[76.0788,21.5697],[76.0625,21.6483],[76.1718,21.7189],[76.1265,21.7476],[76.103,21.8527],[76.1718,21.8837],[76.1512,21.986],[76.1898,22.0043],[76.1927,22.1131],[76.1242,22.1685],[76.0273,22.1945],[76.1008,22.247],[76.1642,22.256],[76.2115,22.3271],[76.2372,22.3847],[76.1036,22.4681],[76.0894,22.5377],[76.0577,22.4592],[75.9962,22.4113],[75.9164,22.4181],[75.8668,22.3777],[75.7239,22.3671],[75.6488,22.339],[75.5671,22.3735],[75.506,22.3652],[75.5356,22.2604],[75.503,22.1537],[75.3185,22.1313],[75.4168,22.0575],[75.4008,21.9824],[75.3528,21.9798],[75.3115,21.8314],[75.22,21.6936],[75.2735,21.6534],[75.4414,21.6734],[75.5016,21.6153],[75.4622,21.5312],[75.4856,21.4927],[75.5856,21.4734],[75.6214,21.386]]]},"properties":{"name":"Khargone (West Nimar)"}},
{"type":"Feature","geometry":{"type":"Polygon","coordinates":[[[76.58,25.432],[76.6082,25.3843],[76.7787,25.3112],[76.8489,25.3258],[76.9648,25.2924],[77.0309,25.2969],[77.1667,25.1983],[77.198,25.2188],[77.1631,25.3085],[77.0478,25.3384],[77.1161,25.3894],[77.1811,25.509],[77.2902,25.5284],[77.279,25.7168],[77.3417,25.7815],[77.4203,25.7807],[77.4312,25.8903],[77.5568,25.8093],[77.5929,25.8648],[77.6027,25.9526],[77.6465,26.0101],[77.5222,26.0426],[77.4055,26.1502],[77.2118,26.1015],[77.1948,26.1506],[77.1145,26.2164],[77.0015,26.1326],[76.9022,26.0929],[76.8476,26.0328],[76.8014,25.9392],[76.7398,25.8976],[76.6478,25.9014],[76.573,25.8349],[76.5354,25.7932],[76.5167,25.6681],[76.5261,25.5253],[76.58,25.432]]]},"properties":{"name":"Sheopur"}},
{"type":"Feature","geometry":{"type":"Polygon","coordinates":[[[77.5929,25.8648],[77.6832,25.9102],[77.6704,25.9661],[77.7308,26.0437],[77.7782,26.0508],[77.7456,26.1582],[77.8226,26.2501],[77.9878,26.2475],[78.055,26.308],[78.1526,26.3386],[78.2667,26.334],[78.2568,26.4395],[78.2124,26.5171],[78.3177,26.5465],[78.5241,26.6724],[78.5485,26.7644],[78.3921,26.8208],[78.3714,26.8655],[78.2188,26.8305],[78.1124,26.7949],[78.0967,26.681],[78.0008,26.697],[77.8325,26.5611],[77.6792,26.5042],[77.5138,26.4075],[77.3739,26.3662],[77.2705,26.2677],[77.1145,26.2164],[77.1948,26.1506],[77.2118,26.1015],[77.4055,26.1502],[77.5222,26.0426],[77.6465,26.0101],[77.6027,25.9526],[77.5929,25.8648]]]},"properties":{"name":"Morena"}},
{"type":"Feature","geometry":{"type":"Polygon","coordinates":[[[78.2667,26.334],[78.4233,26.3282],[78.4154,26.2923],[78.6288,26.1546],[78.7924,26.2877],[78.8414,26.0927],[78.775,26.0154],[78.8003,25.9586],[78.8847,25.9104],[78.9358,25.9502],[78.9528,26.0316],[79.0117,26.0765],[78.9513,26.1338],[79.011,26.1914],[79.1255,26.3481],[79.0897,26.4],[79.1358,26.4393],[79.0734,26.4813],[78.9912,26.5886],[79.0096,26.6711],[78.8746,26.6981],[78.7799,26.7585],[78.685,26.788],[78.5485,26.7644],[78.5241,26.6724],[78.3177,26.5465],[78.2124,26.5171],[78.2568,26.4395],[78.2667,26.334]]]},"properties":{"name":"Bhind"}},
{"type":"Feature","geometry":{"type":"Polygon","coordinates":[[[74.7389,23.2257],[74.6688,23.1992],[74.5346,23.0994],[74.4662,23.0832],[74.39,23.1101],[74.3214,23.0608],[74.3694,22.9782],[74.3801,22.9081],[74.4616,22.9115],[74.4636,22.8132],[74.4015,22.7289],[74.3793,22.6369],[74.4288,22.5825],[74.5995,22.533],[74.67,22.5962],[74.7508,22.5587],[74.7849,22.5782],[74.7649,22.7476],[74.8545,22.7441],[74.9398,22.7893],[75.0057,22.9107],[75.0089,23.1071],[74.9945,23.1408],[74.7846,23.1479],[74.7389,23.2257]]]},"properties":{"name":"Jhabua"}},
{"type":"Feature","geometry":{"type":"Polygon","coordinates":[[[79.2394,21.7126],[79.4035,21.6751],[79.4951,21.6728],[79.5126,21.5938],[79.6107,21.6774],[79.675,21.7016],[79.6924,21.798],[79.7599,21.8062],[79.8722,21.9687],[79.901,22.0584],[80.0496,22.1182],[80.0355,22.1802],[80.1006,22.2436],[80.0999,22.3362],[80.0942,22.4052],[80.052,22.4538],[80.0372,22.6058],[80.1149,22.6241],[80.2037,22.601],[80.2722,22.7902],[80.1805,22.7603],[80.0727,22.7558],[79.9669,22.8506],[79.7612,22.8578],[79.7505,22.9181],[79.6508,22.924],[79.6243,22.9531],[79.6142,22.8577],[79.5428,22.8148],[79.4899,22.7283],[79.4034,22.6826],[79.3272,22.6141],[79.3431,22.4793],[79.3249,22.4308],[79.3541,22.351],[79.2888,22.3236],[79.334,22.2396],[79.3416,22.1622],[79.4086,22.0392],[79.2766,21.8322],[79.2394,21.7126]]]},"properties":{"name":"Seoni"}},
{"type":"Feature","geometry":{"type":"Polygon","coordinates":[[[77.2208,21.9038],[77.1401,21.9921],[77.0272,21.9889],[76.9075,21.9593],[76.843,22.0548],[76.8673,22.1215],[76.8301,22.1536],[76.8917,22.297],[76.7833,22.3419],[76.7445,22.2896],[76.6853,22.2941],[76.6061,22.403],[76.4997,22.4095],[76.4468,22.3405],[76.254,22.2875],[76.2115,22.3271],[76.1642,22.256],[76.1008,22.247],[76.0273,22.1945],[76.1242,22.1685],[76.1927,22.1131],[76.1898,22.0043],[76.1512,21.986],[76.1718,21.8837],[76.103,21.8527],[76.1265,21.7476],[76.1718,21.7189],[76.0625,21.6483],[76.0788,21.5697],[76.1472,21.5126],[76.245,21.563],[76.3461,21.5478],[76.4344,21.5813],[76.5103,21.5451],[76.6143,21.5605],[76.7847,21.5537],[76.7982,21.5956],[76.8948,21.5988],[77.0655,21.7131],[77.0874,21.77],[77.1892,21.7831],[77.1646,21.8556],[77.2208,21.9038]]]},"properties":{"name":"Khandwa (East Nimar)"}},
{"type":"Feature","geometry":{"type":"Polygon","coordinates":[[[80.5778,23.3494],[80.7108,23.3667],[80.7616,23.3179],[80.7277,23.2542],[80.851,23.2075],[80.9462,23.2742],[81.0321,23.1928],[81.1319,23.2033],[81.1338,23.3063],[81.2648,23.2004],[81.3161,23.2364],[81.3493,23.3282],[81.2275,23.6419],[81.2394,23.695],[81.1698,23.8133],[81.1693,23.8839],[81.1188,23.9767],[81.0623,23.9711],[80.9952,24.0886],[80.9482,24.0637],[80.8423,23.9459],[80.9024,23.8597],[80.9074,23.676],[80.8241,23.6675],[80.6953,23.7342],[80.6266,23.5916],[80.5633,23.5645],[80.5682,23.4644],[80.546,23.3896],[80.5778,23.3494]]]},"properties":{"name":"Umaria"}},
{"type":"Feature","geometry":{"type":"Polygon","coordinates":[[[77.6832,25.9102],[77.7976,25.8516],[77.924,25.7514],[78.0253,25.7138],[78.1625,25.7171],[78.279,25.7792],[78.3915,25.8351],[78.5443,25.9706],[78.6056,26.0438],[78.6288,26.1546],[78.4154,26.2923],[78.4233,26.3282],[78.2667,26.334],[78.1526,26.3386],[78.055,26.308],[77.9878,26.2475],[77.8226,26.2501],[77.7456,26.1582],[77.7782,26.0508],[77.7308,26.0437],[77.6704,25.9661],[77.6832,25.9102]]]},"properties":{"name":"Gwalior"}},
{"type":"Feature","geometry":{"type":"Polygon","coordinates":[[[79.962,23.6041],[79.9831,23.6801],[79.8299,23.6929],[79.8201,23.7391],[79.8653,23.8265],[79.8398,23.9273],[79.8454,24.0205],[79.7409,24.0439],[79.8365,24.1999],[79.8438,24.3122],[79.7971,24.3713],[79.5679,24.3878],[79.3994,24.3859],[79.4156,24.3478],[79.3843,24.1927],[79.3049,24.1787],[79.1487,24.099],[79.1898,24.0084],[79.1163,23.9679],[79.0951,23.9172],[79.1409,23.8528],[79.2925,23.7385],[79.3011,23.5596],[79.2851,23.4748],[79.1868,23.4313],[79.1938,23.3633],[79.2404,23.337],[79.192,23.2206],[79.3142,23.2104],[79.3725,23.1651],[79.5002,23.2591],[79.5574,23.2682],[79.6895,23.3473],[79.7428,23.4316],[79.8229,23.5079],[79.962,23.6041]]]},"properties":{"name":"Damoh"}},
{"type":"Feature","geometry":{"type":"Polygon","coordinates":[[[75.2446,23.1328],[75.1718,23.1015],[75.0089,23.1071],[75.0057,22.9107],[74.9398,22.7893],[74.8545,22.7441],[74.7649,22.7476],[74.7849,22.5782],[74.7508,22.5587],[74.7309,22.5505],[74.6842,22.3586],[74.6255,22.3264],[74.6515,22.2719],[74.5293,22.2341],[74.5017,22.1797],[74.5048,22.0423],[74.5694,22.02],[74.6752,22.0318],[74.7826,22.0766],[74.8398,22.06],[75.1903,22.1019],[75.3185,22.1313],[75.503,22.1537],[75.5356,22.2604],[75.506,22.3652],[75.5671,22.3735],[75.5598,22.5128],[75.6978,22.5928],[75.6576,22.636],[75.531,22.6283],[75.4924,22.7614],[75.4407,22.7712],[75.4395,22.8654],[75.3328,22.8376],[75.3381,23.0564],[75.3032,23.1247],[75.2446,23.1328]]]},"properties":{"name":"Dhar"}},
{"type":"Feature","geometry":{"type":"Polygon","coordinates":[[[80.546,23.3896],[80.5682,23.4644],[80.5633,23.5645],[80.6266,23.5916],[80.6953,23.7342],[80.8241,23.6675],[80.9074,23.676],[80.9024,23.8597],[80.8423,23.9459],[80.9482,24.0637],[80.7821,24.0645],[80.7402,24.1281],[80.5561,24.0459],[80.4705,23.9886],[80.3565,23.9671],[80.3088,23.9093],[80.2178,23.9564],[80.0536,23.9887],[80.0176,23.9741],[79.9604,23.8353],[79.8653,23.8265],[79.8201,23.7391],[79.8299,23.6929],[79.9831,23.6801],[79.962,23.6041],[80.0663,23.5637],[80.1198,23.583],[80.2551,23.5667],[80.242,23.4794],[80.3201,23.305],[80.546,23.3896]]]},"properties":{"name":"Katni"}},
{"type":"Feature","geometry":{"type":"Polygon","coordinates":[[[81.3123,24.3074],[81.3901,24.2613],[81.4941,24.2414],[81.4738,24.1776],[81.5282,24.0861],[81.4983,24.0033],[81.5438,23.9126],[81.607,23.8829],[81.6695,23.9239],[81.7105,23.8618],[81.8252,23.8054],[82.0086,23.8618],[82.0532,23.8194],[82.182,23.8186],[82.2125,23.847],[82.2294,23.9062],[82.131,24.0082],[81.9774,24.0407],[81.8393,24.1365],[81.8833,24.225],[81.9657,24.2436],[81.9998,24.3055],[82.076,24.3257],[82.1656,24.4252],[82.214,24.4419],[82.3713,24.5511],[82.3078,24.5906],[82.234,24.6076],[81.75,24.4928],[81.7057,24.4994],[81.5041,24.4202],[81.3499,24.3443],[81.3123,24.3074]]]},"properties":{"name":"Sidhi"}},
{"type":"Feature","geometry":{"type":"Polygon","coordinates":[[[74.5048,22.0423],[74.5017,22.1797],[74.5293,22.2341],[74.6515,22.2719],[74.6255,22.3264],[74.6842,22.3586],[74.7309,22.5505],[74.7508,22.5587],[74.67,22.5962],[74.5995,22.533],[74.4288,22.5825],[74.3793,22.6369],[74.2761,22.646],[74.2115,22.5659],[74.125,22.523],[74.064,22.5496],[74.1022,22.4321],[74.2348,22.4378],[74.2716,22.3915],[74.1883,22.3205],[74.069,22.359],[74.0702,22.2284],[74.1197,22.2116],[74.1294,22.0951],[74.1599,22.0593],[74.1025,21.9983],[74.145,21.9529],[74.1975,21.9244],[74.2868,21.9345],[74.3858,22.0187],[74.435,22.0275],[74.5048,22.0423]]]},"properties":{"name":"Alirajpur"}},
{"type":"Feature","geometry":{"type":"Polygon","coordinates":[[[82.3078,24.5906],[82.3713,24.5511],[82.214,24.4419],[82.1656,24.4252],[82.076,24.3257],[81.9998,24.3055],[81.9657,24.2436],[81.8833,24.225],[81.8393,24.1365],[81.9774,24.0407],[82.131,24.0082],[82.2294,23.9062],[82.2125,23.847],[82.2393,23.8067],[82.4776,23.8068],[82.4996,23.783],[82.556,23.8261],[82.6373,23.8351],[82.6632,23.9051],[82.7536,23.9171],[82.8053,23.961],[82.7687,24.0476],[82.6668,24.1208],[82.7461,24.1629],[82.7724,24.3463],[82.7347,24.4257],[82.7236,24.5527],[82.8092,24.5463],[82.776,24.6392],[82.7298,24.6327],[82.6661,24.6986],[82.5421,24.6453],[82.525,24.6734],[82.4302,24.6998],[82.3938,24.5955],[82.3016,24.604],[82.3078,24.5906]]]},"properties":{"name":"Singrauli"}},
{"type":"Feature","geometry":{"type":"Polygon","coordinates":[[[77.5204,23.5049],[77.5083,23.5662],[77.5759,23.6452],[77.6507,23.6903],[77.5649,23.7631],[77.4768,23.754],[77.4118,23.8055],[77.3794,23.8816],[77.3184,23.8892],[77.2287,23.8904],[77.2261,23.8106],[77.1689,23.6721],[77.2282,23.6508],[77.298,23.5716],[77.2905,23.4238],[77.2268,23.353],[77.186,23.2097],[77.2833,23.0914],[77.3817,23.07],[77.491,23.0928],[77.5636,23.1352],[77.5915,23.2908],[77.6256,23.3426],[77.504,23.4106],[77.5204,23.5049]]]},"properties":{"name":"Bhopal"}},
{"type":"Feature","geometry":{"type":"Polygon","coordinates":[[[77.1689,23.6721],[77.2261,23.8106],[77.2287,23.8904],[77.1678,23.9448],[77.1849,24.0767],[77.0278,24.0807],[76.9659,24.0595],[76.882,24.1321],[76.7956,24.1217],[76.6787,24.1893],[76.7071,24.2447],[76.6209,24.2587],[76.5216,24.1626],[76.4677,24.2249],[76.4186,24.2034],[76.3571,24.2449],[76.2194,24.2129],[76.2392,24.1269],[76.1926,24.0724],[76.2553,24.0385],[76.3036,23.9613],[76.2993,23.9019],[76.3851,23.8028],[76.4081,23.7036],[76.4437,23.564],[76.5284,23.5736],[76.6642,23.5299],[76.6953,23.4837],[76.7877,23.4692],[76.9176,23.5115],[77.052,23.4646],[77.141,23.5453],[77.1289,23.6142],[77.1689,23.6721]]]},"properties":{"name":"Rajgarh"}},
{"type":"Feature","geometry":{"type":"Polygon","coordinates":[[[79.9669,22.8506],[80.0727,22.7558],[80.1805,22.7603],[80.2722,22.7902],[80.2037,22.601],[80.1149,22.6241],[80.0372,22.6058],[80.052,22.4538],[80.0942,22.4052],[80.0999,22.3362],[80.1517,22.344],[80.2369,22.2992],[80.3206,22.3437],[80.4486,22.2437],[80.6477,22.2251],[80.7898,22.3116],[80.8148,22.3966],[80.8674,22.3769],[80.9154,22.2783],[81.0282,22.2677],[81.0457,22.2393],[81.12,22.2933],[81.1174,22.441],[81.1601,22.4647],[81.0906,22.5848],[80.9785,22.5234],[80.912,22.6111],[80.9393,22.6574],[80.8694,22.745],[80.8624,22.8397],[80.7606,22.8062],[80.548,22.8985],[80.5683,22.9793],[80.5301,23.084],[80.4636,23.1397],[80.3608,23.1366],[80.3311,23.0945],[80.2499,23.1487],[80.1512,23.0433],[80.0836,23.0744],[79.9944,23.0262],[80.0075,22.9769],[79.9669,22.8506]]]},"properties":{"name":"Mandla"}},
{"type":"Feature","geometry":{"type":"Polygon","coordinates":[[[77.052,23.4646],[76.9176,23.5115],[76.7877,23.4692],[76.6953,23.4837],[76.6642,23.5299],[76.5284,23.5736],[76.4437,23.564],[76.4081,23.7036],[76.2024,23.7059],[76.2366,23.5733],[76.1467,23.5657],[76.2136,23.5087],[76.2154,23.3824],[76.1747,23.2644],[76.1227,23.2406],[76.1655,23.2221],[76.416,23.2167],[76.5137,23.1781],[76.5427,23.1285],[76.7767,23.1695],[76.8242,23.1124],[76.8978,23.1341],[76.8911,23.2035],[76.9898,23.2834],[76.9904,23.3943],[77.052,23.4646]]]},"properties":{"name":"Shajapur"}},
{"type":"Feature","geometry":{"type":"Polygon","coordinates":[[[78.1749,24.8425],[78.1716,24.8664],[78.3347,24.9948],[78.3399,25.0884],[78.4503,25.124],[78.3619,25.2412],[78.3037,25.36],[78.4271,25.4855],[78.4447,25.5593],[78.3978,25.5759],[78.3803,25.6512],[78.2862,25.6981],[78.279,25.7792],[78.1625,25.7171],[78.0253,25.7138],[77.924,25.7514],[77.7976,25.8516],[77.6832,25.9102],[77.5929,25.8648],[77.5568,25.8093],[77.4312,25.8903],[77.4203,25.7807],[77.3417,25.7815],[77.279,25.7168],[77.2902,25.5284],[77.1811,25.509],[77.1161,25.3894],[77.0478,25.3384],[77.1631,25.3085],[77.2238,25.3329],[77.2764,25.4041],[77.3561,25.2669],[77.4129,25.2214],[77.393,25.1172],[77.3097,25.0794],[77.3731,24.9228],[77.4666,24.9281],[77.4808,24.8741],[77.5667,24.8691],[77.6152,24.9244],[77.6783,24.8607],[77.7412,24.8546],[77.8336,24.9983],[78.0175,24.9554],[77.9717,24.8697],[78.1167,24.8331],[78.1749,24.8425]]]},"properties":{"name":"Shivpuri"}},
{"type":"Feature","geometry":{"type":"Polygon","coordinates":[[[78.6288,26.1546],[78.6056,26.0438],[78.5443,25.9706],[78.3915,25.8351],[78.279,25.7792],[78.2862,25.6981],[78.3803,25.6512],[78.3978,25.5759],[78.4447,25.5593],[78.6565,25.5606],[78.6849,25.589],[78.8026,25.6125],[78.8194,25.6694],[78.7688,25.7156],[78.8492,25.8154],[78.8847,25.9104],[78.8003,25.9586],[78.775,26.0154],[78.8414,26.0927],[78.7924,26.2877],[78.6288,26.1546]]]},"properties":{"name":"Datia"}},
{"type":"Feature","geometry":{"type":"Polygon","coordinates":[[[75.9927,21.3743],[76.1,21.3721],[76.1606,21.2574],[76.1852,21.0884],[76.3846,21.078],[76.4547,21.1133],[76.4932,21.1962],[76.6257,21.1911],[76.6635,21.2807],[76.6283,21.328],[76.7348,21.407],[76.7946,21.488],[76.7847,21.5537],[76.6143,21.5605],[76.5103,21.5451],[76.4344,21.5813],[76.3461,21.5478],[76.245,21.563],[76.1472,21.5126],[76.0788,21.5697],[75.9513,21.5463],[75.9501,21.4868],[76.0095,21.4703],[75.9927,21.3743]]]},"properties":{"name":"Burhanpur"}},
{"type":"Feature","geometry":{"type":"Polygon","coordinates":[[[81.7261,22.6661],[81.733,22.6723],[81.7958,22.7645],[81.7769,22.8733],[81.864,22.8878],[81.9489,22.9582],[81.9232,23.0384],[82.1235,23.1036],[82.1586,23.1415],[82.1503,23.2251],[82.2007,23.3116],[82.1025,23.3979],[81.9788,23.4208],[81.9658,23.3513],[81.8427,23.2337],[81.7406,23.1851],[81.6104,23.1748],[81.5658,23.1185],[81.5959,23.0324],[81.5451,23.0019],[81.4937,23.0498],[81.3901,23.0513],[81.3191,23.0858],[81.3261,23.1307],[81.2648,23.2004],[81.1338,23.3063],[81.1319,23.2033],[81.1934,23.0971],[81.2525,23.0674],[81.1828,22.8944],[81.3105,22.8322],[81.4153,22.812],[81.4387,22.7511],[81.5634,22.726],[81.6788,22.7505],[81.7261,22.6661]]]},"properties":{"name":"Anuppur"}},
{"type":"Feature","geometry":{"type":"Polygon","coordinates":[[[80.9952,24.0886],[81.0623,23.9711],[81.1188,23.9767],[81.1693,23.8839],[81.1698,23.8133],[81.2394,23.695],[81.2275,23.6419],[81.3493,23.3282],[81.3161,23.2364],[81.2648,23.2004],[81.3261,23.1307],[81.3191,23.0858],[81.3901,23.0513],[81.4937,23.0498],[81.5451,23.0019],[81.5959,23.0324],[81.5658,23.1185],[81.6104,23.1748],[81.7406,23.1851],[81.8427,23.2337],[81.9658,23.3513],[81.9788,23.4208],[81.924,23.5311],[81.8381,23.5084],[81.8108,23.5469],[81.727,23.5549],[81.614,23.5077],[81.621,23.6596],[81.6977,23.7188],[81.6152,23.8346],[81.607,23.8829],[81.5438,23.9126],[81.4983,24.0033],[81.5282,24.0861],[81.4738,24.1776],[81.4941,24.2414],[81.3901,24.2613],[81.3461,24.1844],[81.2826,24.1879],[81.2047,24.1072],[81.111,24.1266],[80.9952,24.0886]]]},"properties":{"name":"Shahdol"}},
{"type":"Feature","geometry":{"type":"Polygon","coordinates":[[[77.6522,24.3116],[77.5974,24.2651],[77.3553,24.2123],[77.2622,24.0407],[77.3144,24.0048],[77.3184,23.8892],[77.3794,23.8816],[77.4118,23.8055],[77.4768,23.754],[77.5649,23.7631],[77.6507,23.6903],[77.5759,23.6452],[77.5083,23.5662],[77.5204,23.5049],[77.6523,23.4822],[77.7381,23.5343],[77.8114,23.4579],[77.9995,23.4112],[78.0869,23.4479],[78.1319,23.5247],[78.2291,23.5311],[78.296,23.672],[78.2411,23.712],[78.2973,23.8222],[78.2641,23.9412],[78.2805,24.0253],[78.217,24.0679],[78.1855,24.0078],[78.1195,24.0438],[78.1404,24.2092],[78.0826,24.2532],[78.0172,24.2338],[77.8864,24.2747],[77.8781,24.3117],[77.7215,24.2969],[77.6522,24.3116]]]},"properties":{"name":"Vidisha"}},
{"type":"Feature","geometry":{"type":"Polygon","coordinates":[[[76.2921,31.3071],[76.3966,31.4077],[76.4885,31.4398],[76.4598,31.4857],[76.3952,31.6198],[76.3147,31.7214],[76.1158,31.8051],[76.0484,31.8612],[75.9598,31.8559],[75.9487,31.8134],[76.0183,31.6439],[76.099,31.5349],[76.1716,31.402],[76.1875,31.3041],[76.2921,31.3071]]]},"properties":{"name":"Una"}},
{"type":"Feature","geometry":{"type":"Polygon","coordinates":[[[77.0193,30.7482],[77.1671,30.8446],[77.2469,30.9185],[77.1871,31.0088],[77.1067,31.0312],[77.0267,31.109],[77.0038,31.2975],[76.9216,31.3667],[76.8765,31.3535],[76.9287,31.3019],[76.8385,31.2317],[76.7334,31.2399],[76.6502,31.2095],[76.605,31.1795],[76.6383,31.1145],[76.6244,31.0006],[76.7395,30.9402],[76.7781,30.9068],[76.8699,30.8728],[76.9346,30.8832],[77.0127,30.7999],[77.0193,30.7482]]]},"properties":{"name":"Solan"}},
{"type":"Feature","geometry":{"type":"Polygon","coordinates":[[[77.0193,30.7482],[77.0942,30.7421],[77.1651,30.6856],[77.1623,30.5858],[77.1224,30.5627],[77.2132,30.4966],[77.4551,30.4006],[77.5157,30.4451],[77.5884,30.3776],[77.5807,30.3948],[77.8208,30.5048],[77.7444,30.5921],[77.7881,30.6213],[77.7091,30.7593],[77.6652,30.8012],[77.5878,30.776],[77.4936,30.7939],[77.412,30.9262],[77.4414,30.9756],[77.3744,31.022],[77.2469,30.9185],[77.1671,30.8446],[77.0193,30.7482]]]},"properties":{"name":"Sirmaur"}},
{"type":"Feature","geometry":{"type":"Polygon","coordinates":[[[78.674,32.0791],[78.6061,32.0522],[78.4447,32.0524],[78.4224,31.9375],[78.2019,31.9327],[78.1246,31.8671],[78.0841,31.7872],[78.0338,31.7606],[77.8674,31.783],[77.7533,31.7512],[77.7514,31.7135],[77.8255,31.6378],[77.8458,31.5271],[77.9033,31.4427],[77.9643,31.4022],[78.0893,31.4219],[78.1721,31.344],[78.2925,31.3235],[78.3134,31.2793],[78.3722,31.2825],[78.5008,31.1944],[78.5883,31.2186],[78.7494,31.1839],[78.7983,31.1929],[78.8917,31.0931],[78.999,31.1062],[78.9852,31.1718],[78.9227,31.2533],[78.856,31.3223],[78.8117,31.4475],[78.7376,31.5358],[78.8476,31.6101],[78.7963,31.6848],[78.751,31.6869],[78.7076,31.8018],[78.7374,31.8304],[78.7543,31.9993],[78.674,32.0791]]]},"properties":{"name":"Kinnaur"}},
{"type":"Feature","geometry":{"type":"Polygon","coordinates":[[[77.8674,31.783],[77.7703,31.9428],[77.8022,31.981],[77.7453,32.0912],[77.5672,32.1957],[77.4235,32.1942],[77.3457,32.2535],[77.309,32.3357],[77.1515,32.4156],[77.0754,32.3966],[77.0314,32.3064],[77.0392,32.2067],[76.9401,32.0624],[77.062,31.8557],[77.1681,31.8379],[77.2137,31.7308],[77.3065,31.6615],[77.3026,31.5571],[77.3873,31.361],[77.5323,31.3531],[77.6346,31.3971],[77.6329,31.4499],[77.7092,31.5012],[77.6568,31.578],[77.6494,31.6601],[77.7514,31.7135],[77.7533,31.7512],[77.8674,31.783]]]},"properties":{"name":"Kullu"}},
{"type":"Feature","geometry":{"type":"Polygon","coordinates":[[[75.9278,32.4083],[76.0206,32.3375],[76.0178,32.2905],[76.1851,32.232],[76.1613,32.3176],[76.2241,32.3951],[76.3566,32.3263],[76.4253,32.2641],[76.5909,32.2207],[76.6741,32.1786],[76.7739,32.2268],[76.7876,32.4059],[76.8661,32.4607],[76.884,32.5195],[76.6502,32.5799],[76.5944,32.642],[76.4272,32.6878],[76.378,32.8193],[76.5477,32.8125],[76.6132,32.8538],[76.6857,32.8537],[76.764,32.9293],[76.7739,33.0095],[76.7382,33.0749],[76.7485,33.1781],[76.6456,33.1613],[76.6005,33.2058],[76.4876,33.179],[76.4102,33.186],[76.2933,33.1034],[76.2186,33.0274],[76.1116,33.0044],[76.0349,32.9173],[75.9514,32.884],[75.8848,32.9302],[75.805,32.8934],[75.9298,32.7567],[75.9381,32.6476],[75.8532,32.5161],[75.9278,32.4083]]]},"properties":{"name":"Chamba"}},
{"type":"Feature","geometry":{"type":"Polygon","coordinates":[[[77.2469,30.9185],[77.3744,31.022],[77.4414,30.9756],[77.412,30.9262],[77.4936,30.7939],[77.5878,30.776],[77.6652,30.8012],[77.7091,30.7593],[77.8036,30.8902],[77.8442,30.9908],[77.8181,31.0471],[77.912,31.1504],[78.1048,31.1816],[78.161,31.2216],[78.2437,31.2255],[78.3134,31.2793],[78.2925,31.3235],[78.1721,31.344],[78.0893,31.4219],[77.9643,31.4022],[77.9033,31.4427],[77.8458,31.5271],[77.8255,31.6378],[77.7514,31.7135],[77.6494,31.6601],[77.6568,31.578],[77.7092,31.5012],[77.6329,31.4499],[77.6346,31.3971],[77.5323,31.3531],[77.3873,31.361],[77.3374,31.2979],[77.249,31.2539],[77.1333,31.2284],[77.0038,31.2975],[77.0267,31.109],[77.1067,31.0312],[77.1871,31.0088],[77.2469,30.9185]]]},"properties":{"name":"Shimla"}},
{"type":"Feature","geometry":{"type":"Polygon","coordinates":[[[76.3966,31.4077],[76.4428,31.3221],[76.6502,31.2095],[76.7334,31.2399],[76.8385,31.2317],[76.9287,31.3019],[76.8765,31.3535],[76.8813,31.4115],[76.8049,31.4223],[76.7918,31.4985],[76.741,31.5183],[76.7303,31.5861],[76.6227,31.5732],[76.615,31.4184],[76.4598,31.4857],[76.4885,31.4398],[76.3966,31.4077]]]},"properties":{"name":"Bilaspur"}},
{"type":"Feature","geometry":{"type":"Polygon","coordinates":[[[76.3147,31.7214],[76.3534,31.7931],[76.4622,31.805],[76.5691,31.8895],[76.6415,31.8743],[76.6948,31.9322],[76.6635,32.0303],[76.9401,32.0624],[77.0392,32.2067],[77.0314,32.3064],[77.0754,32.3966],[76.9533,32.4028],[76.8661,32.4607],[76.7876,32.4059],[76.7739,32.2268],[76.6741,32.1786],[76.5909,32.2207],[76.4253,32.2641],[76.3566,32.3263],[76.2241,32.3951],[76.1613,32.3176],[76.1851,32.232],[76.0178,32.2905],[76.0206,32.3375],[75.9278,32.4083],[75.8604,32.3785],[75.7527,32.2731],[75.6406,32.2358],[75.6715,32.1454],[75.6163,32.0933],[75.5945,32.0811],[75.6652,32.0764],[75.8109,31.9874],[75.9463,31.9294],[75.9598,31.8559],[76.0484,31.8612],[76.1158,31.8051],[76.3147,31.7214]]]},"properties":{"name":"Kangra"}},
{"type":"Feature","geometry":{"type":"Polygon","coordinates":[[[78.674,32.0791],[78.6137,32.1188],[78.6126,32.2121],[78.4819,32.2734],[78.4784,32.3329],[78.5367,32.4142],[78.4561,32.4522],[78.4005,32.5256],[78.3284,32.4718],[78.3148,32.5735],[78.4071,32.6192],[78.3899,32.758],[78.2022,32.6601],[78.1116,32.6584],[78.0539,32.5882],[77.9947,32.5883],[77.9214,32.6896],[77.9363,32.7535],[77.8797,32.8129],[77.7799,32.8617],[77.8087,32.9023],[77.7312,32.9688],[77.6049,32.937],[77.4736,32.8589],[77.3977,32.8782],[77.3747,32.8225],[77.2766,32.8738],[77.1691,32.9179],[77.1548,32.9782],[77.0169,32.9875],[76.9359,33.0319],[76.8958,33.1126],[76.8221,33.1542],[76.7811,33.2382],[76.7485,33.1781],[76.7382,33.0749],[76.7739,33.0095],[76.764,32.9293],[76.6857,32.8537],[76.6132,32.8538],[76.5477,32.8125],[76.378,32.8193],[76.4272,32.6878],[76.5944,32.642],[76.6502,32.5799],[76.884,32.5195],[76.8661,32.4607],[76.9533,32.4028],[77.0754,32.3966],[77.1515,32.4156],[77.309,32.3357],[77.3457,32.2535],[77.4235,32.1942],[77.5672,32.1957],[77.7453,32.0912],[77.8022,31.981],[77.7703,31.9428],[77.8674,31.783],[78.0338,31.7606],[78.0841,31.7872],[78.1246,31.8671],[78.2019,31.9327],[78.4224,31.9375],[78.4447,32.0524],[78.6061,32.0522],[78.674,32.0791]]]},"properties":{"name":"Lahul & Spiti"}},
{"type":"Feature","geometry":{"type":"Polygon","coordinates":[[[77.0038,31.2975],[77.1333,31.2284],[77.249,31.2539],[77.3374,31.2979],[77.3873,31.361],[77.3026,31.5571],[77.3065,31.6615],[77.2137,31.7308],[77.1681,31.8379],[77.062,31.8557],[76.9401,32.0624],[76.6635,32.0303],[76.6948,31.9322],[76.6415,31.8743],[76.622,31.7897],[76.6746,31.7318],[76.7303,31.5861],[76.741,31.5183],[76.7918,31.4985],[76.8049,31.4223],[76.8813,31.4115],[76.8765,31.3535],[76.9216,31.3667],[77.0038,31.2975]]]},"properties":{"name":"Mandi"}},
{"type":"Feature","geometry":{"type":"Polygon","coordinates":[[[76.4598,31.4857],[76.615,31.4184],[76.6227,31.5732],[76.7303,31.5861],[76.6746,31.7318],[76.622,31.7897],[76.6415,31.8743],[76.5691,31.8895],[76.4622,31.805],[76.3534,31.7931],[76.3147,31.7214],[76.3952,31.6198],[76.4598,31.4857]]]},"properties":{"name":"Hamirpur"}},
{"type":"Feature","geometry":{"type":"Polygon","coordinates":[[[77.8372,35.5022],[77.6147,35.469],[77.5131,35.4879],[77.3826,35.4758],[77.3846,35.5485],[77.4731,35.5204],[77.4386,35.6404],[77.3591,35.717],[77.2253,35.7143],[77.1202,35.7957],[76.9359,35.7833],[76.8125,35.8441],[76.7235,35.9527],[76.8026,36.0471],[76.7268,36.0777],[76.698,36.1351],[76.4825,36.2107],[76.4328,36.3074],[76.3532,36.3591],[76.2556,36.347],[76.174,36.3895],[76.0781,36.4735],[75.9242,36.5017],[75.7497,36.5873],[75.6174,36.7608],[75.4751,36.8099],[75.449,36.8795],[75.3461,37.0022],[75.2659,37.0511],[75.1368,36.9565],[75.0197,36.9756],[74.9119,36.9116],[74.8349,37.0241],[74.7293,37.0251],[74.7097,37.0768],[74.5333,36.986],[74.4336,37.0094],[74.311,36.9203],[74.1769,36.9143],[74.1336,36.8471],[74.0388,36.8251],[73.962,36.8425],[73.895,36.7751],[73.8079,36.7953],[73.7118,36.7635],[73.6232,36.793],[73.3916,36.805],[73.2589,36.7675],[73.0885,36.7615],[73.0511,36.597],[72.9471,36.5109],[72.8683,36.4971],[72.8667,36.4305],[72.7742,36.3561],[72.655,36.2928],[72.5732,36.291],[72.5214,36.2344],[72.5269,36.0799],[72.5662,36.0189],[72.5338,35.9328],[72.645,35.8789],[72.9076,35.8807],[73.0955,35.906],[73.1532,35.8684],[73.1604,35.7515],[73.2583,35.6765],[73.3489,35.6537],[73.4768,35.5773],[73.7714,35.5511],[73.7966,35.4949],[73.7175,35.4194],[73.7536,35.2635],[73.8208,35.2762],[74.1089,35.1729],[74.1179,35.1448],[74.0415,34.9212],[73.9819,34.8479],[73.8292,34.8088],[73.7513,34.8089],[73.6718,34.707],[73.6557,34.6063],[73.5784,34.622],[73.4469,34.5807],[73.4034,34.4436],[73.4252,34.3475],[73.485,34.2751],[73.5108,34.0026],[73.556,33.9084],[73.5559,33.6993],[73.5897,33.5585],[73.5576,33.3935],[73.6002,33.1669],[73.6328,33.1072],[73.8081,33.0231],[73.9865,32.989],[74.1388,32.889],[74.2878,32.8457],[74.3722,32.7652],[74.4607,32.7877],[74.416,32.8968],[74.3129,32.9322],[74.3357,32.9744],[74.3009,33.0315],[74.1948,33.0708],[74.1558,33.1367],[74.0691,33.1965],[74.0179,33.2693],[74.1308,33.3056],[74.1723,33.3541],[74.1882,33.4797],[74.1573,33.5441],[74.0289,33.586],[73.9796,33.738],[74.0678,33.8244],[74.157,33.8313],[74.2438,33.8877],[74.2655,33.9465],[74.2499,34.0151],[74.1348,34.0472],[74.0016,34.0216],[73.9214,34.0354],[73.9044,34.106],[74.0046,34.1961],[73.9075,34.3553],[73.771,34.3322],[73.7685,34.3858],[73.8546,34.4327],[73.9368,34.6416],[73.9861,34.7109],[74.1141,34.6644],[74.2472,34.7241],[74.2922,34.7812],[74.3485,34.7653],[74.5153,34.7824],[74.605,34.7674],[74.648,34.7087],[74.9404,34.6734],[75.0272,34.631],[75.0925,34.6601],[75.1768,34.6419],[75.2647,34.6361],[75.367,34.5442],[75.5373,34.5308],[75.675,34.5355],[75.7608,34.5131],[75.8616,34.5689],[75.9675,34.5949],[76.0279,34.6831],[76.1621,34.6334],[76.2964,34.7216],[76.4368,34.7646],[76.4919,34.7919],[76.5946,34.751],[76.6878,34.752],[76.7497,34.8355],[76.7503,34.9267],[76.8937,34.9648],[76.985,34.9459],[77.0177,35.0361],[77.089,35.0857],[77.2904,35.1441],[77.6141,35.3427],[77.8372,35.5022]]]},"properties":{"name":"DATA NOT AVAILABLE"}},
{"type":"Feature","geometry":{"type":"Polygon","coordinates":[[[75.1563,34.0707],[75.241,34.0059],[75.2061,33.8832],[75.081,33.8102],[75.1378,33.6835],[75.1188,33.614],[75.1597,33.5302],[75.3636,33.3655],[75.3985,33.3537],[75.4884,33.3978],[75.4803,33.4856],[75.5428,33.5927],[75.5113,33.6206],[75.5232,33.7098],[75.4432,33.8264],[75.4031,33.9296],[75.4549,34.0325],[75.5292,34.0472],[75.5433,34.1241],[75.6037,34.1962],[75.4918,34.2274],[75.338,34.1972],[75.2638,34.24],[75.1387,34.1707],[75.1163,34.1325],[75.1563,34.0707]]]},"properties":{"name":"Anantnag"}},
{"type":"Feature","geometry":{"type":"Polygon","coordinates":[[[74.2655,33.9465],[74.3204,33.9609],[74.3683,33.9035],[74.4758,33.8608],[74.5226,33.9474],[74.6323,34.0525],[74.7193,34.0761],[74.7268,34.1089],[74.7066,34.1238],[74.653,34.1399],[74.5193,34.2349],[74.5242,34.3265],[74.4142,34.349],[74.3408,34.2745],[74.1954,34.2445],[74.1688,34.1905],[74.0874,34.2119],[74.0046,34.1961],[73.9044,34.106],[73.9214,34.0354],[74.0016,34.0216],[74.1348,34.0472],[74.2499,34.0151],[74.2655,33.9465]]]},"properties":{"name":"Baramula"}},
{"type":"Feature","geometry":{"type":"Polygon","coordinates":[[[75.081,33.8102],[75.0595,33.7866],[75.0372,33.7272],[74.8792,33.6086],[74.7016,33.6598],[74.5934,33.6465],[74.5617,33.6653],[74.5451,33.5459],[74.5874,33.4714],[74.6391,33.4639],[74.7136,33.4924],[74.8104,33.4366],[74.963,33.4712],[75.0276,33.4516],[75.0813,33.5221],[75.1597,33.5302],[75.1188,33.614],[75.1378,33.6835],[75.081,33.8102]]]},"properties":{"name":"Kulgam"}},
{"type":"Feature","geometry":{"type":"Polygon","coordinates":[[[75.0595,33.7866],[74.8422,33.75],[74.737,33.7645],[74.5934,33.6465],[74.7016,33.6598],[74.8792,33.6086],[75.0372,33.7272],[75.0595,33.7866]]]},"properties":{"name":"Shupiyan"}},
{"type":"Feature","geometry":{"type":"Polygon","coordinates":[[[74.6391,33.4639],[74.6892,33.3243],[74.6544,33.2871],[74.6821,33.1692],[74.5744,33.1744],[74.631,33.0663],[74.5772,33.003],[74.7611,33.0309],[74.8986,32.9167],[75.001,33.0327],[75.0353,33.1369],[75.1062,33.184],[75.1402,33.2163],[75.1273,33.2999],[75.0492,33.3533],[75.0276,33.4516],[74.963,33.4712],[74.8104,33.4366],[74.7136,33.4924],[74.6391,33.4639]]]},"properties":{"name":"Reasi"}},
{"type":"Feature","geometry":{"type":"Polygon","coordinates":[[[74.3357,32.9744],[74.3681,32.9415],[74.5772,33.003],[74.631,33.0663],[74.5744,33.1744],[74.6821,33.1692],[74.6544,33.2871],[74.6892,33.3243],[74.6391,33.4639],[74.5874,33.4714],[74.532,33.4387],[74.4505,33.523],[74.3539,33.5305],[74.2411,33.4944],[74.2604,33.4473],[74.1723,33.3541],[74.1308,33.3056],[74.0179,33.2693],[74.0691,33.1965],[74.1558,33.1367],[74.1948,33.0708],[74.3009,33.0315],[74.3357,32.9744]]]},"properties":{"name":"Rajouri"}},
{"type":"Feature","geometry":{"type":"Polygon","coordinates":[[[74.4607,32.7877],[74.5349,32.7459],[74.6305,32.7674],[74.6964,32.6658],[74.6415,32.5996],[74.7294,32.4811],[74.8794,32.4929],[74.962,32.6996],[74.9136,32.7644],[74.9868,32.8034],[75.0871,32.7257],[75.1529,32.7673],[74.9576,32.9226],[74.8986,32.9167],[74.7611,33.0309],[74.5772,33.003],[74.3681,32.9415],[74.3357,32.9744],[74.3129,32.9322],[74.416,32.8968],[74.4607,32.7877]]]},"properties":{"name":"Jammu"}},
{"type":"Feature","geometry":{"type":"Polygon","coordinates":[[[78.4005,32.5256],[78.5362,32.6082],[78.6214,32.5963],[78.6628,32.6536],[78.7631,32.6546],[78.8277,32.4383],[78.9942,32.3448],[79.1155,32.3838],[79.1956,32.4826],[79.3211,32.5923],[79.4485,32.5321],[79.6273,32.7371],[79.4644,32.9196],[79.3839,32.9718],[79.3785,33.0786],[79.447,33.2053],[79.4478,33.2643],[79.2351,33.2974],[79.0978,33.2941],[78.9904,33.3324],[78.9338,33.4323],[78.941,33.526],[78.9175,33.6219],[79.0658,33.6263],[79.0926,33.679],[78.9056,33.9714],[78.941,34.0234],[79.0228,34.0504],[79.0845,34.0213],[79.1521,34.0676],[79.3991,34.0265],[79.4951,34.1794],[79.5846,34.2378],[79.56,34.4106],[79.5806,34.4893],[79.7944,34.4845],[79.8106,34.5307],[79.7762,34.627],[79.861,34.6881],[79.9449,34.6805],[80.0714,34.7191],[80.0843,34.8482],[80.1712,34.9882],[80.1838,35.1661],[80.229,35.2274],[80.3289,35.4719],[80.2917,35.6067],[80.1247,35.6734],[79.9995,35.837],[79.8714,35.7823],[79.7253,35.8053],[79.5187,35.8828],[79.4224,35.8958],[79.3872,35.9897],[79.2422,35.986],[79.1457,35.8412],[79.0284,35.8466],[78.9609,35.8919],[78.8049,35.8551],[78.6587,35.8532],[78.5218,35.7631],[78.4237,35.7846],[78.3866,35.7348],[78.2739,35.7212],[78.2075,35.6662],[78.1522,35.5775],[77.9671,35.5704],[77.9065,35.4686],[77.8372,35.5022],[77.6141,35.3427],[77.2904,35.1441],[77.089,35.0857],[77.0177,35.0361],[76.985,34.9459],[76.8937,34.9648],[76.7503,34.9267],[76.7497,34.8355],[76.6878,34.752],[76.5946,34.751],[76.4919,34.7919],[76.4368,34.7646],[76.4934,34.6612],[76.5457,34.6166],[76.5862,34.4392],[76.7391,34.3445],[76.68,34.156],[76.7016,34.0821],[76.6076,34.0618],[76.5349,33.9617],[76.536,33.8395],[76.6549,33.8619],[76.7395,33.7935],[76.9021,33.7829],[76.9503,33.7181],[77.1532,33.6896],[77.2146,33.634],[77.264,33.538],[77.3693,33.4908],[77.4426,33.5133],[77.522,33.4241],[77.4699,33.2817],[77.5083,33.2275],[77.4083,33.1988],[77.3951,33.0814],[77.3466,33.0735],[77.2778,32.9942],[77.3274,32.8961],[77.2766,32.8738],[77.3747,32.8225],[77.3977,32.8782],[77.4736,32.8589],[77.6049,32.937],[77.7312,32.9688],[77.8087,32.9023],[77.7799,32.8617],[77.8797,32.8129],[77.9363,32.7535],[77.9214,32.6896],[77.9947,32.5883],[78.0539,32.5882],[78.1116,32.6584],[78.2022,32.6601],[78.3899,32.758],[78.4071,32.6192],[78.3148,32.5735],[78.3284,32.4718],[78.4005,32.5256]]]},"properties":{"name":"Leh(Ladakh)"}},
{"type":"Feature","geometry":{"type":"Polygon","coordinates":[[[75.1163,34.1325],[75.0249,34.132],[74.8744,34.1758],[74.8028,34.1633],[74.7268,34.1089],[74.7193,34.0761],[74.9288,33.9898],[74.9695,33.9902],[75.08,34.0772],[75.1563,34.0707],[75.1163,34.1325]]]},"properties":{"name":"Srinagar"}},
{"type":"Feature","geometry":{"type":"Polygon","coordinates":[[[76.2186,33.0274],[76.2376,33.0594],[76.1689,33.1473],[76.0163,33.1031],[75.8485,33.1383],[75.7024,33.2436],[75.6069,33.2686],[75.5268,33.3855],[75.4884,33.3978],[75.3985,33.3537],[75.3958,33.2841],[75.3502,33.1835],[75.376,33.0693],[75.4808,32.9531],[75.5674,32.9668],[75.6611,32.9154],[75.6875,32.8713],[75.805,32.8934],[75.8848,32.9302],[75.9514,32.884],[76.0349,32.9173],[76.1116,33.0044],[76.2186,33.0274]]]},"properties":{"name":"Doda"}},
{"type":"Feature","geometry":{"type":"Polygon","coordinates":[[[75.1563,34.0707],[75.08,34.0772],[74.9695,33.9902],[74.9288,33.9898],[74.8127,33.7836],[74.737,33.7645],[74.8422,33.75],[75.0595,33.7866],[75.081,33.8102],[75.2061,33.8832],[75.241,34.0059],[75.1563,34.0707]]]},"properties":{"name":"Pulwama"}},
{"type":"Feature","geometry":{"type":"Polygon","coordinates":[[[75.1597,33.5302],[75.0813,33.5221],[75.0276,33.4516],[75.0492,33.3533],[75.1273,33.2999],[75.1402,33.2163],[75.1062,33.184],[75.376,33.0693],[75.3502,33.1835],[75.3958,33.2841],[75.3985,33.3537],[75.3636,33.3655],[75.1597,33.5302]]]},"properties":{"name":"Ramban"}},
{"type":"Feature","geometry":{"type":"Polygon","coordinates":[[[75.4918,34.2274],[75.4044,34.2737],[75.3533,34.3832],[75.2614,34.3499],[75.1944,34.3665],[75.1165,34.3346],[74.9859,34.4205],[74.9148,34.4428],[74.8794,34.3506],[74.7585,34.2784],[74.6927,34.3153],[74.6559,34.1819],[74.7066,34.1238],[74.7268,34.1089],[74.8028,34.1633],[74.8744,34.1758],[75.0249,34.132],[75.1163,34.1325],[75.1387,34.1707],[75.2638,34.24],[75.338,34.1972],[75.4918,34.2274]]]},"properties":{"name":"Ganderbal"}},
{"type":"Feature","geometry":{"type":"Polygon","coordinates":[[[74.8986,32.9167],[74.9576,32.9226],[75.1529,32.7673],[75.0871,32.7257],[75.1592,32.6725],[75.2874,32.6444],[75.4796,32.6886],[75.5083,32.7757],[75.5841,32.7653],[75.692,32.8069],[75.6875,32.8713],[75.6611,32.9154],[75.5674,32.9668],[75.4808,32.9531],[75.376,33.0693],[75.1062,33.184],[75.0353,33.1369],[75.001,33.0327],[74.8986,32.9167]]]},"properties":{"name":"Udhampur"}},
{"type":"Feature","geometry":{"type":"Polygon","coordinates":[[[74.4758,33.8608],[74.4714,33.7948],[74.5617,33.6653],[74.5934,33.6465],[74.737,33.7645],[74.8127,33.7836],[74.9288,33.9898],[74.7193,34.0761],[74.6323,34.0525],[74.5226,33.9474],[74.4758,33.8608]]]},"properties":{"name":"Badgam"}},
{"type":"Feature","geometry":{"type":"Polygon","coordinates":[[[74.1723,33.3541],[74.2604,33.4473],[74.2411,33.4944],[74.3539,33.5305],[74.4505,33.523],[74.532,33.4387],[74.5874,33.4714],[74.5451,33.5459],[74.5617,33.6653],[74.4714,33.7948],[74.4758,33.8608],[74.3683,33.9035],[74.3204,33.9609],[74.2655,33.9465],[74.2438,33.8877],[74.157,33.8313],[74.0678,33.8244],[73.9796,33.738],[74.0289,33.586],[74.1573,33.5441],[74.1882,33.4797],[74.1723,33.3541]]]},"properties":{"name":"Punch"}},
{"type":"Feature","geometry":{"type":"Polygon","coordinates":[[[74.0046,34.1961],[74.0874,34.2119],[74.1688,34.1905],[74.1954,34.2445],[74.3408,34.2745],[74.4142,34.349],[74.5017,34.4642],[74.5192,34.5958],[74.5153,34.7824],[74.3485,34.7653],[74.2922,34.7812],[74.2472,34.7241],[74.1141,34.6644],[73.9861,34.7109],[73.9368,34.6416],[73.8546,34.4327],[73.7685,34.3858],[73.771,34.3322],[73.9075,34.3553],[74.0046,34.1961]]]},"properties":{"name":"Kupwara"}},
{"type":"Feature","geometry":{"type":"Polygon","coordinates":[[[74.8794,32.4929],[74.9519,32.4465],[75.0237,32.4944],[75.1134,32.4583],[75.2079,32.5645],[75.3437,32.5931],[75.2874,32.6444],[75.1592,32.6725],[75.0871,32.7257],[74.9868,32.8034],[74.9136,32.7644],[74.962,32.6996],[74.8794,32.4929]]]},"properties":{"name":"Samba"}},
{"type":"Feature","geometry":{"type":"Polygon","coordinates":[[[74.5153,34.7824],[74.5192,34.5958],[74.5017,34.4642],[74.4142,34.349],[74.5242,34.3265],[74.5193,34.2349],[74.653,34.1399],[74.7066,34.1238],[74.6559,34.1819],[74.6927,34.3153],[74.7585,34.2784],[74.8794,34.3506],[74.9148,34.4428],[74.9859,34.4205],[75.1165,34.3346],[75.1944,34.3665],[75.2614,34.3499],[75.3533,34.3832],[75.3129,34.4222],[75.3387,34.516],[75.2231,34.5875],[75.1768,34.6419],[75.0925,34.6601],[75.0272,34.631],[74.9404,34.6734],[74.648,34.7087],[74.605,34.7674],[74.5153,34.7824]]]},"properties":{"name":"Bandipore"}},
{"type":"Feature","geometry":{"type":"Polygon","coordinates":[[[75.805,32.8934],[75.6875,32.8713],[75.692,32.8069],[75.5841,32.7653],[75.5083,32.7757],[75.4796,32.6886],[75.2874,32.6444],[75.3437,32.5931],[75.2079,32.5645],[75.1134,32.4583],[75.1521,32.4189],[75.3256,32.3352],[75.484,32.3175],[75.6091,32.3815],[75.7281,32.4177],[75.7626,32.4759],[75.8532,32.5161],[75.9381,32.6476],[75.9298,32.7567],[75.805,32.8934]]]},"properties":{"name":"Kathua"}},
{"type":"Feature","geometry":{"type":"Polygon","coordinates":[[[77.2766,32.8738],[77.3274,32.8961],[77.2778,32.9942],[77.3466,33.0735],[77.3951,33.0814],[77.4083,33.1988],[77.5083,33.2275],[77.4699,33.2817],[77.522,33.4241],[77.4426,33.5133],[77.3693,33.4908],[77.264,33.538],[77.2146,33.634],[77.1532,33.6896],[76.9503,33.7181],[76.9021,33.7829],[76.7395,33.7935],[76.6549,33.8619],[76.536,33.8395],[76.5349,33.9617],[76.6076,34.0618],[76.7016,34.0821],[76.68,34.156],[76.7391,34.3445],[76.5862,34.4392],[76.5457,34.6166],[76.4934,34.6612],[76.4368,34.7646],[76.2964,34.7216],[76.1621,34.6334],[76.0279,34.6831],[75.9675,34.5949],[75.8616,34.5689],[75.7608,34.5131],[75.675,34.5355],[75.5373,34.5308],[75.367,34.5442],[75.2647,34.6361],[75.1768,34.6419],[75.2231,34.5875],[75.3387,34.516],[75.3129,34.4222],[75.3533,34.3832],[75.4044,34.2737],[75.4918,34.2274],[75.6037,34.1962],[75.7043,34.1993],[75.6867,34.1386],[75.7482,34.05],[75.8529,33.9643],[75.9677,33.9529],[76.1327,33.8718],[76.1563,33.7905],[76.2636,33.7316],[76.2117,33.5202],[76.2989,33.545],[76.4994,33.4894],[76.6558,33.33],[76.7811,33.2382],[76.8221,33.1542],[76.8958,33.1126],[76.9359,33.0319],[77.0169,32.9875],[77.1548,32.9782],[77.1691,32.9179],[77.2766,32.8738]]]},"properties":{"name":"Kargil"}},
{"type":"Feature","geometry":{"type":"Polygon","coordinates":[[[76.7485,33.1781],[76.7811,33.2382],[76.6558,33.33],[76.4994,33.4894],[76.2989,33.545],[76.2117,33.5202],[76.2636,33.7316],[76.1563,33.7905],[76.1327,33.8718],[75.9677,33.9529],[75.8529,33.9643],[75.7482,34.05],[75.6867,34.1386],[75.7043,34.1993],[75.6037,34.1962],[75.5433,34.1241],[75.5292,34.0472],[75.4549,34.0325],[75.4031,33.9296],[75.4432,33.8264],[75.5232,33.7098],[75.5113,33.6206],[75.5428,33.5927],[75.4803,33.4856],[75.4884,33.3978],[75.5268,33.3855],[75.6069,33.2686],[75.7024,33.2436],[75.8485,33.1383],[76.0163,33.1031],[76.1689,33.1473],[76.2376,33.0594],[76.2186,33.0274],[76.2933,33.1034],[76.4102,33.186],[76.4876,33.179],[76.6005,33.2058],[76.6456,33.1613],[76.7485,33.1781]]]},"properties":{"name":"Kishtwar"}},
{"type":"Feature","geometry":{"type":"Polygon","coordinates":[[[72.7782,20.3377],[72.8846,20.3657],[72.9182,20.4229],[72.8518,20.4645],[72.8209,20.3675],[72.7782,20.3377]]]},"properties":{"name":"Daman"}},
{"type":"Feature","geometry":{"type":"Polygon","coordinates":[[[71.0081,20.7381],[70.92,20.7445],[70.8711,20.7079],[70.9939,20.7109],[71.0081,20.7381]]]},"properties":{"name":"Diu"}},
{"type":"Feature","geometry":{"type":"Polygon","coordinates":[[[71.6796,21.0006],[71.7601,21.0223],[71.899,21.1095],[71.9656,21.1241],[72.1223,21.2007],[72.1392,21.3453],[72.2141,21.4245],[72.3037,21.6192],[72.2491,21.8924],[72.2215,21.9455],[72.1261,22.058],[72.0607,22.1012],[71.9075,22.1252],[71.8578,22.0548],[71.8673,22.0116],[71.7486,22.0191],[71.6764,21.9437],[71.6669,21.8521],[71.6024,21.8147],[71.5916,21.6996],[71.5385,21.5534],[71.4795,21.4838],[71.5316,21.4449],[71.6146,21.44],[71.6217,21.3259],[71.5357,21.2934],[71.5195,21.1755],[71.6262,21.1081],[71.6796,21.0006]]]},"properties":{"name":"Bhavnagar"}},
{"type":"Feature","geometry":{"type":"MultiPolygon","coordinates":[[[[72.2215,21.9455],[72.2395,22.0604],[72.2848,22.08],[72.3122,22.1685],[72.357,22.2057],[72.3516,22.2912],[72.3963,22.3647],[72.3785,22.4723],[72.4416,22.5048],[72.4262,22.5611],[72.5083,22.6135],[72.5509,22.6721],[72.5248,22.798],[72.6515,22.8975],[72.7927,22.9082],[72.8421,22.9934],[72.7672,23.094],[72.6173,23.1179],[72.5173,23.1675],[72.4691,23.0602],[72.336,23.1075],[72.287,23.0748],[72.1885,23.144],[72.177,23.2674],[72.2655,23.3463],[72.2996,23.4137],[72.2461,23.439],[72.038,23.4579],[72.001,23.504],[71.9606,23.3937],[71.8758,23.3839],[71.9347,23.2675],[71.9917,23.2161],[71.9113,23.1813],[71.9162,23.0797],[72.0171,23.0566],[72.0215,22.9925],[71.9837,22.8174],[72.0022,22.7061],[72.0577,22.694],[72.0975,22.6056],[72.1701,22.57],[72.1625,22.4799],[72.0857,22.4377],[72.0324,22.5068],[71.9229,22.5216],[71.9243,22.4498],[71.8502,22.3687],[71.8568,22.261],[72.055,22.2501],[72.1609,22.1476],[72.0607,22.1012],[72.1261,22.058],[72.2215,21.9455]]],[[[72.3464,21.8034],[72.403,21.9297],[72.3984,21.9891],[72.3096,21.9791],[72.2942,21.9151],[72.3464,21.8034]]]]},"properties":{"name":"Ahmadabad"}},
{"type":"Feature","geometry":{"type":"Polygon","coordinates":[[[74.064,22.5496],[74.0381,22.5705],[73.9093,22.5081],[73.8109,22.5478],[73.7334,22.5155],[73.7552,22.3457],[73.732,22.2904],[73.6634,22.2853],[73.567,22.3272],[73.4932,22.2233],[73.5271,22.051],[73.657,22.0605],[73.6869,21.9855],[73.8096,21.9276],[73.8603,21.9504],[73.9451,21.8696],[74.145,21.9529],[74.1025,21.9983],[74.1599,22.0593],[74.1294,22.0951],[74.1197,22.2116],[74.0702,22.2284],[74.069,22.359],[74.1883,22.3205],[74.2716,22.3915],[74.2348,22.4378],[74.1022,22.4321],[74.064,22.5496]]]},"properties":{"name":"Chhota Udaipur"}},
{"type":"Feature","geometry":{"type":"Polygon","coordinates":[[[72.0607,22.1012],[72.1609,22.1476],[72.055,22.2501],[71.8568,22.261],[71.8502,22.3687],[71.7354,22.3611],[71.6442,22.3998],[71.5965,22.3506],[71.531,22.3437],[71.4348,22.2615],[71.4801,22.1847],[71.5056,22.0535],[71.3936,21.9786],[71.4655,21.9245],[71.4538,21.8658],[71.5916,21.6996],[71.6024,21.8147],[71.6669,21.8521],[71.6764,21.9437],[71.7486,22.0191],[71.8673,22.0116],[71.8578,22.0548],[71.9075,22.1252],[72.0607,22.1012]]]},"properties":{"name":"Batod"}},
{"type":"Feature","geometry":{"type":"Polygon","coordinates":[[[73.567,22.3272],[73.4866,22.3463],[73.4237,22.427],[73.3746,22.5535],[73.4172,22.6595],[73.3523,22.7897],[73.262,22.7675],[73.2701,22.6751],[73.2311,22.6344],[73.1587,22.5837],[73.0508,22.3651],[73.0641,22.3139],[73.0014,22.2586],[72.8424,22.2735],[72.7714,22.2384],[72.7588,22.1733],[72.8695,22.1561],[72.9086,22.067],[73.0529,21.9763],[73.0012,21.913],[73.1295,21.8762],[73.2116,21.8203],[73.3012,21.89],[73.3679,21.9282],[73.4345,21.9145],[73.4989,21.9684],[73.5271,22.051],[73.4932,22.2233],[73.567,22.3272]]]},"properties":{"name":"Vadodara"}},
{"type":"Feature","geometry":{"type":"Polygon","coordinates":[[[73.2743,23.0606],[73.3303,23.0827],[73.3776,23.1731],[73.3765,23.2376],[73.4592,23.2849],[73.5273,23.2859],[73.6157,23.3907],[73.63,23.4515],[73.6584,23.6219],[73.5682,23.6527],[73.3676,23.8139],[73.3839,23.9053],[73.2039,23.8225],[73.1389,23.7696],[73.1606,23.6492],[73.2099,23.6144],[73.1196,23.4629],[73.1334,23.3783],[73.0606,23.2547],[73.0157,23.2781],[72.9748,23.1674],[73.0164,23.1611],[73.1586,23.1898],[73.1749,23.1423],[73.2743,23.0606]]]},"properties":{"name":"Aravali"}},
{"type":"Feature","geometry":{"type":"Polygon","coordinates":[[[73.3839,23.9053],[73.4176,23.9228],[73.4114,24.0505],[73.324,24.0621],[73.243,24.0105],[73.221,24.098],[73.1204,24.1403],[73.0797,24.1851],[73.1133,24.2626],[73.1846,24.3348],[73.0824,24.3946],[73.0102,24.4827],[72.9782,24.4514],[72.9624,24.3515],[73.0311,24.2809],[72.9185,24.0374],[72.8664,24.0166],[72.817,23.9451],[72.7893,23.8335],[72.7988,23.7401],[72.8347,23.67],[72.803,23.5026],[72.7645,23.3532],[72.8626,23.3129],[72.9136,23.3193],[72.9361,23.2425],[73.0157,23.2781],[73.0606,23.2547],[73.1334,23.3783],[73.1196,23.4629],[73.2099,23.6144],[73.1606,23.6492],[73.1389,23.7696],[73.2039,23.8225],[73.3839,23.9053]]]},"properties":{"name":"Sabar Kantha"}},
{"type":"Feature","geometry":{"type":"Polygon","coordinates":[[[72.9624,24.3515],[72.8649,24.3664],[72.7289,24.3622],[72.655,24.4576],[72.5407,24.5083],[72.4604,24.4088],[72.3536,24.5545],[72.336,24.6251],[72.2255,24.6353],[72.1812,24.612],[72.08,24.6556],[72.0476,24.7087],[71.806,24.6255],[71.7788,24.6727],[71.6553,24.6374],[71.6103,24.675],[71.4817,24.6787],[71.3759,24.6268],[71.2903,24.6131],[71.3507,24.5179],[71.3318,24.3956],[71.3786,24.3322],[71.3073,24.3041],[71.338,24.1336],[71.3175,23.982],[71.6704,23.9708],[71.7546,23.8419],[71.9736,23.8924],[71.9163,23.9952],[72.0209,24.0188],[72.1657,24.0749],[72.3554,24.0253],[72.4796,23.9305],[72.567,23.9326],[72.6241,24.0411],[72.7364,24.0846],[72.7933,24.0821],[72.8664,24.0166],[72.9185,24.0374],[73.0311,24.2809],[72.9624,24.3515]]]},"properties":{"name":"Banas Kantha"}},
{"type":"Feature","geometry":{"type":"Polygon","coordinates":[[[72.001,23.504],[71.9709,23.5319],[71.8649,23.4754],[71.8078,23.4032],[71.7691,23.4709],[71.6156,23.504],[71.5374,23.4838],[71.5982,23.4319],[71.5859,23.3634],[71.6461,23.3327],[71.6195,23.2298],[71.6472,23.184],[71.5952,23.1378],[71.5352,23.1663],[71.4701,23.1467],[71.3062,23.1721],[71.3585,23.1221],[71.2968,23.0772],[71.3156,22.9897],[71.2243,22.8243],[71.1316,22.8351],[71.125,22.7564],[71.1634,22.6811],[71.1115,22.6398],[71.077,22.557],[71.1646,22.5013],[71.078,22.4044],[70.9836,22.4124],[71.0236,22.3298],[71.1062,22.2486],[71.157,22.1668],[71.22,22.2213],[71.2334,22.2772],[71.4348,22.2615],[71.531,22.3437],[71.5965,22.3506],[71.6442,22.3998],[71.7354,22.3611],[71.8502,22.3687],[71.9243,22.4498],[71.9229,22.5216],[72.0324,22.5068],[72.0857,22.4377],[72.1625,22.4799],[72.1701,22.57],[72.0975,22.6056],[72.0577,22.694],[72.0022,22.7061],[71.9837,22.8174],[72.0215,22.9925],[72.0171,23.0566],[71.9162,23.0797],[71.9113,23.1813],[71.9917,23.2161],[71.9347,23.2675],[71.8758,23.3839],[71.9606,23.3937],[72.001,23.504]]]},"properties":{"name":"Surendranagar"}},
{"type":"Feature","geometry":{"type":"Polygon","coordinates":[[[72.3963,22.3647],[72.3892,22.3157],[72.4677,22.2587],[72.5412,22.2811],[72.6565,22.2806],[72.7714,22.2384],[72.8424,22.2735],[73.0014,22.2586],[73.0641,22.3139],[73.0508,22.3651],[73.1587,22.5837],[73.2311,22.6344],[73.1323,22.7218],[73.0058,22.7156],[72.9713,22.6349],[72.8752,22.5814],[72.7973,22.6396],[72.6855,22.6286],[72.6915,22.5901],[72.6194,22.5132],[72.577,22.5041],[72.5083,22.6135],[72.4262,22.5611],[72.4416,22.5048],[72.3785,22.4723],[72.3963,22.3647]]]},"properties":{"name":"Anand"}},
{"type":"Feature","geometry":{"type":"Polygon","coordinates":[[[73.5271,22.051],[73.4989,21.9684],[73.4345,21.9145],[73.3679,21.9282],[73.3012,21.89],[73.3129,21.8266],[73.3689,21.801],[73.4122,21.7101],[73.4902,21.7034],[73.4854,21.6105],[73.4523,21.5231],[73.5632,21.4724],[73.6804,21.4709],[73.7009,21.3957],[73.8192,21.4003],[73.8859,21.4509],[73.9725,21.4609],[73.9833,21.5216],[73.8561,21.4952],[73.8185,21.6],[73.8812,21.6443],[73.8859,21.7099],[73.8283,21.8066],[73.9451,21.8696],[73.8603,21.9504],[73.8096,21.9276],[73.6869,21.9855],[73.657,22.0605],[73.5271,22.051]]]},"properties":{"name":"Narmada"}},
{"type":"Feature","geometry":{"type":"Polygon","coordinates":[[[71.5916,21.6996],[71.4538,21.8658],[71.4655,21.9245],[71.3936,21.9786],[71.3084,22.0424],[71.0601,21.9037],[71.0481,21.7564],[70.993,21.7318],[70.8954,21.7642],[70.827,21.7436],[70.7947,21.6658],[70.8633,21.6012],[70.895,21.5353],[70.8329,21.4926],[70.9493,21.3975],[70.8708,21.375],[70.8927,21.2695],[70.827,21.2626],[70.8356,21.1889],[71.0056,21.169],[71.1271,21.0772],[71.1988,20.9791],[71.2093,20.8014],[71.3215,20.8467],[71.4627,20.8813],[71.5194,20.951],[71.6796,21.0006],[71.6262,21.1081],[71.5195,21.1755],[71.5357,21.2934],[71.6217,21.3259],[71.6146,21.44],[71.5316,21.4449],[71.4795,21.4838],[71.5385,21.5534],[71.5916,21.6996]]]},"properties":{"name":"Amreli"}},
{"type":"Feature","geometry":{"type":"Polygon","coordinates":[[[74.3214,23.0608],[74.2483,23.1766],[74.1813,23.1505],[74.1252,23.1772],[74.1345,23.2631],[74.0009,23.3348],[73.962,23.2213],[73.9899,23.1604],[73.9075,23.0474],[73.8826,22.8675],[73.8223,22.7788],[73.8507,22.753],[73.8293,22.6566],[73.856,22.5643],[73.8109,22.5478],[73.9093,22.5081],[74.0381,22.5705],[74.064,22.5496],[74.125,22.523],[74.2115,22.5659],[74.2761,22.646],[74.3793,22.6369],[74.4015,22.7289],[74.4636,22.8132],[74.4616,22.9115],[74.3801,22.9081],[74.3694,22.9782],[74.3214,23.0608]]]},"properties":{"name":"Dohad"}},
{"type":"Feature","geometry":{"type":"Polygon","coordinates":[[[71.4348,22.2615],[71.2334,22.2772],[71.22,22.2213],[71.157,22.1668],[71.1062,22.2486],[71.0236,22.3298],[70.9836,22.4124],[70.8676,22.4651],[70.7422,22.3847],[70.7042,22.4128],[70.6243,22.5516],[70.5639,22.5978],[70.497,22.4749],[70.4754,22.3761],[70.5229,22.2458],[70.5763,22.2386],[70.586,22.1682],[70.5229,22.0484],[70.4163,22.029],[70.3303,22.049],[70.2171,21.9653],[70.2168,21.9081],[70.0989,21.8481],[70.0766,21.7328],[70.1494,21.6622],[70.3029,21.5875],[70.4382,21.659],[70.722,21.611],[70.7947,21.6658],[70.827,21.7436],[70.8954,21.7642],[70.993,21.7318],[71.0481,21.7564],[71.0601,21.9037],[71.3084,22.0424],[71.3936,21.9786],[71.5056,22.0535],[71.4801,22.1847],[71.4348,22.2615]]]},"properties":{"name":"Rajkot"}},
{"type":"Feature","geometry":{"type":"MultiPolygon","coordinates":[[[[71.2903,24.6131],[71.1894,24.6488],[71.0973,24.6888],[70.9882,24.5961],[70.9999,24.4483],[71.1035,24.4371],[71.0422,24.3496],[70.9852,24.3633],[70.8758,24.2946],[70.8061,24.2194],[70.6438,24.2231],[70.5829,24.2781],[70.5732,24.4194],[70.1099,24.291],[70.0678,24.198],[70.0254,24.1696],[69.731,24.1697],[69.5936,24.291],[69.5119,24.2684],[69.3127,24.2799],[69.1942,24.2348],[69.0963,24.2718],[68.9833,24.2272],[68.9451,24.3003],[68.8567,24.2138],[68.8292,24.3141],[68.7727,24.2988],[68.7533,23.9711],[68.5965,23.963],[68.5592,23.9236],[68.4847,23.9997],[68.375,23.991],[68.3217,23.9227],[68.2097,23.8768],[68.1794,23.7411],[68.2187,23.6519],[68.1993,23.5951],[68.2714,23.571],[68.3657,23.6219],[68.4137,23.713],[68.4889,23.7226],[68.5893,23.8416],[68.7863,23.8829],[68.7525,23.8326],[68.6505,23.805],[68.6275,23.7434],[68.5519,23.723],[68.4861,23.5843],[68.4868,23.5331],[68.5483,23.3894],[68.634,23.3345],[68.6362,23.2425],[68.588,23.2191],[68.7626,23.0781],[69.0231,22.9426],[69.1965,22.8389],[69.3147,22.8325],[69.4838,22.7729],[69.5477,22.7867],[69.7145,22.7349],[69.7486,22.8118],[69.9569,22.8929],[70.1062,22.91],[70.2204,22.9561],[70.3333,22.9303],[70.4332,22.9785],[70.5421,22.9596],[70.5554,23.0185],[70.6871,23.1146],[70.7796,23.1593],[70.8324,23.1261],[70.9847,23.1733],[71.0462,23.1713],[71.1398,23.2094],[71.2159,23.1497],[71.3062,23.1721],[71.4701,23.1467],[71.5352,23.1663],[71.5952,23.1378],[71.6472,23.184],[71.6195,23.2298],[71.6461,23.3327],[71.5859,23.3634],[71.5982,23.4319],[71.5374,23.4838],[71.378,23.6451],[71.3048,23.6469],[71.2132,23.7541],[71.0928,23.6847],[71.0559,23.779],[71.1016,23.9011],[71.2132,23.9308],[71.2659,23.9218],[71.3175,23.982],[71.338,24.1336],[71.3073,24.3041],[71.3786,24.3322],[71.3318,24.3956],[71.3507,24.5179],[71.2903,24.6131]]],[[[70.5377,22.9238],[70.4332,22.9601],[70.3812,22.9058],[70.2766,22.7364],[70.3713,22.6958],[70.387,22.8067],[70.4709,22.8381],[70.5377,22.9238]]]]},"properties":{"name":"Kachchh"}},
{"type":"Feature","geometry":{"type":"Polygon","coordinates":[[[73.5003,20.8188],[73.4683,20.7218],[73.4805,20.6757],[73.6195,20.6211],[73.6303,20.5794],[73.7421,20.5673],[73.8407,20.6233],[73.8371,20.7019],[73.9354,20.7685],[73.94,20.8397],[73.8911,20.9326],[73.7971,20.9582],[73.7517,21.0043],[73.5476,21.0058],[73.4967,20.9176],[73.5003,20.8188]]]},"properties":{"name":"The Dangs"}},
{"type":"Feature","geometry":{"type":"Polygon","coordinates":[[[72.336,23.1075],[72.4284,23.1434],[72.4135,23.2756],[72.475,23.3014],[72.5039,23.3829],[72.5899,23.4591],[72.5975,23.5208],[72.6903,23.5539],[72.803,23.5026],[72.8347,23.67],[72.7988,23.7401],[72.7893,23.8335],[72.817,23.9451],[72.8664,24.0166],[72.7933,24.0821],[72.7364,24.0846],[72.6241,24.0411],[72.567,23.9326],[72.4796,23.9305],[72.2994,23.8547],[72.317,23.7542],[72.2384,23.643],[72.1006,23.5715],[72.0141,23.6318],[71.9582,23.5913],[71.9709,23.5319],[72.001,23.504],[72.038,23.4579],[72.2461,23.439],[72.2996,23.4137],[72.2655,23.3463],[72.177,23.2674],[72.1885,23.144],[72.287,23.0748],[72.336,23.1075]]]},"properties":{"name":"Mahesana"}},
{"type":"Feature","geometry":{"type":"Polygon","coordinates":[[[71.3175,23.982],[71.2659,23.9218],[71.2132,23.9308],[71.1016,23.9011],[71.0559,23.779],[71.0928,23.6847],[71.2132,23.7541],[71.3048,23.6469],[71.378,23.6451],[71.5374,23.4838],[71.6156,23.504],[71.7691,23.4709],[71.8078,23.4032],[71.8649,23.4754],[71.9709,23.5319],[71.9582,23.5913],[72.0141,23.6318],[72.1006,23.5715],[72.2384,23.643],[72.317,23.7542],[72.2994,23.8547],[72.4796,23.9305],[72.3554,24.0253],[72.1657,24.0749],[72.0209,24.0188],[71.9163,23.9952],[71.9736,23.8924],[71.7546,23.8419],[71.6704,23.9708],[71.3175,23.982]]]},"properties":{"name":"Patan"}},
{"type":"Feature","geometry":{"type":"Polygon","coordinates":[[[72.7588,22.1733],[72.5998,22.2163],[72.5481,22.1539],[72.5125,22.0445],[72.5,21.9049],[72.618,21.8695],[72.5363,21.7843],[72.5082,21.6754],[72.7112,21.6791],[72.6387,21.6186],[72.6163,21.5509],[72.6667,21.5138],[72.6669,21.428],[72.7306,21.4669],[72.842,21.4041],[72.9258,21.4216],[72.9438,21.5111],[73.0406,21.5247],[73.1222,21.4824],[73.2154,21.5025],[73.4024,21.5072],[73.4523,21.5231],[73.4854,21.6105],[73.4902,21.7034],[73.4122,21.7101],[73.3689,21.801],[73.3129,21.8266],[73.3012,21.89],[73.2116,21.8203],[73.1295,21.8762],[73.0012,21.913],[73.0529,21.9763],[72.9086,22.067],[72.8695,22.1561],[72.7588,22.1733]]]},"properties":{"name":"Bharuch"}},
{"type":"Feature","geometry":{"type":"Polygon","coordinates":[[[71.0081,20.7381],[71.1479,20.7579],[71.2093,20.8014],[71.1988,20.9791],[71.1271,21.0772],[71.0056,21.169],[70.8356,21.1889],[70.7792,21.1646],[70.6578,21.2677],[70.5703,21.2856],[70.5501,21.1794],[70.4913,21.1476],[70.4078,21.0586],[70.3051,21.0104],[70.2296,20.9999],[70.358,20.9054],[70.5868,20.7819],[70.6716,20.7605],[70.8215,20.6941],[70.8711,20.7079],[70.92,20.7445],[71.0081,20.7381]]]},"properties":{"name":"Gir Somnath"}},
{"type":"Feature","geometry":{"type":"Polygon","coordinates":[[[70.7947,21.6658],[70.722,21.611],[70.4382,21.659],[70.3029,21.5875],[70.1494,21.6622],[70.0353,21.6267],[69.9826,21.5309],[70.0016,21.4732],[69.9443,21.3693],[70.0162,21.2789],[69.9825,21.2269],[70.1001,21.105],[70.2296,20.9999],[70.3051,21.0104],[70.4078,21.0586],[70.4913,21.1476],[70.5501,21.1794],[70.5703,21.2856],[70.6578,21.2677],[70.7792,21.1646],[70.8356,21.1889],[70.827,21.2626],[70.8927,21.2695],[70.8708,21.375],[70.9493,21.3975],[70.8329,21.4926],[70.895,21.5353],[70.8633,21.6012],[70.7947,21.6658]]]},"properties":{"name":"Junagadh"}},
{"type":"Feature","geometry":{"type":"Polygon","coordinates":[[[69.6992,22.4209],[69.6578,22.3608],[69.5625,22.3565],[69.3387,22.309],[69.2806,22.2696],[69.2006,22.2677],[69.1569,22.3147],[69.2009,22.4018],[69.074,22.3916],[69.0112,22.4416],[68.9372,22.3125],[68.9529,22.2494],[69.0569,22.1281],[69.2823,21.8967],[69.3747,21.828],[69.5372,21.8917],[69.5826,21.9453],[69.7182,21.9748],[69.6591,21.8696],[69.8152,21.8234],[69.9084,21.8462],[69.9296,21.9512],[69.8733,22.0047],[69.8569,22.0903],[69.8082,22.1359],[69.7675,22.2248],[69.7505,22.3234],[69.6992,22.4209]]]},"properties":{"name":"Devbhumi Dwarka"}},
{"type":"Feature","geometry":{"type":"Polygon","coordinates":[[[73.5003,20.8188],[73.3859,20.8251],[73.3192,20.8819],[73.3038,20.8174],[73.1991,20.8606],[73.0951,20.9369],[73.0193,21.059],[72.8744,21.0561],[72.813,21.0255],[72.7235,21.0585],[72.752,20.9465],[72.7894,20.8995],[72.8516,20.7323],[73.0376,20.7034],[73.0756,20.6005],[73.2168,20.6042],[73.2614,20.5818],[73.4087,20.6265],[73.4683,20.7218],[73.5003,20.8188]]]},"properties":{"name":"Navsari"}},
{"type":"Feature","geometry":{"type":"Polygon","coordinates":[[[73.4523,21.5231],[73.4024,21.5072],[73.2154,21.5025],[73.1222,21.4824],[73.0406,21.5247],[72.9438,21.5111],[72.9258,21.4216],[72.842,21.4041],[72.7306,21.4669],[72.6669,21.428],[72.6048,21.3223],[72.6205,21.2302],[72.6139,21.0899],[72.7235,21.0585],[72.813,21.0255],[72.8744,21.0561],[73.0193,21.059],[73.0951,20.9369],[73.1991,20.8606],[73.3038,20.8174],[73.3192,20.8819],[73.2914,20.9298],[73.2153,20.9549],[73.2049,21.0744],[73.2552,21.0918],[73.2844,21.1939],[73.3669,21.2209],[73.3671,21.265],[73.4508,21.2834],[73.4572,21.384],[73.5173,21.3549],[73.7009,21.3957],[73.6804,21.4709],[73.5632,21.4724],[73.4523,21.5231]]]},"properties":{"name":"Surat"}},
{"type":"Feature","geometry":{"type":"Polygon","coordinates":[[[70.5639,22.5978],[70.6161,22.6534],[70.6162,22.7651],[70.6472,22.8596],[70.5377,22.9238],[70.4709,22.8381],[70.387,22.8067],[70.3713,22.6958],[70.2766,22.7364],[70.1681,22.5526],[70.0361,22.558],[69.9441,22.5323],[69.8791,22.4488],[69.7988,22.3935],[69.6992,22.4209],[69.7505,22.3234],[69.7675,22.2248],[69.8082,22.1359],[69.8569,22.0903],[69.8733,22.0047],[69.9296,21.9512],[69.9084,21.8462],[69.8152,21.8234],[69.8192,21.7408],[69.992,21.8085],[70.0227,21.7083],[70.0766,21.7328],[70.0989,21.8481],[70.2168,21.9081],[70.2171,21.9653],[70.3303,22.049],[70.4163,22.029],[70.5229,22.0484],[70.586,22.1682],[70.5763,22.2386],[70.5229,22.2458],[70.4754,22.3761],[70.497,22.4749],[70.5639,22.5978]]]},"properties":{"name":"Jamnagar"}},
{"type":"Feature","geometry":{"type":"Polygon","coordinates":[[[73.7009,21.3957],[73.5173,21.3549],[73.4572,21.384],[73.4508,21.2834],[73.3671,21.265],[73.3669,21.2209],[73.2844,21.1939],[73.2552,21.0918],[73.2049,21.0744],[73.2153,20.9549],[73.2914,20.9298],[73.3192,20.8819],[73.3859,20.8251],[73.5003,20.8188],[73.4967,20.9176],[73.5476,21.0058],[73.7517,21.0043],[73.7971,20.9582],[73.8911,20.9326],[73.852,20.9973],[73.7928,21.0679],[73.6305,21.1325],[73.8174,21.1715],[73.8271,21.267],[73.9439,21.2969],[73.9575,21.3924],[74.0741,21.457],[74.219,21.458],[74.3026,21.4783],[74.2884,21.5577],[74.2017,21.5282],[74.1519,21.5511],[74.0202,21.5514],[73.9833,21.5216],[73.9725,21.4609],[73.8859,21.4509],[73.8192,21.4003],[73.7009,21.3957]]]},"properties":{"name":"Tapi"}},
{"type":"Feature","geometry":{"type":"Polygon","coordinates":[[[70.0766,21.7328],[70.0227,21.7083],[69.992,21.8085],[69.8192,21.7408],[69.8152,21.8234],[69.6591,21.8696],[69.7182,21.9748],[69.5826,21.9453],[69.5372,21.8917],[69.3747,21.828],[69.7067,21.5367],[69.9825,21.2269],[70.0162,21.2789],[69.9443,21.3693],[70.0016,21.4732],[69.9826,21.5309],[70.0353,21.6267],[70.1494,21.6622],[70.0766,21.7328]]]},"properties":{"name":"Porbandar"}},
{"type":"Feature","geometry":{"type":"Polygon","coordinates":[[[72.7782,20.3377],[72.7395,20.2437],[72.7278,20.1295],[72.7915,20.1264],[72.8745,20.2278],[72.9609,20.2134],[72.9365,20.2945],[73.0368,20.2934],[73.1132,20.3337],[73.1686,20.3131],[73.093,20.2298],[73.1725,20.2032],[73.2077,20.1228],[73.2511,20.1254],[73.303,20.2078],[73.4223,20.2067],[73.4072,20.382],[73.4688,20.4953],[73.4738,20.5838],[73.4087,20.6265],[73.2614,20.5818],[73.2168,20.6042],[73.0756,20.6005],[73.0376,20.7034],[72.8516,20.7323],[72.8948,20.5978],[72.885,20.5099],[72.8518,20.4645],[72.9182,20.4229],[72.8846,20.3657],[72.7782,20.3377]]]},"properties":{"name":"Valsad"}},
{"type":"Feature","geometry":{"type":"Polygon","coordinates":[[[72.8421,22.9934],[72.9294,23.0776],[73.0124,23.0871],[73.0164,23.1611],[72.9748,23.1674],[73.0157,23.2781],[72.9361,23.2425],[72.9136,23.3193],[72.8626,23.3129],[72.7645,23.3532],[72.803,23.5026],[72.6903,23.5539],[72.5975,23.5208],[72.5899,23.4591],[72.5039,23.3829],[72.475,23.3014],[72.4135,23.2756],[72.4284,23.1434],[72.336,23.1075],[72.4691,23.0602],[72.5173,23.1675],[72.6173,23.1179],[72.7672,23.094],[72.8421,22.9934]]]},"properties":{"name":"Gandhinagar"}},
{"type":"Feature","geometry":{"type":"Polygon","coordinates":[[[73.2743,23.0606],[73.2433,23.0163],[73.2612,22.9246],[73.4208,22.9366],[73.4744,22.9871],[73.5849,22.9843],[73.6713,23.0991],[73.7231,23.0598],[73.8117,23.1079],[73.9075,23.0474],[73.9899,23.1604],[73.962,23.2213],[74.0009,23.3348],[73.9605,23.38],[73.8921,23.3358],[73.8247,23.4456],[73.63,23.4515],[73.6157,23.3907],[73.5273,23.2859],[73.4592,23.2849],[73.3765,23.2376],[73.3776,23.1731],[73.3303,23.0827],[73.2743,23.0606]]]},"properties":{"name":"Mahisagar"}},
{"type":"Feature","geometry":{"type":"Polygon","coordinates":[[[71.3062,23.1721],[71.2159,23.1497],[71.1398,23.2094],[71.0462,23.1713],[70.9847,23.1733],[70.8324,23.1261],[70.7796,23.1593],[70.6871,23.1146],[70.5554,23.0185],[70.5421,22.9596],[70.4332,22.9785],[70.4332,22.9601],[70.5377,22.9238],[70.6472,22.8596],[70.6162,22.7651],[70.6161,22.6534],[70.5639,22.5978],[70.6243,22.5516],[70.7042,22.4128],[70.7422,22.3847],[70.8676,22.4651],[70.9836,22.4124],[71.078,22.4044],[71.1646,22.5013],[71.077,22.557],[71.1115,22.6398],[71.1634,22.6811],[71.125,22.7564],[71.1316,22.8351],[71.2243,22.8243],[71.3156,22.9897],[71.2968,23.0772],[71.3585,23.1221],[71.3062,23.1721]]]},"properties":{"name":"Morbi"}},
{"type":"Feature","geometry":{"type":"Polygon","coordinates":[[[73.8109,22.5478],[73.856,22.5643],[73.8293,22.6566],[73.8507,22.753],[73.8223,22.7788],[73.8826,22.8675],[73.9075,23.0474],[73.8117,23.1079],[73.7231,23.0598],[73.6713,23.0991],[73.5849,22.9843],[73.4744,22.9871],[73.4208,22.9366],[73.3523,22.7897],[73.4172,22.6595],[73.3746,22.5535],[73.4237,22.427],[73.4866,22.3463],[73.567,22.3272],[73.6634,22.2853],[73.732,22.2904],[73.7552,22.3457],[73.7334,22.5155],[73.8109,22.5478]]]},"properties":{"name":"Panch Mahals"}},
{"type":"Feature","geometry":{"type":"Polygon","coordinates":[[[72.5083,22.6135],[72.577,22.5041],[72.6194,22.5132],[72.6915,22.5901],[72.6855,22.6286],[72.7973,22.6396],[72.8752,22.5814],[72.9713,22.6349],[73.0058,22.7156],[73.1323,22.7218],[73.2311,22.6344],[73.2701,22.6751],[73.262,22.7675],[73.3523,22.7897],[73.4208,22.9366],[73.2612,22.9246],[73.2433,23.0163],[73.2743,23.0606],[73.1749,23.1423],[73.1586,23.1898],[73.0164,23.1611],[73.0124,23.0871],[72.9294,23.0776],[72.8421,22.9934],[72.7927,22.9082],[72.6515,22.8975],[72.5248,22.798],[72.5509,22.6721],[72.5083,22.6135]]]},"properties":{"name":"Kheda"}},
{"type":"Feature","geometry":{"type":"Polygon","coordinates":[[[72.9609,20.2134],[72.9948,20.119],[73.1277,20.0861],[73.2077,20.1228],[73.1725,20.2032],[73.093,20.2298],[73.1686,20.3131],[73.1132,20.3337],[73.0368,20.2934],[72.9365,20.2945],[72.9609,20.2134]]]},"properties":{"name":"Dadra & Nagar Haveli"}},
{"type":"Feature","geometry":{"type":"Polygon","coordinates":[[[80.0524,15.02],[80.0525,15.1118],[80.0834,15.1851],[80.1097,15.3447],[80.2047,15.472],[80.2519,15.6341],[80.3268,15.7344],[80.4392,15.8086],[80.379,15.9869],[80.3064,16.0545],[80.232,16.0327],[80.1518,16.0452],[80.1022,16.0099],[80.0547,16.1167],[79.8757,16.1627],[79.9218,16.0791],[79.8722,16.026],[79.9251,15.9656],[79.8877,15.9208],[79.8103,15.942],[79.7682,15.8974],[79.705,15.8996],[79.5671,15.9559],[79.5836,16.0223],[79.5591,16.1626],[79.5562,16.3057],[79.4642,16.3116],[79.2259,16.1821],[79.2004,16.2307],[79.0283,16.252],[78.9161,16.1986],[78.9214,16.1166],[78.9337,16.0707],[78.9023,15.9652],[78.8132,15.8757],[78.7756,15.6797],[78.7742,15.4073],[78.7435,15.2424],[78.7701,15.1867],[78.8235,15.2091],[78.9305,15.2029],[79.0582,15.1429],[79.0768,15.0557],[79.1314,15.1027],[79.2561,15.1093],[79.5636,15.044],[79.7443,15.0327],[79.7824,14.9767],[79.8584,14.9548],[79.9116,15.0068],[80.0524,15.02]]]},"properties":{"name":"Prakasam"}},
{"type":"Feature","geometry":{"type":"Polygon","coordinates":[[[80.8679,17.06],[80.8323,17.0469],[80.693,17.0776],[80.569,17.1466],[80.5054,17.1098],[80.4551,17.0256],[80.4515,16.9537],[80.5932,16.9355],[80.5637,16.8339],[80.572,16.7721],[80.4655,16.7991],[80.4319,16.8382],[80.3282,16.8796],[80.271,17.019],[80.2043,17.0262],[80.0545,16.9734],[80.0004,16.8714],[80.0785,16.822],[80.1485,16.7564],[80.1547,16.6577],[80.2235,16.6223],[80.3344,16.625],[80.4839,16.5978],[80.6731,16.4716],[80.8098,16.2857],[80.8695,16.1433],[80.9056,16.0012],[80.9064,15.9243],[80.852,15.8199],[80.9237,15.7222],[81.003,15.7528],[80.9996,15.8336],[81.1435,15.9752],[81.2213,16.2133],[81.2652,16.2772],[81.395,16.3422],[81.5411,16.3493],[81.4378,16.4142],[81.3401,16.5146],[81.3528,16.6062],[81.2339,16.6537],[81.011,16.5621],[80.9552,16.6612],[80.9927,16.6819],[81.0392,16.7985],[80.9402,16.9474],[80.9646,17.0417],[80.8679,17.06]]]},"properties":{"name":"Krishna"}},
{"type":"Feature","geometry":{"type":"Polygon","coordinates":[[[82.5484,17.2524],[82.5539,17.3924],[82.6042,17.4635],[82.5609,17.5092],[82.4568,17.5135],[82.4117,17.4735],[82.3321,17.5289],[82.3472,17.5799],[82.2174,17.6388],[82.1283,17.6551],[82.0277,17.6321],[82.0388,17.7169],[81.868,17.7548],[81.9777,17.8429],[82.0315,17.9376],[81.9817,18.0146],[81.8097,17.9449],[81.767,17.9022],[81.8031,17.8531],[81.6834,17.7761],[81.6318,17.7717],[81.5118,17.5989],[81.5071,17.4993],[81.567,17.453],[81.659,17.3225],[81.6898,17.1751],[81.7726,17.0535],[81.7753,16.9039],[81.7488,16.8142],[81.8661,16.6084],[81.8533,16.5256],[81.7519,16.4372],[81.7063,16.4397],[81.7069,16.3157],[81.9458,16.3956],[82.319,16.5874],[82.2339,16.7248],[82.309,16.7426],[82.316,16.8485],[82.2452,16.9091],[82.3028,17.0385],[82.4475,17.1784],[82.5484,17.2524]]]},"properties":{"name":"East Godavari"}},
{"type":"Feature","geometry":{"type":"Polygon","coordinates":[[[82.5484,17.2524],[82.706,17.3438],[82.9916,17.4728],[83.0227,17.5078],[83.213,17.591],[83.3458,17.7254],[83.4884,17.9247],[83.4286,17.9419],[83.3974,18.0527],[83.3145,18.0224],[83.2334,17.9462],[83.2308,17.8697],[83.1443,17.8446],[83.1051,17.9324],[83,18.0008],[83.0909,18.0951],[83.1481,18.2594],[83.2008,18.1962],[83.274,18.2258],[83.2684,18.2758],[83.1729,18.3102],[83.074,18.4026],[82.9847,18.3644],[82.8074,18.4485],[82.7754,18.3403],[82.5976,18.2659],[82.6092,18.375],[82.5442,18.4171],[82.5314,18.5125],[82.4374,18.4935],[82.3694,18.4185],[82.3413,18.2247],[82.3449,18.0565],[82.2668,18.0441],[82.0333,18.0667],[81.9817,18.0146],[82.0315,17.9376],[81.9777,17.8429],[81.868,17.7548],[82.0388,17.7169],[82.0277,17.6321],[82.1283,17.6551],[82.2174,17.6388],[82.3472,17.5799],[82.3321,17.5289],[82.4117,17.4735],[82.4568,17.5135],[82.5609,17.5092],[82.6042,17.4635],[82.5539,17.3924],[82.5484,17.2524]]]},"properties":{"name":"Visakhapatnam"}},
{"type":"Feature","geometry":{"type":"Polygon","coordinates":[[[79.0768,15.0557],[79.0721,14.9716],[79.1773,14.7148],[79.1833,14.6154],[79.2367,14.5889],[79.2909,14.4859],[79.4145,14.2973],[79.4402,14.1293],[79.4366,14.0349],[79.4569,13.9216],[79.5895,13.9196],[79.6352,13.8441],[79.6823,13.9239],[79.7319,13.9024],[79.7627,13.809],[79.8533,13.7682],[79.8719,13.7086],[79.9496,13.7087],[79.9736,13.6474],[80.047,13.5765],[80.0423,13.5376],[80.2421,13.469],[80.2685,13.5634],[80.234,13.656],[80.2532,13.7809],[80.1467,14.043],[80.1273,14.1734],[80.1685,14.3514],[80.1951,14.5767],[80.1084,14.7515],[80.0524,15.02],[79.9116,15.0068],[79.8584,14.9548],[79.7824,14.9767],[79.7443,15.0327],[79.5636,15.044],[79.2561,15.1093],[79.1314,15.1027],[79.0768,15.0557]]]},"properties":{"name":"Sri Potti Sriramulu Nellore"}},
{"type":"Feature","geometry":{"type":"Polygon","coordinates":[[[79.4366,14.0349],[79.3858,14.05],[79.3846,13.9548],[79.4275,13.7839],[79.3117,13.7245],[79.2275,13.7577],[79.2187,13.8108],[79.151,13.861],[78.8831,13.8981],[78.8001,13.8798],[78.5889,13.9117],[78.5465,13.9912],[78.4717,13.9938],[78.2778,13.8928],[78.2303,13.7812],[78.1278,13.7867],[78.0897,13.6602],[78.1656,13.6587],[78.1991,13.5666],[78.3908,13.5918],[78.382,13.4017],[78.366,13.366],[78.5123,13.2884],[78.5785,13.2831],[78.5806,13.1679],[78.5202,13.131],[78.5161,13.0642],[78.4614,13.0372],[78.4695,12.9747],[78.3569,12.9393],[78.3146,12.8584],[78.2525,12.8585],[78.2322,12.7638],[78.2391,12.7005],[78.3804,12.6235],[78.4097,12.6253],[78.4698,12.674],[78.5645,12.709],[78.5941,12.7827],[78.5945,12.7849],[78.5949,12.7869],[78.6377,12.931],[78.6322,12.9857],[78.7144,13.068],[78.8129,13.0876],[78.9919,13.0889],[79.1654,13.0202],[79.1869,13.0373],[79.239,13.1475],[79.2865,13.1339],[79.4333,13.1977],[79.42,13.2508],[79.4458,13.3385],[79.5485,13.3244],[79.5782,13.2629],[79.6814,13.2956],[79.6841,13.2495],[79.8133,13.3182],[79.9385,13.35],[79.9747,13.4653],[80.0423,13.5376],[80.047,13.5765],[79.9736,13.6474],[79.9496,13.7087],[79.8719,13.7086],[79.8533,13.7682],[79.7627,13.809],[79.7319,13.9024],[79.6823,13.9239],[79.6352,13.8441],[79.5895,13.9196],[79.4569,13.9216],[79.4366,14.0349]]]},"properties":{"name":"Chittoor"}},
{"type":"Feature","geometry":{"type":"Polygon","coordinates":[[[83.6745,18.0834],[83.728,18.1168],[84.0709,18.2755],[84.1274,18.3135],[84.1535,18.3762],[84.356,18.5568],[84.4917,18.74],[84.5528,18.7927],[84.6113,18.8974],[84.6751,18.9568],[84.7676,19.0812],[84.6681,19.1314],[84.604,19.0294],[84.5606,19.057],[84.4369,19.0107],[84.4228,18.9475],[84.3395,18.802],[84.2241,18.7971],[84.0733,18.7615],[84.0149,18.8138],[83.8778,18.8279],[83.7959,19.0168],[83.7487,18.9928],[83.7781,18.9107],[83.8218,18.8592],[83.7481,18.7755],[83.6721,18.8053],[83.5258,18.7004],[83.5452,18.6713],[83.5195,18.56],[83.6062,18.5628],[83.5674,18.4129],[83.6083,18.3261],[83.7014,18.2823],[83.6083,18.2092],[83.6191,18.1276],[83.6745,18.0834]]]},"properties":{"name":"Srikakulam"}},
{"type":"Feature","geometry":{"type":"Polygon","coordinates":[[[78.9214,16.1166],[78.8807,16.1179],[78.816,16.0539],[78.7469,16.0287],[78.6111,16.1037],[78.5545,16.0634],[78.413,16.0879],[78.2658,16.012],[78.25,15.944],[78.2037,15.9192],[78.1717,15.856],[78.1081,15.8348],[77.8941,15.9024],[77.8055,15.8717],[77.6896,15.8801],[77.515,15.9267],[77.4331,15.9476],[77.2538,15.9621],[77.0813,15.915],[77.0288,15.8347],[77.0685,15.8286],[77.0518,15.7305],[77.0862,15.6585],[77.0318,15.635],[77.043,15.3647],[77.1532,15.2919],[77.1582,15.138],[77.1982,15.1594],[77.2945,15.1313],[77.3665,15.2222],[77.5273,15.2238],[77.5828,15.1889],[77.663,15.2327],[77.7942,15.1048],[77.8889,15.1761],[78.0259,15.1152],[78.0201,15.0262],[78.1448,14.9463],[78.2273,14.9493],[78.2969,15.0738],[78.4137,14.9648],[78.4307,15.0349],[78.5292,15.0333],[78.5156,14.9693],[78.5521,14.9342],[78.6367,14.9245],[78.7192,14.9664],[78.7633,15.0392],[78.7701,15.1867],[78.7435,15.2424],[78.7742,15.4073],[78.7756,15.6797],[78.8132,15.8757],[78.9023,15.9652],[78.9337,16.0707],[78.9214,16.1166]]]},"properties":{"name":"Kurnool"}},
{"type":"Feature","geometry":{"type":"Polygon","coordinates":[[[80.4392,15.8086],[80.5542,15.8558],[80.7072,15.8806],[80.7687,15.8633],[80.827,15.7123],[80.9237,15.7222],[80.852,15.8199],[80.9064,15.9243],[80.9056,16.0012],[80.8695,16.1433],[80.8098,16.2857],[80.6731,16.4716],[80.4839,16.5978],[80.3344,16.625],[80.2235,16.6223],[80.1547,16.6577],[80.1485,16.7564],[80.0785,16.822],[80.0567,16.7536],[79.9514,16.6412],[79.8705,16.7065],[79.7835,16.7376],[79.687,16.6964],[79.5056,16.6383],[79.4349,16.5903],[79.2743,16.569],[79.2386,16.5269],[79.2197,16.3706],[79.2335,16.2581],[79.2004,16.2307],[79.2259,16.1821],[79.4642,16.3116],[79.5562,16.3057],[79.5591,16.1626],[79.5836,16.0223],[79.5671,15.9559],[79.705,15.8996],[79.7682,15.8974],[79.8103,15.942],[79.8877,15.9208],[79.9251,15.9656],[79.8722,16.026],[79.9218,16.0791],[79.8757,16.1627],[80.0547,16.1167],[80.1022,16.0099],[80.1518,16.0452],[80.232,16.0327],[80.3064,16.0545],[80.379,15.9869],[80.4392,15.8086]]]},"properties":{"name":"Guntur"}},
{"type":"Feature","geometry":{"type":"Polygon","coordinates":[[[83.4884,17.9247],[83.574,18.0144],[83.6745,18.0834],[83.6191,18.1276],[83.6083,18.2092],[83.7014,18.2823],[83.6083,18.3261],[83.5674,18.4129],[83.6062,18.5628],[83.5195,18.56],[83.5452,18.6713],[83.5258,18.7004],[83.6721,18.8053],[83.7481,18.7755],[83.8218,18.8592],[83.7781,18.9107],[83.6644,19.0836],[83.612,19.1014],[83.4823,19.009],[83.3484,19.0175],[83.3211,18.9752],[83.4057,18.8615],[83.274,18.7659],[83.1409,18.7812],[83.059,18.6631],[83.0196,18.6479],[83.0406,18.557],[83.0966,18.542],[83.0246,18.457],[83.074,18.4026],[83.1729,18.3102],[83.2684,18.2758],[83.274,18.2258],[83.2008,18.1962],[83.1481,18.2594],[83.0909,18.0951],[83,18.0008],[83.1051,17.9324],[83.1443,17.8446],[83.2308,17.8697],[83.2334,17.9462],[83.3145,18.0224],[83.3974,18.0527],[83.4286,17.9419],[83.4884,17.9247]]]},"properties":{"name":"Vizianagaram"}},
{"type":"Feature","geometry":{"type":"Polygon","coordinates":[[[78.4717,13.9938],[78.4436,14.0239],[78.4656,14.114],[78.4106,14.2087],[78.4263,14.2804],[78.3021,14.308],[78.1519,14.3748],[77.9971,14.5021],[78.0477,14.5396],[78.1178,14.6954],[78.0568,14.7778],[78.1174,14.8569],[78.1448,14.9463],[78.0201,15.0262],[78.0259,15.1152],[77.8889,15.1761],[77.7942,15.1048],[77.663,15.2327],[77.5828,15.1889],[77.5273,15.2238],[77.3665,15.2222],[77.2945,15.1313],[77.1982,15.1594],[77.1582,15.138],[77.1151,15.035],[76.9719,15.0194],[76.8815,15.0348],[76.8015,15.0967],[76.7615,14.989],[76.8693,14.9702],[76.8388,14.7913],[76.7762,14.6802],[76.7659,14.6027],[76.8049,14.5343],[76.8693,14.4814],[76.9792,14.4852],[76.8887,14.3972],[76.9438,14.2472],[77.0103,14.2388],[77.1164,14.2289],[77.1183,14.2949],[77.288,14.3387],[77.2865,14.2837],[77.3664,14.2771],[77.402,14.3369],[77.5068,14.2685],[77.518,14.1802],[77.397,14.1732],[77.4029,14.1115],[77.3453,14.0618],[77.3909,14.0155],[77.4268,13.9032],[77.3559,13.9047],[77.3208,14.0328],[77.1412,14.0058],[77.1279,14.0498],[77.0302,14.0607],[77.0261,14.18],[76.8974,14.1661],[76.9525,14.0926],[76.9373,14.0301],[77.0425,13.9332],[76.9756,13.8178],[77.0421,13.7771],[77.1739,13.7627],[77.1692,13.8234],[77.2579,13.8476],[77.4342,13.8381],[77.4707,13.7521],[77.4579,13.6844],[77.6228,13.7691],[77.7371,13.8107],[77.8366,13.8697],[77.8172,13.9316],[77.9598,13.9372],[77.9872,13.9027],[78.1155,13.8632],[78.1278,13.7867],[78.2303,13.7812],[78.2778,13.8928],[78.4717,13.9938]]]},"properties":{"name":"Anantapur"}},
{"type":"Feature","geometry":{"type":"Polygon","coordinates":[[[81.5411,16.3493],[81.7069,16.3157],[81.7063,16.4397],[81.7519,16.4372],[81.8533,16.5256],[81.8661,16.6084],[81.7488,16.8142],[81.7753,16.9039],[81.7726,17.0535],[81.6898,17.1751],[81.659,17.3225],[81.567,17.453],[81.5071,17.4993],[81.4427,17.3843],[81.3943,17.3645],[81.3393,17.4013],[81.2762,17.3293],[81.1993,17.3365],[81.1719,17.2419],[80.9942,17.1885],[80.9144,17.2102],[80.9185,17.1515],[80.8641,17.1204],[80.8679,17.06],[80.9646,17.0417],[80.9402,16.9474],[81.0392,16.7985],[80.9927,16.6819],[80.9552,16.6612],[81.011,16.5621],[81.2339,16.6537],[81.3528,16.6062],[81.3401,16.5146],[81.4378,16.4142],[81.5411,16.3493]]]},"properties":{"name":"West Godavari"}},
{"type":"Feature","geometry":{"type":"Polygon","coordinates":[[[78.7701,15.1867],[78.7633,15.0392],[78.7192,14.9664],[78.6367,14.9245],[78.5521,14.9342],[78.5156,14.9693],[78.5292,15.0333],[78.4307,15.0349],[78.4137,14.9648],[78.2969,15.0738],[78.2273,14.9493],[78.1448,14.9463],[78.1174,14.8569],[78.0568,14.7778],[78.1178,14.6954],[78.0477,14.5396],[77.9971,14.5021],[78.1519,14.3748],[78.3021,14.308],[78.4263,14.2804],[78.4106,14.2087],[78.4656,14.114],[78.4436,14.0239],[78.4717,13.9938],[78.5465,13.9912],[78.5889,13.9117],[78.8001,13.8798],[78.8831,13.8981],[79.151,13.861],[79.2187,13.8108],[79.2275,13.7577],[79.3117,13.7245],[79.4275,13.7839],[79.3846,13.9548],[79.3858,14.05],[79.4366,14.0349],[79.4402,14.1293],[79.4145,14.2973],[79.2909,14.4859],[79.2367,14.5889],[79.1833,14.6154],[79.1773,14.7148],[79.0721,14.9716],[79.0768,15.0557],[79.0582,15.1429],[78.9305,15.2029],[78.8235,15.2091],[78.7701,15.1867]]]},"properties":{"name":"Kadapa(YSR)"}},
{"type":"Feature","geometry":{"type":"Polygon","coordinates":[[[86.7994,23.8329],[86.8509,23.8234],[86.9015,23.8814],[87.0893,23.8075],[87.1351,23.8531],[87.2508,23.8588],[87.2972,23.8923],[87.2965,23.9578],[87.2374,24.0266],[87.1698,24.0325],[87.0517,24.1336],[86.979,24.1098],[86.943,24.0449],[86.8815,24.0752],[86.7877,24.0721],[86.7843,24.1356],[86.681,24.1807],[86.5683,24.1829],[86.457,24.0227],[86.5793,23.9995],[86.7691,23.8764],[86.7994,23.8329]]]},"properties":{"name":"Jamtara"}},
{"type":"Feature","geometry":{"type":"Polygon","coordinates":[[[86.2398,22.9965],[86.1837,23.0148],[86.1212,23.0965],[86.0425,23.1464],[85.9206,23.1323],[85.8948,23.1545],[85.8074,23.0535],[85.8695,22.9126],[85.6575,22.9382],[85.581,22.9067],[85.5165,22.809],[85.6485,22.8498],[85.7016,22.8078],[85.7265,22.6857],[85.8279,22.7198],[85.9099,22.6039],[85.8989,22.5269],[85.9662,22.4824],[86.0672,22.5523],[86.1567,22.6371],[86.159,22.7487],[86.1972,22.9694],[86.2398,22.9965]]]},"properties":{"name":"Saraikela-Kharsawan"}},
{"type":"Feature","geometry":{"type":"Polygon","coordinates":[[[84.2945,22.7732],[84.239,22.6909],[84.1567,22.6368],[84.0872,22.6389],[84.0119,22.5719],[84.0094,22.5233],[84.1442,22.4697],[84.2009,22.3747],[84.2959,22.3403],[84.4324,22.3551],[84.5124,22.4192],[84.6386,22.4317],[84.7502,22.4179],[84.8076,22.4469],[84.8865,22.4209],[85.0687,22.4817],[85.0799,22.571],[85.0433,22.6808],[85.0587,22.7352],[84.9787,22.7855],[84.8834,22.7422],[84.7946,22.7543],[84.7323,22.8016],[84.6961,22.7422],[84.5258,22.7424],[84.4592,22.7942],[84.3398,22.7465],[84.2945,22.7732]]]},"properties":{"name":"Simdega"}},
{"type":"Feature","geometry":{"type":"Polygon","coordinates":[[[84.008,23.6333],[84.0194,23.509],[83.9768,23.4486],[83.974,23.3753],[84.0773,23.3312],[84.1941,23.3248],[84.2605,23.3786],[84.2518,23.4517],[84.3267,23.4948],[84.319,23.579],[84.3646,23.6079],[84.5051,23.6878],[84.5792,23.6512],[84.6189,23.6946],[84.7353,23.6387],[84.7811,23.5545],[84.8861,23.5579],[84.9636,23.7141],[84.9382,23.7293],[84.9493,23.8746],[84.9228,23.9509],[84.759,23.9674],[84.6789,24.0112],[84.584,23.9864],[84.5672,23.9273],[84.4858,23.8951],[84.4492,23.9592],[84.3485,23.9499],[84.3094,23.8635],[84.1817,23.9334],[84.0626,23.857],[84.0245,23.7988],[83.9888,23.7347],[84.0517,23.6695],[84.008,23.6333]]]},"properties":{"name":"Latehar"}},
{"type":"Feature","geometry":{"type":"Polygon","coordinates":[[[85.581,22.9067],[85.6441,23.0243],[85.6008,23.1036],[85.4731,23.1108],[85.4519,23.163],[85.2965,23.1836],[85.2261,23.2581],[85.1559,23.2701],[85.0465,23.1776],[85.0413,23.0873],[84.9458,23.0069],[84.9577,22.8371],[84.9787,22.7855],[85.0587,22.7352],[85.0433,22.6808],[85.0799,22.571],[85.1684,22.8351],[85.2003,22.8148],[85.3422,22.8854],[85.4577,22.8021],[85.5165,22.809],[85.581,22.9067]]]},"properties":{"name":"Khunti"}},
{"type":"Feature","geometry":{"type":"Polygon","coordinates":[[[85.5165,22.809],[85.4577,22.8021],[85.3422,22.8854],[85.2003,22.8148],[85.1684,22.8351],[85.0799,22.571],[85.0687,22.4817],[85.1114,22.2948],[85.0316,22.1578],[85.05,22.1146],[85.2167,22.0473],[85.2369,22.0045],[85.2801,22.0842],[85.3691,22.1586],[85.4162,22.1601],[85.5968,22.0788],[85.6776,22.0559],[85.7845,22.0407],[85.7898,21.9832],[85.8872,21.9795],[85.9569,22.0362],[86.032,22.1896],[85.9752,22.2476],[86.0138,22.2968],[86.0269,22.3858],[85.9662,22.4824],[85.8989,22.5269],[85.9099,22.6039],[85.8279,22.7198],[85.7265,22.6857],[85.7016,22.8078],[85.6485,22.8498],[85.5165,22.809]]]},"properties":{"name":"Pashchimi Singhbhum"}},
{"type":"Feature","geometry":{"type":"MultiPolygon","coordinates":[[[[85.8477,24.2755],[85.6834,24.2877],[85.6541,24.327],[85.5383,24.3432],[85.4822,24.302],[85.426,24.3416],[85.3477,24.2741],[85.2734,24.1975],[85.1725,24.2198],[85.1441,24.1666],[85.2319,24.0274],[85.1608,23.9376],[85.0801,23.9646],[85.0287,23.8962],[85.058,23.7096],[85.1072,23.6643],[85.2377,23.6861],[85.3378,23.7003],[85.4061,23.6488],[85.4631,23.7228],[85.4323,23.7904],[85.5608,23.8672],[85.632,23.942],[85.7459,23.9274],[85.8381,23.8299],[85.9193,23.9562],[85.8139,24.0424],[85.6811,24.062],[85.7313,24.2065],[85.8522,24.2246],[85.8477,24.2755]]],[[[85.3342,24.2982],[85.3504,24.3513],[85.3346,24.4736],[85.2887,24.4977],[85.0875,24.3813],[85.0918,24.3244],[85.2813,24.3242],[85.3342,24.2982]]]]},"properties":{"name":"Hazaribagh"}},
{"type":"Feature","geometry":{"type":"Polygon","coordinates":[[[84.9636,23.7141],[85.058,23.7096],[85.0287,23.8962],[85.0801,23.9646],[85.1608,23.9376],[85.2319,24.0274],[85.1441,24.1666],[85.1725,24.2198],[85.2734,24.1975],[85.3477,24.2741],[85.3342,24.2982],[85.2813,24.3242],[85.0918,24.3244],[85.0875,24.3813],[85.039,24.4258],[84.9755,24.3764],[84.9103,24.3727],[84.8266,24.525],[84.686,24.4565],[84.6654,24.3939],[84.5797,24.4125],[84.5007,24.2872],[84.473,24.2105],[84.5282,24.1916],[84.5746,24.0707],[84.584,23.9864],[84.6789,24.0112],[84.759,23.9674],[84.9228,23.9509],[84.9493,23.8746],[84.9382,23.7293],[84.9636,23.7141]]]},"properties":{"name":"Chatra"}},
{"type":"Feature","geometry":{"type":"Polygon","coordinates":[[[86.0672,22.5523],[86.1067,22.494],[86.2076,22.4742],[86.293,22.4294],[86.3578,22.3496],[86.4293,22.3105],[86.5048,22.3452],[86.6529,22.2402],[86.7274,22.2198],[86.8046,22.2182],[86.8433,22.4056],[86.7685,22.4271],[86.8032,22.5029],[86.7607,22.5782],[86.6565,22.5797],[86.6411,22.6594],[86.56,22.7116],[86.484,22.726],[86.4212,22.78],[86.4379,22.8639],[86.5024,22.9931],[86.3982,22.9774],[86.2972,23.0132],[86.2398,22.9965],[86.1972,22.9694],[86.159,22.7487],[86.1567,22.6371],[86.0672,22.5523]]]},"properties":{"name":"Purbi Singhbhum"}},
{"type":"Feature","geometry":{"type":"Polygon","coordinates":[[[85.8477,24.2755],[85.8655,24.5005],[85.7306,24.5794],[85.7506,24.627],[85.8335,24.686],[85.822,24.73],[85.911,24.7618],[85.7434,24.823],[85.6699,24.6652],[85.6798,24.5936],[85.6049,24.5981],[85.5249,24.5252],[85.4196,24.5447],[85.2887,24.4977],[85.3346,24.4736],[85.3504,24.3513],[85.3342,24.2982],[85.3477,24.2741],[85.426,24.3416],[85.4822,24.302],[85.5383,24.3432],[85.6541,24.327],[85.6834,24.2877],[85.8477,24.2755]]]},"properties":{"name":"Kodarma"}},
{"type":"Feature","geometry":{"type":"Polygon","coordinates":[[[86.5683,24.1829],[86.4893,24.1885],[86.4932,24.2589],[86.4579,24.3699],[86.2998,24.4775],[86.2986,24.5871],[86.1718,24.5846],[86.1318,24.6127],[86.1118,24.7367],[86.0363,24.7722],[85.9765,24.7342],[85.911,24.7618],[85.822,24.73],[85.8335,24.686],[85.7506,24.627],[85.7306,24.5794],[85.8655,24.5005],[85.8477,24.2755],[85.8522,24.2246],[85.7313,24.2065],[85.6811,24.062],[85.8139,24.0424],[85.9193,23.9562],[85.9596,23.8991],[86.1187,23.8943],[86.1368,23.9368],[86.2793,23.9334],[86.3488,24.0558],[86.457,24.0227],[86.5683,24.1829]]]},"properties":{"name":"Giridih"}},
{"type":"Feature","geometry":{"type":"Polygon","coordinates":[[[84.3646,23.6079],[84.4311,23.5405],[84.4238,23.4268],[84.4529,23.33],[84.5683,23.2825],[84.717,23.2899],[84.774,23.2594],[84.8582,23.2743],[84.8977,23.3205],[84.886,23.4025],[84.945,23.5009],[84.8861,23.5579],[84.7811,23.5545],[84.7353,23.6387],[84.6189,23.6946],[84.5792,23.6512],[84.5051,23.6878],[84.3646,23.6079]]]},"properties":{"name":"Lohardaga"}},
{"type":"Feature","geometry":{"type":"Polygon","coordinates":[[[87.9016,24.8555],[87.9746,24.9247],[87.8692,25.0409],[87.7776,25.1],[87.7927,25.2213],[87.8278,25.2352],[87.7556,25.2675],[87.5912,25.3028],[87.5528,25.3316],[87.4784,25.2322],[87.508,25.205],[87.5266,25.0628],[87.4723,25.0041],[87.4615,24.8858],[87.5114,24.7983],[87.7194,24.7401],[87.8367,24.7469],[87.9016,24.8555]]]},"properties":{"name":"Sahibganj"}},
{"type":"Feature","geometry":{"type":"Polygon","coordinates":[[[87.4784,25.2322],[87.3215,25.1977],[87.2966,25.0901],[87.2168,25.0904],[87.1749,25.0512],[87.1527,24.8634],[87.0827,24.8094],[87.0872,24.7257],[87.0497,24.6253],[87.0705,24.6424],[87.2188,24.588],[87.3138,24.5969],[87.405,24.5063],[87.4655,24.57],[87.4612,24.7929],[87.5114,24.7983],[87.4615,24.8858],[87.4723,25.0041],[87.5266,25.0628],[87.508,25.205],[87.4784,25.2322]]]},"properties":{"name":"Godda"}},
{"type":"Feature","geometry":{"type":"Polygon","coordinates":[[[84.584,23.9864],[84.5746,24.0707],[84.5282,24.1916],[84.473,24.2105],[84.5007,24.2872],[84.4618,24.3388],[84.3432,24.3958],[84.3291,24.4896],[84.2659,24.5374],[84.1803,24.5416],[84.1173,24.4811],[84.0543,24.6117],[84.0051,24.636],[83.9361,24.5473],[83.8659,24.5367],[83.8525,24.4272],[83.8165,24.3804],[83.819,24.2971],[83.8664,24.2289],[83.9798,24.1457],[83.9827,24.1085],[83.8825,24.0794],[83.8355,24.0223],[83.9366,23.9381],[83.9435,23.8724],[84.0245,23.7988],[84.0626,23.857],[84.1817,23.9334],[84.3094,23.8635],[84.3485,23.9499],[84.4492,23.9592],[84.4858,23.8951],[84.5672,23.9273],[84.584,23.9864]]]},"properties":{"name":"Palamu"}},
{"type":"Feature","geometry":{"type":"Polygon","coordinates":[[[86.457,24.0227],[86.3488,24.0558],[86.2793,23.9334],[86.1368,23.9368],[86.1187,23.8943],[86.2135,23.7093],[86.372,23.702],[86.4443,23.622],[86.5339,23.6313],[86.7161,23.6995],[86.8007,23.6958],[86.8248,23.7633],[86.7994,23.8329],[86.7691,23.8764],[86.5793,23.9995],[86.457,24.0227]]]},"properties":{"name":"Dhanbad"}},
{"type":"Feature","geometry":{"type":"Polygon","coordinates":[[[87.2374,24.0266],[87.3943,24.004],[87.4436,23.9802],[87.5747,24.0896],[87.5842,24.1634],[87.6939,24.1518],[87.6462,24.2517],[87.5838,24.2588],[87.5736,24.5055],[87.4997,24.5255],[87.405,24.5063],[87.3138,24.5969],[87.2188,24.588],[87.0705,24.6424],[87.0497,24.6253],[86.9415,24.6316],[86.9166,24.54],[86.8852,24.4405],[86.9619,24.3175],[87.0249,24.3262],[87.0443,24.2625],[86.9336,24.1441],[86.979,24.1098],[87.0517,24.1336],[87.1698,24.0325],[87.2374,24.0266]]]},"properties":{"name":"Dumka"}},
{"type":"Feature","geometry":{"type":"Polygon","coordinates":[[[85.632,23.942],[85.5723,23.806],[85.6124,23.7756],[85.5864,23.6292],[85.6645,23.6113],[85.7731,23.6606],[85.839,23.5039],[85.8834,23.4781],[85.9437,23.4574],[86.026,23.4902],[86.0167,23.5634],[86.1538,23.5677],[86.1485,23.5296],[86.2301,23.4381],[86.3572,23.4661],[86.3634,23.5454],[86.4443,23.622],[86.372,23.702],[86.2135,23.7093],[86.1187,23.8943],[85.9596,23.8991],[85.9193,23.9562],[85.8381,23.8299],[85.7459,23.9274],[85.632,23.942]]]},"properties":{"name":"Bokaro"}},
{"type":"Feature","geometry":{"type":"Polygon","coordinates":[[[86.979,24.1098],[86.9336,24.1441],[87.0443,24.2625],[87.0249,24.3262],[86.9619,24.3175],[86.8852,24.4405],[86.9166,24.54],[86.8142,24.565],[86.7974,24.6165],[86.674,24.5618],[86.6064,24.6019],[86.496,24.4856],[86.4579,24.3699],[86.4932,24.2589],[86.4893,24.1885],[86.5683,24.1829],[86.681,24.1807],[86.7843,24.1356],[86.7877,24.0721],[86.8815,24.0752],[86.943,24.0449],[86.979,24.1098]]]},"properties":{"name":"Deoghar"}},
{"type":"Feature","geometry":{"type":"Polygon","coordinates":[[[84.9787,22.7855],[84.9577,22.8371],[84.9458,23.0069],[84.9038,23.0556],[84.8859,23.1404],[84.9508,23.2285],[84.8977,23.3205],[84.8582,23.2743],[84.774,23.2594],[84.717,23.2899],[84.5683,23.2825],[84.4529,23.33],[84.4238,23.4268],[84.4311,23.5405],[84.3646,23.6079],[84.319,23.579],[84.3267,23.4948],[84.2518,23.4517],[84.2605,23.3786],[84.1941,23.3248],[84.0773,23.3312],[84.0408,23.1693],[84.0429,23.1364],[84.1386,23.0691],[84.2239,22.9784],[84.3773,22.9771],[84.3827,22.8758],[84.3271,22.8516],[84.2945,22.7732],[84.3398,22.7465],[84.4592,22.7942],[84.5258,22.7424],[84.6961,22.7422],[84.7323,22.8016],[84.7946,22.7543],[84.8834,22.7422],[84.9787,22.7855]]]},"properties":{"name":"Gumla"}},
{"type":"Feature","geometry":{"type":"Polygon","coordinates":[[[85.2377,23.6861],[85.204,23.6337],[85.268,23.5806],[85.4523,23.5497],[85.5244,23.5755],[85.6071,23.4822],[85.7187,23.4415],[85.7583,23.4604],[85.8667,23.4305],[85.8834,23.4781],[85.839,23.5039],[85.7731,23.6606],[85.6645,23.6113],[85.5864,23.6292],[85.6124,23.7756],[85.5723,23.806],[85.632,23.942],[85.5608,23.8672],[85.4323,23.7904],[85.4631,23.7228],[85.4061,23.6488],[85.3378,23.7003],[85.2377,23.6861]]]},"properties":{"name":"Ramgarh"}},
{"type":"Feature","geometry":{"type":"Polygon","coordinates":[[[84.0245,23.7988],[83.9435,23.8724],[83.9366,23.9381],[83.8355,24.0223],[83.8825,24.0794],[83.9827,24.1085],[83.9798,24.1457],[83.8664,24.2289],[83.819,24.2971],[83.8165,24.3804],[83.8525,24.4272],[83.8659,24.5367],[83.7244,24.5043],[83.5053,24.5283],[83.4008,24.5003],[83.3892,24.4547],[83.442,24.3468],[83.3312,24.1008],[83.433,24.0834],[83.5172,24.0252],[83.52,23.9668],[83.5886,23.862],[83.6637,23.8438],[83.7367,23.755],[83.722,23.6829],[83.7821,23.6001],[83.9424,23.5638],[83.9451,23.6231],[84.008,23.6333],[84.0517,23.6695],[83.9888,23.7347],[84.0245,23.7988]]]},"properties":{"name":"Garhwa"}},
{"type":"Feature","geometry":{"type":"Polygon","coordinates":[[[85.8948,23.1545],[85.8407,23.1947],[85.8321,23.2656],[85.8672,23.3058],[85.8667,23.4305],[85.7583,23.4604],[85.7187,23.4415],[85.6071,23.4822],[85.5244,23.5755],[85.4523,23.5497],[85.268,23.5806],[85.204,23.6337],[85.2377,23.6861],[85.1072,23.6643],[85.058,23.7096],[84.9636,23.7141],[84.8861,23.5579],[84.945,23.5009],[84.886,23.4025],[84.8977,23.3205],[84.9508,23.2285],[84.8859,23.1404],[84.9038,23.0556],[84.9458,23.0069],[85.0413,23.0873],[85.0465,23.1776],[85.1559,23.2701],[85.2261,23.2581],[85.2965,23.1836],[85.4519,23.163],[85.4731,23.1108],[85.6008,23.1036],[85.6441,23.0243],[85.581,22.9067],[85.6575,22.9382],[85.8695,22.9126],[85.8074,23.0535],[85.8948,23.1545]]]},"properties":{"name":"Ranchi"}},
{"type":"Feature","geometry":{"type":"Polygon","coordinates":[[[87.5114,24.7983],[87.4612,24.7929],[87.4655,24.57],[87.405,24.5063],[87.4997,24.5255],[87.5736,24.5055],[87.5838,24.2588],[87.6462,24.2517],[87.7607,24.3053],[87.8019,24.3839],[87.8039,24.5604],[87.8918,24.5642],[87.9161,24.6637],[87.9054,24.7229],[87.8367,24.7469],[87.7194,24.7401],[87.5114,24.7983]]]},"properties":{"name":"Pakur"}},
{"type":"Feature","geometry":{"type":"Polygon","coordinates":[[[84.4648,25.1422],[84.4868,25.1061],[84.5733,25.1355],[84.6981,25.1154],[84.7594,25.0636],[84.8841,25.0751],[84.8521,25.1405],[84.8745,25.2496],[84.8295,25.2373],[84.7265,25.3335],[84.6316,25.2249],[84.5292,25.1993],[84.4648,25.1422]]]},"properties":{"name":"Arwal"}},
{"type":"Feature","geometry":{"type":"Polygon","coordinates":[[[87.5528,25.3316],[87.3392,25.4165],[87.2765,25.3717],[87.2146,25.3953],[87.226,25.4536],[87.0824,25.4429],[87.0977,25.5158],[87.0722,25.4728],[86.9594,25.4483],[86.9278,25.4761],[86.8038,25.4323],[86.8442,25.3572],[86.7734,25.3214],[86.7145,25.2521],[86.6753,25.1914],[86.6746,25.1144],[87.1175,25.0814],[87.1749,25.0512],[87.2168,25.0904],[87.2966,25.0901],[87.3215,25.1977],[87.4784,25.2322],[87.5528,25.3316]]]},"properties":{"name":"Bhagalpur"}},
{"type":"Feature","geometry":{"type":"Polygon","coordinates":[[[87.226,25.4536],[87.2341,25.5312],[87.2737,25.5676],[87.2687,25.7071],[87.346,25.6758],[87.5741,25.6762],[87.6594,25.69],[87.6886,25.7494],[87.8208,25.7926],[87.8266,25.8776],[87.8296,25.9467],[87.8478,26.1072],[87.6795,26.1296],[87.6266,26.0343],[87.5154,25.9828],[87.4248,25.9895],[87.4026,25.9534],[87.2743,25.9695],[87.175,25.9237],[87.0775,25.9384],[87.0057,25.9186],[87.0565,25.8224],[87.0211,25.7194],[87.0683,25.5251],[87.0977,25.5158],[87.0824,25.4429],[87.226,25.4536]]]},"properties":{"name":"Purnia"}},
{"type":"Feature","geometry":{"type":"Polygon","coordinates":[[[87.0977,25.5158],[87.0683,25.5251],[87.0211,25.7194],[87.0565,25.8224],[87.0057,25.9186],[87.0775,25.9384],[87.1233,26.0443],[86.935,26.0914],[86.7699,26.0889],[86.741,26.1119],[86.6397,26.0111],[86.6014,25.942],[86.684,25.8729],[86.8216,25.8672],[86.8334,25.7086],[86.7727,25.6531],[86.8141,25.6126],[86.8245,25.5227],[86.8038,25.4323],[86.9278,25.4761],[86.9594,25.4483],[87.0722,25.4728],[87.0977,25.5158]]]},"properties":{"name":"Madhepura"}},
{"type":"Feature","geometry":{"type":"Polygon","coordinates":[[[87.8296,25.9467],[87.8479,26.0447],[87.9656,26.0842],[88.0432,26.1779],[88.2303,26.2895],[88.2797,26.3774],[88.2425,26.4494],[88.1024,26.542],[88.0962,26.4321],[87.992,26.3716],[87.9312,26.4184],[87.8487,26.4366],[87.7112,26.4274],[87.5871,26.3822],[87.6758,26.2397],[87.6795,26.1296],[87.8478,26.1072],[87.8296,25.9467]]]},"properties":{"name":"Kishanganj"}},
{"type":"Feature","geometry":{"type":"Polygon","coordinates":[[[85.2887,24.4977],[85.4196,24.5447],[85.3355,24.5636],[85.3124,24.647],[85.342,24.7307],[85.3118,24.768],[85.3426,24.9],[85.3913,24.9163],[85.3996,24.9845],[85.3081,25.0478],[85.2107,25.0705],[85.1444,25.0717],[84.9757,25.0032],[84.8841,25.0751],[84.7594,25.0636],[84.7388,24.925],[84.6758,24.8646],[84.7544,24.7999],[84.7416,24.7056],[84.621,24.6549],[84.571,24.5244],[84.5234,24.516],[84.4219,24.5665],[84.3996,24.5154],[84.3291,24.4896],[84.3432,24.3958],[84.4618,24.3388],[84.5007,24.2872],[84.5797,24.4125],[84.6654,24.3939],[84.686,24.4565],[84.8266,24.525],[84.9103,24.3727],[84.9755,24.3764],[85.039,24.4258],[85.0875,24.3813],[85.2887,24.4977]]]},"properties":{"name":"Gaya"}},
{"type":"Feature","geometry":{"type":"Polygon","coordinates":[[[87.1749,25.0512],[87.1175,25.0814],[86.6746,25.1144],[86.6349,25.0493],[86.6404,24.9693],[86.5741,24.9354],[86.5009,24.9712],[86.5681,24.6807],[86.6064,24.6019],[86.674,24.5618],[86.7974,24.6165],[86.8142,24.565],[86.9166,24.54],[86.9415,24.6316],[87.0497,24.6253],[87.0872,24.7257],[87.0827,24.8094],[87.1527,24.8634],[87.1749,25.0512]]]},"properties":{"name":"Banka"}},
{"type":"Feature","geometry":{"type":"Polygon","coordinates":[[[84.3291,24.4896],[84.3996,24.5154],[84.4219,24.5665],[84.5234,24.516],[84.571,24.5244],[84.621,24.6549],[84.7416,24.7056],[84.7544,24.7999],[84.6758,24.8646],[84.7388,24.925],[84.7594,25.0636],[84.6981,25.1154],[84.5733,25.1355],[84.4868,25.1061],[84.4648,25.1422],[84.4565,25.148],[84.4179,25.0742],[84.3036,25.0099],[84.1885,24.8705],[84.1,24.788],[84.0051,24.636],[84.0543,24.6117],[84.1173,24.4811],[84.1803,24.5416],[84.2659,24.5374],[84.3291,24.4896]]]},"properties":{"name":"Aurangabad"}},
{"type":"Feature","geometry":{"type":"Polygon","coordinates":[[[85.911,24.7618],[85.9765,24.7342],[86.0363,24.7722],[85.9394,24.8507],[85.8371,24.9033],[85.8375,24.9856],[85.7952,24.9829],[85.7906,25.1124],[85.7076,25.1352],[85.6168,25.0525],[85.5626,25.0565],[85.3996,24.9845],[85.3913,24.9163],[85.3426,24.9],[85.3118,24.768],[85.342,24.7307],[85.3124,24.647],[85.3355,24.5636],[85.4196,24.5447],[85.5249,24.5252],[85.6049,24.5981],[85.6798,24.5936],[85.6699,24.6652],[85.7434,24.823],[85.911,24.7618]]]},"properties":{"name":"Nawada"}},
{"type":"Feature","geometry":{"type":"Polygon","coordinates":[[[87.6795,26.1296],[87.6758,26.2397],[87.5871,26.3822],[87.4666,26.4405],[87.3134,26.3677],[87.2466,26.4144],[87.1625,26.4041],[87.0915,26.4504],[87.0728,26.5419],[87.0767,26.3786],[87.0506,26.3308],[87.1101,26.1913],[87.0923,26.0987],[87.1233,26.0443],[87.0775,25.9384],[87.175,25.9237],[87.2743,25.9695],[87.4026,25.9534],[87.4248,25.9895],[87.5154,25.9828],[87.6266,26.0343],[87.6795,26.1296]]]},"properties":{"name":"Araria"}},
{"type":"Feature","geometry":{"type":"Polygon","coordinates":[[[84.7827,27.0139],[84.6428,27.0465],[84.6897,27.2234],[84.6204,27.339],[84.2949,27.3845],[84.2542,27.4522],[84.1087,27.5218],[84.0521,27.4428],[83.9312,27.4496],[83.8674,27.4247],[83.8628,27.3467],[83.9079,27.2758],[83.9949,27.1787],[83.9481,27.108],[84.0338,27.0418],[84.0614,26.8889],[84.1402,26.8527],[84.2379,26.8672],[84.3347,26.6818],[84.4193,26.6312],[84.4814,26.6104],[84.5259,26.6624],[84.7014,26.7162],[84.7421,26.8514],[84.6991,26.9324],[84.7827,27.0139]]]},"properties":{"name":"Pashchim Champaran"}},
{"type":"Feature","geometry":{"type":"Polygon","coordinates":[[[85.7048,26.0919],[85.7448,26.1563],[85.6944,26.2446],[85.7014,26.321],[85.5815,26.375],[85.5071,26.3669],[85.4257,26.2781],[85.3796,26.3337],[85.2792,26.345],[85.182,26.2918],[85.0442,26.3327],[85.0161,26.3101],[84.8854,26.3014],[84.847,26.2198],[84.9233,26.1156],[84.925,26.0181],[85.049,25.9918],[85.1552,26.015],[85.2851,26.0082],[85.3273,25.964],[85.4477,25.9372],[85.6289,25.9399],[85.6192,25.979],[85.7048,26.0919]]]},"properties":{"name":"Muzaffarpur"}},
{"type":"Feature","geometry":{"type":"Polygon","coordinates":[[[84.847,26.2198],[84.7201,26.1823],[84.6565,26.0814],[84.5823,26.0781],[84.4519,26.0348],[84.454,25.8882],[84.5368,25.8762],[84.6283,25.7927],[84.6386,25.727],[84.6774,25.7646],[84.8006,25.7161],[84.8383,25.7236],[84.8855,25.7354],[85.0564,25.7135],[85.0971,25.6578],[85.2333,25.6027],[85.1663,25.7557],[85.1548,25.8352],[85.0951,25.8728],[85.049,25.9918],[84.925,26.0181],[84.9233,26.1156],[84.847,26.2198]]]},"properties":{"name":"Saran"}},
{"type":"Feature","geometry":{"type":"Polygon","coordinates":[[[85.8375,24.9856],[85.9561,24.9846],[85.9428,25.1396],[85.9743,25.2017],[85.9105,25.2383],[85.8461,25.1985],[85.7883,25.2418],[85.7076,25.1352],[85.7906,25.1124],[85.7952,24.9829],[85.8375,24.9856]]]},"properties":{"name":"Sheikhpura"}},
{"type":"Feature","geometry":{"type":"Polygon","coordinates":[[[84.8841,25.0751],[84.9757,25.0032],[85.1444,25.0717],[85.2107,25.0705],[85.1665,25.1912],[85.1793,25.3011],[85.0999,25.2705],[84.9167,25.2812],[84.8745,25.2496],[84.8521,25.1405],[84.8841,25.0751]]]},"properties":{"name":"Jehanabad"}},
{"type":"Feature","geometry":{"type":"Polygon","coordinates":[[[86.6397,26.0111],[86.4281,26.0591],[86.3923,26.0346],[86.3557,25.8502],[86.4001,25.7884],[86.384,25.7264],[86.3938,25.7217],[86.4783,25.6274],[86.5291,25.6188],[86.7,25.6798],[86.7727,25.6531],[86.8334,25.7086],[86.8216,25.8672],[86.684,25.8729],[86.6014,25.942],[86.6397,26.0111]]]},"properties":{"name":"Saharsa"}},
{"type":"Feature","geometry":{"type":"Polygon","coordinates":[[[84.4193,26.6312],[84.2812,26.597],[84.1611,26.636],[84.0938,26.608],[84.0578,26.5479],[83.9159,26.5042],[83.9113,26.4477],[84.0246,26.4394],[84.0704,26.3877],[84.1786,26.3614],[84.2553,26.3057],[84.3367,26.3548],[84.4557,26.3525],[84.6,26.2837],[84.6361,26.2268],[84.7201,26.1823],[84.847,26.2198],[84.7129,26.3408],[84.6798,26.4133],[84.6218,26.4612],[84.5635,26.4352],[84.4912,26.5366],[84.4814,26.6104],[84.4193,26.6312]]]},"properties":{"name":"Gopalganj"}},
{"type":"Feature","geometry":{"type":"Polygon","coordinates":[[[85.049,25.9918],[85.0951,25.8728],[85.1548,25.8352],[85.1663,25.7557],[85.2333,25.6027],[85.2928,25.524],[85.424,25.5036],[85.533,25.5494],[85.5316,25.6056],[85.6273,25.778],[85.6042,25.8862],[85.6289,25.9399],[85.4477,25.9372],[85.3273,25.964],[85.2851,26.0082],[85.1552,26.015],[85.049,25.9918]]]},"properties":{"name":"Vaishali"}},
{"type":"Feature","geometry":{"type":"Polygon","coordinates":[[[84.7201,26.1823],[84.6361,26.2268],[84.6,26.2837],[84.4557,26.3525],[84.3367,26.3548],[84.2553,26.3057],[84.1786,26.3614],[84.1661,26.2587],[84.0118,26.176],[84.0577,26.0975],[84.3,25.9465],[84.3598,25.9576],[84.454,25.8882],[84.4519,26.0348],[84.5823,26.0781],[84.6565,26.0814],[84.7201,26.1823]]]},"properties":{"name":"Siwan"}},
{"type":"Feature","geometry":{"type":"Polygon","coordinates":[[[85.3796,26.3337],[85.3588,26.426],[85.4147,26.5125],[85.3843,26.6313],[85.2878,26.6411],[85.2792,26.5797],[85.2222,26.5353],[85.2158,26.4467],[85.2792,26.345],[85.3796,26.3337]]]},"properties":{"name":"Sheohar"}},
{"type":"Feature","geometry":{"type":"Polygon","coordinates":[[[84.2588,25.355],[84.3424,25.4513],[84.3041,25.5079],[84.2872,25.6601],[84.2253,25.6625],[84.1758,25.7201],[84.1027,25.7186],[84.0489,25.6215],[83.9293,25.56],[83.8416,25.4485],[83.762,25.389],[83.8734,25.3147],[83.9899,25.2643],[84.0571,25.2978],[84.0468,25.3703],[84.2588,25.355]]]},"properties":{"name":"Buxar"}},
{"type":"Feature","geometry":{"type":"Polygon","coordinates":[[[86.4281,26.0591],[86.4777,26.1243],[86.4223,26.1583],[86.5149,26.2189],[86.5352,26.3031],[86.7028,26.3681],[86.7476,26.4283],[86.5703,26.4966],[86.3443,26.6171],[86.1551,26.61],[86.068,26.6579],[85.9755,26.6584],[85.8585,26.569],[85.8196,26.6025],[85.7677,26.4247],[85.8206,26.4087],[85.8154,26.2958],[85.8912,26.2761],[85.9918,26.3217],[86.0011,26.2666],[86.1099,26.1925],[86.2517,26.2241],[86.3306,26.0921],[86.3923,26.0346],[86.4281,26.0591]]]},"properties":{"name":"Madhubani"}},
{"type":"Feature","geometry":{"type":"Polygon","coordinates":[[[87.1233,26.0443],[87.0923,26.0987],[87.1101,26.1913],[87.0506,26.3308],[87.0767,26.3786],[87.0728,26.5419],[86.9327,26.5169],[86.8937,26.462],[86.7476,26.4283],[86.7028,26.3681],[86.5352,26.3031],[86.5149,26.2189],[86.4223,26.1583],[86.4777,26.1243],[86.4281,26.0591],[86.6397,26.0111],[86.741,26.1119],[86.7699,26.0889],[86.935,26.0914],[87.1233,26.0443]]]},"properties":{"name":"Supaul"}},
{"type":"Feature","geometry":{"type":"Polygon","coordinates":[[[84.8745,25.2496],[84.9167,25.2812],[85.0999,25.2705],[85.1793,25.3011],[85.1898,25.3972],[85.3602,25.3817],[85.4361,25.416],[85.5754,25.3904],[85.6736,25.3181],[85.8172,25.266],[85.8972,25.2614],[85.8996,25.3167],[86.0523,25.309],[85.9479,25.3785],[85.857,25.415],[85.8714,25.4766],[85.776,25.539],[85.7277,25.5195],[85.6436,25.4489],[85.5414,25.4864],[85.533,25.5494],[85.424,25.5036],[85.2928,25.524],[85.2333,25.6027],[85.0971,25.6578],[85.0564,25.7135],[84.8855,25.7354],[84.8383,25.7236],[84.8139,25.5768],[84.7522,25.4973],[84.7829,25.4477],[84.7265,25.3335],[84.8295,25.2373],[84.8745,25.2496]]]},"properties":{"name":"Patna"}},
{"type":"Feature","geometry":{"type":"Polygon","coordinates":[[[84.7265,25.3335],[84.7829,25.4477],[84.7522,25.4973],[84.8139,25.5768],[84.8383,25.7236],[84.8006,25.7161],[84.6774,25.7646],[84.6386,25.727],[84.5637,25.735],[84.5244,25.6763],[84.3626,25.7421],[84.2872,25.6601],[84.3041,25.5079],[84.3424,25.4513],[84.2588,25.355],[84.3215,25.3215],[84.3206,25.2133],[84.4444,25.1795],[84.4565,25.148],[84.4648,25.1422],[84.5292,25.1993],[84.6316,25.2249],[84.7265,25.3335]]]},"properties":{"name":"Bhojpur"}},
{"type":"Feature","geometry":{"type":"Polygon","coordinates":[[[85.7048,26.0919],[85.7439,26.0539],[85.8434,26.0263],[85.8913,25.9761],[86.0809,25.9037],[86.2176,25.8965],[86.2278,25.8187],[86.3282,25.7424],[86.384,25.7264],[86.4001,25.7884],[86.3557,25.8502],[86.3923,26.0346],[86.3306,26.0921],[86.2517,26.2241],[86.1099,26.1925],[86.0011,26.2666],[85.9918,26.3217],[85.8912,26.2761],[85.8154,26.2958],[85.8206,26.4087],[85.7677,26.4247],[85.6995,26.398],[85.7014,26.321],[85.6944,26.2446],[85.7448,26.1563],[85.7048,26.0919]]]},"properties":{"name":"Darbhanga"}},
{"type":"Feature","geometry":{"type":"Polygon","coordinates":[[[85.6289,25.9399],[85.6042,25.8862],[85.6273,25.778],[85.5316,25.6056],[85.533,25.5494],[85.5414,25.4864],[85.6436,25.4489],[85.7277,25.5195],[85.7698,25.5842],[85.8403,25.5759],[85.8469,25.6469],[85.9366,25.6518],[86.0283,25.722],[86.1288,25.7416],[86.1791,25.6663],[86.2861,25.642],[86.3938,25.7217],[86.384,25.7264],[86.3282,25.7424],[86.2278,25.8187],[86.2176,25.8965],[86.0809,25.9037],[85.8913,25.9761],[85.8434,26.0263],[85.7439,26.0539],[85.7048,26.0919],[85.6192,25.979],[85.6289,25.9399]]]},"properties":{"name":"Samastipur"}},
{"type":"Feature","geometry":{"type":"Polygon","coordinates":[[[83.762,25.389],[83.7177,25.3935],[83.6283,25.3269],[83.5429,25.3134],[83.4685,25.2502],[83.4175,25.2475],[83.3607,25.1501],[83.3316,25.0464],[83.3948,24.7829],[83.5211,24.6778],[83.5226,24.5473],[83.6969,24.5468],[83.7521,24.6256],[83.7325,24.6775],[83.7856,24.7597],[83.7157,24.8359],[83.7553,24.8733],[83.8304,25.0066],[83.8046,25.1119],[83.8417,25.2956],[83.8734,25.3147],[83.762,25.389]]]},"properties":{"name":"Kaimur (Bhabua)"}},
{"type":"Feature","geometry":{"type":"Polygon","coordinates":[[[84.0051,24.636],[84.1,24.788],[84.1885,24.8705],[84.3036,25.0099],[84.4179,25.0742],[84.4565,25.148],[84.4444,25.1795],[84.3206,25.2133],[84.3215,25.3215],[84.2588,25.355],[84.0468,25.3703],[84.0571,25.2978],[83.9899,25.2643],[83.8734,25.3147],[83.8417,25.2956],[83.8046,25.1119],[83.8304,25.0066],[83.7553,24.8733],[83.7157,24.8359],[83.7856,24.7597],[83.7325,24.6775],[83.7521,24.6256],[83.6969,24.5468],[83.5226,24.5473],[83.5053,24.5283],[83.7244,24.5043],[83.8659,24.5367],[83.9361,24.5473],[84.0051,24.636]]]},"properties":{"name":"Rohtas"}},
{"type":"Feature","geometry":{"type":"Polygon","coordinates":[[[86.8038,25.4323],[86.8245,25.5227],[86.8141,25.6126],[86.7727,25.6531],[86.7,25.6798],[86.5291,25.6188],[86.4783,25.6274],[86.3938,25.7217],[86.2861,25.642],[86.2744,25.5403],[86.4075,25.4867],[86.4887,25.4221],[86.5294,25.4835],[86.6198,25.4033],[86.6466,25.2707],[86.7145,25.2521],[86.7734,25.3214],[86.8442,25.3572],[86.8038,25.4323]]]},"properties":{"name":"Khagaria"}},
{"type":"Feature","geometry":{"type":"Polygon","coordinates":[[[86.7145,25.2521],[86.6466,25.2707],[86.6198,25.4033],[86.5294,25.4835],[86.4887,25.4221],[86.3016,25.3246],[86.247,25.2551],[86.3416,25.2818],[86.3766,25.2139],[86.3567,25.1357],[86.3743,25.0471],[86.5009,24.9712],[86.5741,24.9354],[86.6404,24.9693],[86.6349,25.0493],[86.6746,25.1144],[86.6753,25.1914],[86.7145,25.2521]]]},"properties":{"name":"Munger"}},
{"type":"Feature","geometry":{"type":"Polygon","coordinates":[[[85.7014,26.321],[85.6995,26.398],[85.7677,26.4247],[85.8196,26.6025],[85.7323,26.6538],[85.7207,26.8206],[85.6069,26.8573],[85.452,26.7814],[85.4077,26.7913],[85.3345,26.7416],[85.2688,26.7545],[85.2878,26.6411],[85.3843,26.6313],[85.4147,26.5125],[85.3588,26.426],[85.3796,26.3337],[85.4257,26.2781],[85.5071,26.3669],[85.5815,26.375],[85.7014,26.321]]]},"properties":{"name":"Sitamarhi"}},
{"type":"Feature","geometry":{"type":"Polygon","coordinates":[[[84.4814,26.6104],[84.4912,26.5366],[84.5635,26.4352],[84.6218,26.4612],[84.6798,26.4133],[84.7129,26.3408],[84.847,26.2198],[84.8854,26.3014],[85.0161,26.3101],[85.0442,26.3327],[85.182,26.2918],[85.2792,26.345],[85.2158,26.4467],[85.2222,26.5353],[85.2792,26.5797],[85.2878,26.6411],[85.2688,26.7545],[85.1768,26.8097],[85.1899,26.8702],[85.0574,26.8492],[84.9676,26.9163],[84.9612,26.9608],[84.7827,27.0139],[84.6991,26.9324],[84.7421,26.8514],[84.7014,26.7162],[84.5259,26.6624],[84.4814,26.6104]]]},"properties":{"name":"Purba Champaran"}},
{"type":"Feature","geometry":{"type":"Polygon","coordinates":[[[85.9561,24.9846],[86.1021,24.9846],[86.1256,25.04],[86.23,25.0458],[86.3567,25.1357],[86.3766,25.2139],[86.3416,25.2818],[86.247,25.2551],[86.1745,25.221],[86.1353,25.2756],[86.0523,25.309],[85.8996,25.3167],[85.8972,25.2614],[85.9105,25.2383],[85.9743,25.2017],[85.9428,25.1396],[85.9561,24.9846]]]},"properties":{"name":"Lakhisarai"}},
{"type":"Feature","geometry":{"type":"Polygon","coordinates":[[[86.4579,24.3699],[86.496,24.4856],[86.6064,24.6019],[86.5681,24.6807],[86.5009,24.9712],[86.3743,25.0471],[86.3567,25.1357],[86.23,25.0458],[86.1256,25.04],[86.1021,24.9846],[85.9561,24.9846],[85.8375,24.9856],[85.8371,24.9033],[85.9394,24.8507],[86.0363,24.7722],[86.1118,24.7367],[86.1318,24.6127],[86.1718,24.5846],[86.2986,24.5871],[86.2998,24.4775],[86.4579,24.3699]]]},"properties":{"name":"Jamui"}},
{"type":"Feature","geometry":{"type":"Polygon","coordinates":[[[86.0523,25.309],[86.1353,25.2756],[86.1745,25.221],[86.247,25.2551],[86.3016,25.3246],[86.4887,25.4221],[86.4075,25.4867],[86.2744,25.5403],[86.2861,25.642],[86.1791,25.6663],[86.1288,25.7416],[86.0283,25.722],[85.9366,25.6518],[85.8469,25.6469],[85.8403,25.5759],[85.7698,25.5842],[85.7277,25.5195],[85.776,25.539],[85.8714,25.4766],[85.857,25.415],[85.9479,25.3785],[86.0523,25.309]]]},"properties":{"name":"Begusarai"}},
{"type":"Feature","geometry":{"type":"Polygon","coordinates":[[[85.3996,24.9845],[85.5626,25.0565],[85.6168,25.0525],[85.7076,25.1352],[85.7883,25.2418],[85.8461,25.1985],[85.9105,25.2383],[85.8972,25.2614],[85.8172,25.266],[85.6736,25.3181],[85.5754,25.3904],[85.4361,25.416],[85.3602,25.3817],[85.1898,25.3972],[85.1793,25.3011],[85.1665,25.1912],[85.2107,25.0705],[85.3081,25.0478],[85.3996,24.9845]]]},"properties":{"name":"Nalanda"}},
{"type":"Feature","geometry":{"type":"Polygon","coordinates":[[[87.8278,25.2352],[87.8564,25.2699],[87.7868,25.3391],[87.7918,25.4493],[87.9608,25.5386],[88.0754,25.4812],[88.0321,25.5539],[88.056,25.6863],[87.9663,25.7251],[87.9064,25.7807],[87.9164,25.8521],[87.8266,25.8776],[87.8208,25.7926],[87.6886,25.7494],[87.6594,25.69],[87.5741,25.6762],[87.346,25.6758],[87.2687,25.7071],[87.2737,25.5676],[87.2341,25.5312],[87.226,25.4536],[87.2146,25.3953],[87.2765,25.3717],[87.3392,25.4165],[87.5528,25.3316],[87.5912,25.3028],[87.7556,25.2675],[87.8278,25.2352]]]},"properties":{"name":"Katihar"}},
{"type":"Feature","geometry":{"type":"Polygon","coordinates":[[[77.1752,28.4045],[77.1195,28.489],[77.0928,28.5138],[77.0071,28.5414],[76.8862,28.5008],[76.718,28.4374],[76.6697,28.379],[76.674,28.2701],[76.8492,28.2393],[76.9319,28.3221],[77.0016,28.3251],[77.0236,28.2491],[77.1793,28.21],[77.2409,28.276],[77.1581,28.3164],[77.1752,28.4045]]]},"properties":{"name":"Gurgaon"}},
{"type":"Feature","geometry":{"type":"Polygon","coordinates":[[[77.2132,30.4966],[77.1743,30.4572],[77.1898,30.3071],[77.0775,30.1995],[77.07,30.1311],[77.069,30.0725],[77.1181,29.9932],[77.2302,29.9395],[77.2973,30.0529],[77.4068,30.0877],[77.4355,30.1638],[77.4812,30.184],[77.5835,30.3072],[77.5884,30.3776],[77.5157,30.4451],[77.4551,30.4006],[77.2132,30.4966]]]},"properties":{"name":"Yamunanagar"}},
{"type":"Feature","geometry":{"type":"Polygon","coordinates":[[[77.1793,28.21],[77.1391,28.0751],[77.1679,27.9764],[77.235,27.8962],[77.3358,27.8474],[77.3906,27.8573],[77.4759,27.9292],[77.5296,27.9255],[77.5279,27.999],[77.4838,28.0782],[77.5502,28.1793],[77.5057,28.2506],[77.4213,28.1991],[77.3336,28.2572],[77.2409,28.276],[77.1793,28.21]]]},"properties":{"name":"Palwal"}},
{"type":"Feature","geometry":{"type":"Polygon","coordinates":[[[76.7781,30.9068],[76.8419,30.8285],[76.8296,30.7619],[76.825,30.6809],[76.9272,30.5954],[76.9107,30.4597],[77.0139,30.4663],[77.1224,30.5627],[77.1623,30.5858],[77.1651,30.6856],[77.0942,30.7421],[77.0193,30.7482],[77.0127,30.7999],[76.9346,30.8832],[76.8699,30.8728],[76.7781,30.9068]]]},"properties":{"name":"Panchkula"}},
{"type":"Feature","geometry":{"type":"Polygon","coordinates":[[[76.8492,28.2393],[76.8537,28.2206],[76.9662,28.1285],[76.9315,27.953],[76.9437,27.8536],[76.903,27.7753],[76.899,27.6778],[76.9789,27.6541],[77.002,27.7369],[77.1092,27.7855],[77.2847,27.8016],[77.3358,27.8474],[77.235,27.8962],[77.1679,27.9764],[77.1391,28.0751],[77.1793,28.21],[77.0236,28.2491],[77.0016,28.3251],[76.9319,28.3221],[76.8492,28.2393]]]},"properties":{"name":"Mewat"}},
{"type":"Feature","geometry":{"type":"Polygon","coordinates":[[[76.8862,28.5008],[76.8453,28.5504],[76.8856,28.6277],[76.9544,28.6617],[76.9669,28.6973],[76.9511,28.8182],[76.902,28.8636],[76.7801,28.7435],[76.6714,28.796],[76.4461,28.736],[76.4071,28.6827],[76.4665,28.6142],[76.3424,28.5559],[76.2856,28.4315],[76.2886,28.4284],[76.3446,28.4596],[76.4407,28.4248],[76.6333,28.4211],[76.6697,28.379],[76.718,28.4374],[76.8862,28.5008]]]},"properties":{"name":"Jhajjar"}},
{"type":"Feature","geometry":{"type":"Polygon","coordinates":[[[76.4071,28.6827],[76.4068,28.7562],[76.3343,28.8135],[76.2937,28.8974],[76.2367,28.9113],[76.228,28.9911],[76.1911,29.0513],[76.0764,29.0226],[75.9845,29.0812],[75.9803,28.9953],[75.9053,29.017],[75.8326,28.9115],[75.6812,28.9122],[75.5993,28.9897],[75.5282,28.9704],[75.4779,28.9333],[75.5212,28.8339],[75.5624,28.6132],[75.6231,28.6017],[75.673,28.5166],[75.7892,28.4535],[75.7772,28.4041],[75.8972,28.39],[75.9823,28.4449],[76.0184,28.386],[76.167,28.4313],[76.2856,28.4315],[76.3424,28.5559],[76.4665,28.6142],[76.4071,28.6827]]]},"properties":{"name":"Bhiwani"}},
{"type":"Feature","geometry":{"type":"Polygon","coordinates":[[[76.4967,29.5152],[76.5391,29.6044],[76.7132,29.695],[76.6847,29.7686],[76.7256,29.8813],[76.6449,29.9113],[76.4666,29.9126],[76.423,30.0304],[76.4667,30.0963],[76.4026,30.1236],[76.262,30.1034],[76.2016,30.0004],[76.1948,29.8901],[76.2163,29.8407],[76.1705,29.6857],[76.2414,29.6093],[76.3518,29.5798],[76.3739,29.5275],[76.4967,29.5152]]]},"properties":{"name":"Kaithal"}},
{"type":"Feature","geometry":{"type":"Polygon","coordinates":[[[76.9511,28.8182],[76.9624,28.8159],[77.0611,28.8709],[77.2076,28.8569],[77.2324,28.92],[77.1497,29.1175],[77.144,29.1668],[77.0296,29.1775],[76.9189,29.2192],[76.8763,29.1917],[76.8031,29.2274],[76.797,29.2723],[76.6829,29.2694],[76.6058,29.2883],[76.4783,29.092],[76.5678,29.0587],[76.673,29.0594],[76.7487,29.0187],[76.7532,28.9637],[76.902,28.8636],[76.9511,28.8182]]]},"properties":{"name":"Sonipat"}},
{"type":"Feature","geometry":{"type":"Polygon","coordinates":[[[77.1181,29.9932],[77.0977,29.9508],[76.9886,29.9574],[76.8867,29.8826],[76.7256,29.8813],[76.6847,29.7686],[76.7132,29.695],[76.5391,29.6044],[76.4967,29.5152],[76.5356,29.4563],[76.6499,29.4881],[76.7632,29.4656],[76.8296,29.5119],[76.9027,29.4699],[77.0627,29.441],[77.1326,29.4849],[77.1068,29.6323],[77.1502,29.689],[77.1236,29.7504],[77.2302,29.9395],[77.1181,29.9932]]]},"properties":{"name":"Karnal"}},
{"type":"Feature","geometry":{"type":"Polygon","coordinates":[[[77.07,30.1311],[76.8235,30.2511],[76.7642,30.1917],[76.6404,30.1508],[76.6382,30.1479],[76.5753,30.1008],[76.4667,30.0963],[76.423,30.0304],[76.4666,29.9126],[76.6449,29.9113],[76.7256,29.8813],[76.8867,29.8826],[76.9886,29.9574],[77.0977,29.9508],[77.1181,29.9932],[77.069,30.0725],[77.07,30.1311]]]},"properties":{"name":"Kurukshetra"}},
{"type":"Feature","geometry":{"type":"Polygon","coordinates":[[[76.2163,29.8407],[76.1024,29.8071],[76.0532,29.7451],[75.947,29.7293],[75.9336,29.6843],[75.9632,29.5624],[75.934,29.4987],[76.0146,29.4805],[76.1349,29.3935],[76.2039,29.3957],[76.1891,29.2917],[76.2813,29.2086],[76.3022,29.0859],[76.4783,29.092],[76.6058,29.2883],[76.6829,29.2694],[76.6327,29.3145],[76.6502,29.3665],[76.7353,29.388],[76.7632,29.4656],[76.6499,29.4881],[76.5356,29.4563],[76.4967,29.5152],[76.3739,29.5275],[76.3518,29.5798],[76.2414,29.6093],[76.1705,29.6857],[76.2163,29.8407]]]},"properties":{"name":"Jind"}},
{"type":"Feature","geometry":{"type":"Polygon","coordinates":[[[77.144,29.1668],[77.153,29.2974],[77.132,29.3411],[77.1326,29.4849],[77.0627,29.441],[76.9027,29.4699],[76.8296,29.5119],[76.7632,29.4656],[76.7353,29.388],[76.6502,29.3665],[76.6327,29.3145],[76.6829,29.2694],[76.797,29.2723],[76.8031,29.2274],[76.8763,29.1917],[76.9189,29.2192],[77.0296,29.1775],[77.144,29.1668]]]},"properties":{"name":"Panipat"}},
{"type":"Feature","geometry":{"type":"Polygon","coordinates":[[[76.2856,28.4315],[76.167,28.4313],[76.0184,28.386],[75.9823,28.4449],[75.8972,28.39],[76.0272,28.275],[76.0326,28.1678],[75.9466,28.1073],[75.9937,28.0463],[75.9343,27.929],[75.9714,27.8523],[76.0877,27.8479],[76.1838,27.7978],[76.2269,27.8332],[76.17,27.9033],[76.1594,27.9871],[76.1914,28.0563],[76.2618,28.0675],[76.3226,28.0158],[76.335,28.1334],[76.3124,28.178],[76.3415,28.2227],[76.3557,28.3656],[76.2886,28.4284],[76.2856,28.4315]]]},"properties":{"name":"Mahendragarh"}},
{"type":"Feature","geometry":{"type":"Polygon","coordinates":[[[75.947,29.7293],[75.8753,29.7489],[75.8494,29.8154],[75.7375,29.8084],[75.5801,29.7397],[75.463,29.8011],[75.3287,29.6682],[75.3025,29.5606],[75.2419,29.4183],[75.2267,29.3258],[75.2461,29.2501],[75.2871,29.2717],[75.3998,29.3178],[75.3908,29.377],[75.4478,29.4083],[75.5304,29.3623],[75.6052,29.3712],[75.7043,29.4243],[75.729,29.4781],[75.8536,29.5445],[75.9632,29.5624],[75.9336,29.6843],[75.947,29.7293]]]},"properties":{"name":"Fatehabad"}},
{"type":"Feature","geometry":{"type":"Polygon","coordinates":[[[77.2409,28.276],[77.3336,28.2572],[77.4213,28.1991],[77.5057,28.2506],[77.5057,28.3624],[77.4782,28.4189],[77.3435,28.5147],[77.265,28.485],[77.2502,28.4242],[77.1752,28.4045],[77.1581,28.3164],[77.2409,28.276]]]},"properties":{"name":"Faridabad"}},
{"type":"Feature","geometry":{"type":"Polygon","coordinates":[[[75.3025,29.5606],[75.1841,29.6278],[75.242,29.7498],[75.1897,29.8348],[75.1138,29.8951],[74.9932,29.8639],[74.9352,29.94],[74.8123,29.9914],[74.7083,29.9702],[74.6371,29.9052],[74.5283,29.9429],[74.5622,29.8697],[74.4856,29.8146],[74.4782,29.7449],[74.6167,29.7519],[74.5771,29.5598],[74.6229,29.5222],[74.5857,29.4584],[74.6084,29.3561],[74.7886,29.3613],[74.8516,29.4035],[74.9393,29.3619],[74.9621,29.2805],[75.051,29.286],[75.1206,29.2228],[75.1885,29.2681],[75.2461,29.2501],[75.2267,29.3258],[75.2419,29.4183],[75.3025,29.5606]]]},"properties":{"name":"Sirsa"}},
{"type":"Feature","geometry":{"type":"Polygon","coordinates":[[[76.228,28.9911],[76.2456,29.0608],[76.3022,29.0859],[76.2813,29.2086],[76.1891,29.2917],[76.2039,29.3957],[76.1349,29.3935],[76.0146,29.4805],[75.934,29.4987],[75.9632,29.5624],[75.8536,29.5445],[75.729,29.4781],[75.7043,29.4243],[75.6052,29.3712],[75.5304,29.3623],[75.4478,29.4083],[75.3908,29.377],[75.3998,29.3178],[75.2871,29.2717],[75.4129,29.2426],[75.3797,29.1421],[75.3922,29.0626],[75.5282,28.9704],[75.5993,28.9897],[75.6812,28.9122],[75.8326,28.9115],[75.9053,29.017],[75.9803,28.9953],[75.9845,29.0812],[76.0764,29.0226],[76.1911,29.0513],[76.228,28.9911]]]},"properties":{"name":"Hisar"}},
{"type":"Feature","geometry":{"type":"Polygon","coordinates":[[[76.6697,28.379],[76.6333,28.4211],[76.4407,28.4248],[76.3446,28.4596],[76.2886,28.4284],[76.3557,28.3656],[76.3415,28.2227],[76.3124,28.178],[76.4016,28.145],[76.4765,28.1485],[76.4976,28.0538],[76.5645,27.9659],[76.7164,28.1278],[76.7959,28.1484],[76.8537,28.2206],[76.8492,28.2393],[76.674,28.2701],[76.6697,28.379]]]},"properties":{"name":"Rewari"}},
{"type":"Feature","geometry":{"type":"Polygon","coordinates":[[[76.902,28.8636],[76.7532,28.9637],[76.7487,29.0187],[76.673,29.0594],[76.5678,29.0587],[76.4783,29.092],[76.3022,29.0859],[76.2456,29.0608],[76.228,28.9911],[76.2367,28.9113],[76.2937,28.8974],[76.3343,28.8135],[76.4068,28.7562],[76.4071,28.6827],[76.4461,28.736],[76.6714,28.796],[76.7801,28.7435],[76.902,28.8636]]]},"properties":{"name":"Rohtak"}},
{"type":"Feature","geometry":{"type":"Polygon","coordinates":[[[77.1224,30.5627],[77.0139,30.4663],[76.9107,30.4597],[76.9111,30.3582],[76.8218,30.4075],[76.7405,30.4169],[76.7488,30.3631],[76.6033,30.25],[76.6518,30.2017],[76.6404,30.1508],[76.7642,30.1917],[76.8235,30.2511],[77.07,30.1311],[77.0775,30.1995],[77.1898,30.3071],[77.1743,30.4572],[77.2132,30.4966],[77.1224,30.5627]]]},"properties":{"name":"Ambala"}},
{"type":"Feature","geometry":{"type":"Polygon","coordinates":[[[76.8296,30.7619],[76.7112,30.7614],[76.7544,30.6814],[76.825,30.6809],[76.8296,30.7619]]]},"properties":{"name":"Chandigarh"}},
{"type":"Feature","geometry":{"type":"Polygon","coordinates":[[[73.9046,15.4039],[74.0765,15.2909],[74.1107,15.3582],[74.0794,15.4079],[74.2532,15.4892],[74.2783,15.5227],[74.2487,15.569],[74.2497,15.6573],[74.1194,15.6537],[74.0001,15.6071],[73.9394,15.7395],[73.8763,15.7506],[73.6741,15.7284],[73.6881,15.7235],[73.769,15.4908],[73.9046,15.4039]]]},"properties":{"name":"North Goa"}},
{"type":"Feature","geometry":{"type":"Polygon","coordinates":[[[73.9046,15.4039],[73.8924,15.3361],[73.9443,15.1601],[73.932,15.0787],[74.0245,15.009],[74.0433,14.9186],[74.0918,14.8997],[74.181,14.957],[74.2364,14.9501],[74.2973,15.0434],[74.2759,15.1054],[74.3169,15.1876],[74.2713,15.2779],[74.3366,15.2963],[74.2846,15.3846],[74.2532,15.4892],[74.0794,15.4079],[74.1107,15.3582],[74.0765,15.2909],[73.9046,15.4039]]]},"properties":{"name":"South Goa"}},
{"type":"Feature","geometry":{"type":"MultiPolygon","coordinates":[[[[93.0291,13.5747],[92.9137,13.5293],[92.8704,13.4049],[92.8343,13.3752],[92.7934,13.0602],[92.7777,12.8641],[92.7209,12.7888],[92.7439,12.6678],[92.7018,12.6002],[92.7009,12.3331],[92.7199,12.3037],[92.7715,12.3171],[92.8148,12.3134],[92.8324,12.3024],[92.8483,12.3081],[92.8567,12.3147],[92.8811,12.3185],[92.8294,12.4198],[92.915,12.4126],[92.9754,12.5437],[92.956,12.6015],[92.9685,12.7399],[92.9268,12.8857],[92.8744,12.9645],[93.0347,13.0823],[93.032,13.1786],[93.057,13.2562],[93.0021,13.3152],[93.0565,13.4108],[93.0325,13.4326],[93.0291,13.5747]]],[[[92.8255,12.304],[92.7421,12.2454],[92.8013,12.131],[92.8712,12.1971],[92.8705,12.2987],[92.8516,12.3024],[92.839,12.3037],[92.8304,12.3005],[92.8255,12.304]]],[[[92.6953,12.9924],[92.6648,12.8815],[92.7198,12.8744],[92.6953,12.9924]]]]},"properties":{"name":"North  & Middle Andaman"}},
{"type":"Feature","geometry":{"type":"MultiPolygon","coordinates":[[[[92.6972,12.2394],[92.6456,12.1767],[92.6136,12.0086],[92.542,11.8353],[92.5883,11.7169],[92.6056,11.6084],[92.671,11.5037],[92.7272,11.517],[92.7564,11.6649],[92.7448,11.6913],[92.7875,11.9188],[92.7154,11.9514],[92.7745,12.0298],[92.735,12.1034],[92.7551,12.1523],[92.6972,12.2394]]],[[[92.5194,10.8996],[92.4624,10.8635],[92.3809,10.7623],[92.3827,10.6752],[92.4327,10.5482],[92.4998,10.5084],[92.5682,10.5759],[92.5538,10.6392],[92.5982,10.6774],[92.5604,10.8616],[92.5194,10.8996]]],[[[92.6367,11.5152],[92.5871,11.4002],[92.6645,11.3573],[92.6848,11.4331],[92.6367,11.5152]]]]},"properties":{"name":"South Andaman"}},
{"type":"Feature","geometry":{"type":"MultiPolygon","coordinates":[[[[93.8442,7.2217],[93.6856,7.1893],[93.6597,7.1133],[93.6747,7.0197],[93.7543,6.9558],[93.8209,6.8147],[93.8954,6.8408],[93.8962,6.9029],[93.9359,6.9625],[93.8834,7.1883],[93.8442,7.2217]]],[[[93.4016,8.0089],[93.3309,8.0096],[93.3108,7.9535],[93.3779,7.883],[93.4618,7.9351],[93.4016,8.0089]]],[[[93.7121,7.443],[93.7075,7.3936],[93.6331,7.3703],[93.6291,7.2691],[93.7247,7.3099],[93.7544,7.3761],[93.7121,7.443]]],[[[92.7797,9.2523],[92.7244,9.2177],[92.7326,9.1239],[92.8288,9.1398],[92.8183,9.2136],[92.7797,9.2523]]]]},"properties":{"name":"Nicobars"}},
{"type":"Feature","geometry":{"type":"Polygon","coordinates":[[[95.7843,27.7342],[95.8803,27.7556],[96.08,27.844],[96.2366,27.8647],[96.2915,27.77],[96.2867,27.6287],[96.3152,27.5622],[96.3795,27.6433],[96.6111,27.6489],[96.7143,27.6691],[96.7196,27.8099],[96.5335,27.9883],[96.4149,27.9541],[96.2867,28.0622],[96.3385,28.1186],[96.3451,28.1863],[96.3058,28.2405],[96.2985,28.3337],[96.27,28.2559],[96.186,28.1758],[96.0949,28.1344],[96.0092,27.9579],[95.9772,27.9629],[95.7843,27.7342]]]},"properties":{"name":"Lohit"}},
{"type":"Feature","geometry":{"type":"Polygon","coordinates":[[[94.4054,28.3355],[94.3625,28.1893],[94.383,28.0951],[94.4875,28.0088],[94.5482,28.0751],[94.6483,28.1],[94.8269,28.0243],[94.9193,28.0611],[94.9195,28.1224],[94.877,28.2004],[94.9387,28.2358],[94.8914,28.4127],[94.7799,28.4216],[94.7649,28.5423],[94.7526,28.5506],[94.5392,28.4641],[94.4054,28.3355]]]},"properties":{"name":"West Siang"}},
{"type":"Feature","geometry":{"type":"Polygon","coordinates":[[[94.4875,28.0088],[94.383,28.0951],[94.3625,28.1893],[94.4054,28.3355],[94.327,28.3658],[94.3224,28.4104],[94.2392,28.4495],[94.1533,28.4358],[94.1068,28.5168],[93.9982,28.5735],[93.9313,28.6638],[93.8423,28.6987],[93.6471,28.6523],[93.5034,28.6603],[93.4679,28.685],[93.3291,28.6389],[93.2815,28.5067],[93.1873,28.439],[93.2305,28.3501],[93.3489,28.3329],[93.464,28.272],[93.5714,28.258],[93.635,28.3021],[93.7222,28.3046],[93.8574,28.2327],[93.8936,28.0529],[93.9723,27.9736],[94.0474,27.9647],[94.0771,27.8655],[94.1526,27.8849],[94.3108,27.7779],[94.5889,27.8929],[94.4875,28.0088]]]},"properties":{"name":"Upper Subansiri"}},
{"type":"Feature","geometry":{"type":"Polygon","coordinates":[[[96.3152,27.5622],[96.2362,27.5689],[96.1246,27.6241],[96.0156,27.5567],[95.8803,27.547],[95.8814,27.4376],[95.9719,27.4301],[96.0134,27.3686],[95.9616,27.3102],[95.683,27.2511],[95.6356,27.2306],[95.6844,27.1687],[95.6443,27.0049],[95.6893,26.9905],[95.721,26.903],[95.7932,27.031],[95.8713,27.0242],[95.9634,27.0841],[96.0425,27.1969],[96.2435,27.2934],[96.5038,27.312],[96.6185,27.3733],[96.8019,27.3393],[96.8819,27.262],[96.8612,27.1955],[96.9646,27.1706],[97.0607,27.1135],[97.1375,27.1087],[97.1613,27.1547],[97.0025,27.3186],[96.9062,27.4717],[96.9344,27.5191],[96.9068,27.623],[96.7143,27.6691],[96.6111,27.6489],[96.3795,27.6433],[96.3152,27.5622]]]},"properties":{"name":"Changlang"}},
{"type":"Feature","geometry":{"type":"Polygon","coordinates":[[[95.1766,27.0214],[95.242,26.8807],[95.1758,26.8573],[95.224,26.774],[95.2317,26.6838],[95.3124,26.6666],[95.442,26.7186],[95.4962,26.7718],[95.4342,26.8534],[95.3598,26.8954],[95.3931,27.0497],[95.3714,27.0958],[95.37,27.1055],[95.2469,27.0245],[95.1766,27.0214]]]},"properties":{"name":"Longding"}},
{"type":"Feature","geometry":{"type":"Polygon","coordinates":[[[93.962,27.489],[94.0191,27.5272],[93.9085,27.6113],[93.917,27.7907],[93.8724,27.8042],[93.7744,27.7881],[93.7746,27.7375],[93.5993,27.6276],[93.5435,27.6119],[93.6019,27.5163],[93.6076,27.3633],[93.6716,27.3246],[93.7649,27.3466],[93.8555,27.4551],[93.962,27.489]]]},"properties":{"name":"Lower Subansiri"}},
{"type":"Feature","geometry":{"type":"Polygon","coordinates":[[[93.3016,27.3472],[93.4051,27.3829],[93.2851,27.611],[93.2052,27.6875],[93.2449,27.8125],[93.1771,27.8321],[92.9837,27.8245],[92.9327,27.9109],[92.731,27.9736],[92.5672,27.8363],[92.4968,27.8528],[92.4475,27.8186],[92.4387,27.7614],[92.498,27.7415],[92.5284,27.6213],[92.5721,27.6302],[92.7084,27.4432],[92.8283,27.4253],[92.8115,27.3688],[92.8524,27.3138],[92.8351,27.2341],[92.786,27.1909],[92.8443,27.1404],[92.9996,27.1589],[92.9848,27.257],[93.1224,27.2981],[93.1454,27.3605],[93.2134,27.3836],[93.3016,27.3472]]]},"properties":{"name":"East Kameng"}},
{"type":"Feature","geometry":{"type":"Polygon","coordinates":[[[94.7649,28.5423],[94.8434,28.5654],[94.9484,28.5632],[95.0017,28.4975],[95.1044,28.4915],[95.0706,28.4037],[95.1028,28.356],[95.1179,28.2063],[95.2191,28.1488],[95.3311,28.2256],[95.342,28.2761],[95.4145,28.3073],[95.3609,28.3616],[95.3535,28.4626],[95.4185,28.5212],[95.3613,28.6773],[95.4189,28.7449],[95.3512,28.8301],[95.3502,28.9147],[95.2729,28.9378],[95.2699,29.0514],[95.2595,29.0992],[95.1222,29.1082],[95.1015,29.1326],[94.8494,29.1784],[94.7462,29.2766],[94.6568,29.3353],[94.546,29.2168],[94.4464,29.2245],[94.364,29.1493],[94.3028,29.1511],[94.2041,29.0646],[94.1821,29.0109],[94.2678,29.0163],[94.3742,28.9569],[94.3733,28.888],[94.4398,28.8855],[94.5249,28.8285],[94.6185,28.8021],[94.7485,28.7002],[94.7526,28.5506],[94.7649,28.5423]]]},"properties":{"name":"Upper Siang"}},
{"type":"Feature","geometry":{"type":"Polygon","coordinates":[[[96.7143,27.6691],[96.9068,27.623],[97.0492,27.7469],[97.1251,27.7809],[97.2524,27.8849],[97.3799,27.8917],[97.3932,28.0206],[97.3152,28.1408],[97.3798,28.2066],[97.2855,28.2536],[97.163,28.2785],[97.0787,28.34],[96.994,28.3048],[96.8549,28.3589],[96.765,28.3605],[96.7246,28.4114],[96.6415,28.4432],[96.5547,28.4368],[96.4443,28.3984],[96.3884,28.3207],[96.3241,28.3676],[96.2985,28.3337],[96.3058,28.2405],[96.3451,28.1863],[96.3385,28.1186],[96.2867,28.0622],[96.4149,27.9541],[96.5335,27.9883],[96.7196,27.8099],[96.7143,27.6691]]]},"properties":{"name":"Anjaw"}},
{"type":"Feature","geometry":{"type":"Polygon","coordinates":[[[94.9193,28.0611],[94.9343,28.0518],[95.0709,28.0313],[95.2212,28.0854],[95.2191,28.1488],[95.1179,28.2063],[95.1028,28.356],[95.0706,28.4037],[95.1044,28.4915],[95.0017,28.4975],[94.9484,28.5632],[94.8434,28.5654],[94.7649,28.5423],[94.7799,28.4216],[94.8914,28.4127],[94.9387,28.2358],[94.877,28.2004],[94.9195,28.1224],[94.9193,28.0611]]]},"properties":{"name":"Siang"}},
{"type":"Feature","geometry":{"type":"Polygon","coordinates":[[[95.4185,28.5212],[95.5727,28.4774],[95.5556,28.3861],[95.6759,28.3609],[95.844,28.2856],[95.8446,28.3514],[95.9343,28.4057],[95.9307,28.4432],[96.0194,28.5078],[96.1094,28.4909],[96.2466,28.5474],[96.329,28.5065],[96.4794,28.6073],[96.4659,28.6644],[96.5635,28.6927],[96.6112,28.7583],[96.5298,28.8751],[96.5102,28.9456],[96.4289,29.0253],[96.3447,29.0224],[96.1785,28.8875],[96.1884,28.9763],[96.1538,29.0411],[96.2217,29.128],[96.3538,29.1664],[96.3777,29.2735],[96.239,29.2287],[96.1818,29.2902],[96.1435,29.3846],[96.0658,29.4514],[95.9467,29.3701],[95.8627,29.3808],[95.768,29.3433],[95.7147,29.2927],[95.5277,29.1894],[95.4539,29.0353],[95.2699,29.0514],[95.2729,28.9378],[95.3502,28.9147],[95.3512,28.8301],[95.4189,28.7449],[95.3613,28.6773],[95.4185,28.5212]]]},"properties":{"name":"Dibang Valley"}},
{"type":"Feature","geometry":{"type":"Polygon","coordinates":[[[93.2305,28.3501],[93.1328,28.3291],[93.0323,28.27],[92.9567,28.2536],[92.8328,28.1744],[92.809,28.2011],[92.701,28.1355],[92.6765,28.0785],[92.741,28.0363],[92.731,27.9736],[92.9327,27.9109],[92.9837,27.8245],[93.1771,27.8321],[93.2449,27.8125],[93.2052,27.6875],[93.2851,27.611],[93.3546,27.6484],[93.5285,27.6349],[93.5226,27.7343],[93.5725,27.7873],[93.6542,27.7741],[93.6906,27.9625],[93.6008,27.9812],[93.5706,28.0787],[93.4818,28.1371],[93.464,28.272],[93.3489,28.3329],[93.2305,28.3501]]]},"properties":{"name":"Kurung Kumey"}},
{"type":"Feature","geometry":{"type":"Polygon","coordinates":[[[92.4387,27.7614],[92.3891,27.7455],[92.3798,27.6651],[92.2084,27.6376],[92.1757,27.5596],[92.1118,27.5589],[92.0669,27.4932],[91.9989,27.4718],[92.057,27.3169],[92.1149,27.2697],[92.0161,27.151],[92.0122,27.0941],[92.1109,26.9706],[92.1041,26.8863],[92.1969,26.8898],[92.3664,26.9314],[92.4481,26.9593],[92.5869,26.9608],[92.6523,27.0233],[92.5919,27.0998],[92.6096,27.1474],[92.7481,27.2087],[92.786,27.1909],[92.8351,27.2341],[92.8524,27.3138],[92.8115,27.3688],[92.8283,27.4253],[92.7084,27.4432],[92.5721,27.6302],[92.5284,27.6213],[92.498,27.7415],[92.4387,27.7614]]]},"properties":{"name":"West Kameng"}},
{"type":"Feature","geometry":{"type":"Polygon","coordinates":[[[96.2985,28.3337],[96.3241,28.3676],[96.3764,28.4593],[96.329,28.5065],[96.2466,28.5474],[96.1094,28.4909],[96.0194,28.5078],[95.9307,28.4432],[95.9343,28.4057],[95.8446,28.3514],[95.844,28.2856],[95.6759,28.3609],[95.5556,28.3861],[95.5727,28.4774],[95.4185,28.5212],[95.3535,28.4626],[95.3609,28.3616],[95.4145,28.3073],[95.576,28.2579],[95.567,28.0526],[95.5068,27.9563],[95.5263,27.8931],[95.6069,27.953],[95.8258,27.9722],[95.9772,27.9629],[96.0092,27.9579],[96.0949,28.1344],[96.186,28.1758],[96.27,28.2559],[96.2985,28.3337]]]},"properties":{"name":"Lower Dibang Valley"}},
{"type":"Feature","geometry":{"type":"Polygon","coordinates":[[[92.4475,27.8186],[92.3062,27.7892],[92.2688,27.8611],[92.1837,27.8444],[92.045,27.7609],[91.9698,27.7516],[91.8625,27.7002],[91.8376,27.7665],[91.7208,27.784],[91.6601,27.8236],[91.6164,27.6904],[91.5653,27.6593],[91.5625,27.5825],[91.6376,27.4762],[91.7111,27.4818],[91.7913,27.4495],[91.848,27.4746],[91.9989,27.4718],[92.0669,27.4932],[92.1118,27.5589],[92.1757,27.5596],[92.2084,27.6376],[92.3798,27.6651],[92.3891,27.7455],[92.4387,27.7614],[92.4475,27.8186]]]},"properties":{"name":"Tawang"}},
{"type":"Feature","geometry":{"type":"Polygon","coordinates":[[[93.5435,27.6119],[93.5285,27.6349],[93.3546,27.6484],[93.2851,27.611],[93.4051,27.3829],[93.3016,27.3472],[93.2454,27.2718],[93.3418,27.1989],[93.2477,27.1592],[93.3798,27.0822],[93.4283,26.9917],[93.3915,26.9576],[93.4688,26.9363],[93.6763,26.9682],[93.6988,26.9919],[93.8372,27.0752],[93.8092,27.1488],[94.0007,27.3317],[94.2111,27.4951],[94.1305,27.5147],[94.0885,27.483],[93.962,27.489],[93.8555,27.4551],[93.7649,27.3466],[93.6716,27.3246],[93.6076,27.3633],[93.6019,27.5163],[93.5435,27.6119]]]},"properties":{"name":"Papum Pare"}},
{"type":"Feature","geometry":{"type":"Polygon","coordinates":[[[90.655,26.2416],[90.3784,26.1817],[90.1894,26.1203],[90.1786,26.0746],[90.1767,26.001],[90.1219,25.9614],[90.2159,25.954],[90.3273,25.9745],[90.368,26.0104],[90.4802,26.0153],[90.5372,25.958],[90.6316,25.9374],[90.7156,25.9521],[90.9601,25.9337],[91.0313,25.8877],[91.0907,26.0252],[90.9381,26.094],[90.6941,26.1532],[90.655,26.2416]]]},"properties":{"name":"Goalpara"}},
{"type":"Feature","geometry":{"type":"Polygon","coordinates":[[[91.2925,26.562],[91.2526,26.5347],[91.2288,26.3664],[91.2639,26.3679],[91.2357,26.1824],[91.4473,26.1623],[91.4538,26.2882],[91.5189,26.3274],[91.5658,26.4334],[91.558,26.5142],[91.5861,26.5629],[91.3831,26.5306],[91.2997,26.4938],[91.2925,26.562]]]},"properties":{"name":"Nalbari"}},
{"type":"Feature","geometry":{"type":"Polygon","coordinates":[[[90.3784,26.1817],[90.3789,26.2216],[90.4895,26.2717],[90.4192,26.3629],[90.2397,26.3239],[90.1557,26.353],[90.1329,26.1965],[90.0497,26.1883],[90.019,26.2347],[89.939,26.2156],[89.8746,26.1639],[89.8491,26.2601],[89.9033,26.3769],[89.8581,26.4287],[89.8374,26.4124],[89.8311,26.3668],[89.7214,26.2593],[89.7207,26.1652],[89.7487,26.1582],[89.8215,26.0261],[89.8151,25.9523],[89.8632,25.8925],[90.084,26.0473],[90.1786,26.0746],[90.1894,26.1203],[90.3784,26.1817]]]},"properties":{"name":"Dhubri"}},
{"type":"Feature","geometry":{"type":"Polygon","coordinates":[[[94.835,27.0942],[94.7589,27.1426],[94.7661,27.2453],[94.6748,27.2224],[94.5945,27.1339],[94.5637,27.1008],[94.5536,27.0952],[94.5486,27.0833],[94.5381,27.0688],[94.4024,26.9477],[94.4965,26.8707],[94.5396,26.7735],[94.5941,26.7251],[94.6855,26.7276],[94.7446,26.7771],[94.8056,26.8162],[94.8852,26.9274],[94.9282,26.9443],[94.7683,26.9359],[94.8256,27.009],[94.835,27.0942]]]},"properties":{"name":"Sivasagar"}},
{"type":"Feature","geometry":{"type":"Polygon","coordinates":[[[92.4894,24.8759],[92.4381,24.8561],[92.2469,24.9089],[92.2444,24.8428],[92.2979,24.7364],[92.2556,24.6594],[92.2214,24.5129],[92.272,24.387],[92.2117,24.248],[92.3,24.2505],[92.4209,24.2514],[92.512,24.3894],[92.5051,24.489],[92.526,24.6514],[92.5218,24.7406],[92.5879,24.8623],[92.4894,24.8759]]]},"properties":{"name":"Karimganj"}},
{"type":"Feature","geometry":{"type":"Polygon","coordinates":[[[95.9772,27.9629],[95.8258,27.9722],[95.6069,27.953],[95.5263,27.8931],[95.4677,27.8625],[95.4535,27.8268],[95.2218,27.6487],[95.3038,27.6066],[95.214,27.4326],[95.3138,27.3914],[95.3975,27.3908],[95.5201,27.3335],[95.4898,27.2428],[95.5336,27.2646],[95.6356,27.2306],[95.683,27.2511],[95.9616,27.3102],[96.0134,27.3686],[95.9719,27.4301],[95.8814,27.4376],[95.8803,27.547],[95.7972,27.6019],[95.7843,27.7342],[95.9772,27.9629]]]},"properties":{"name":"Tinsukia"}},
{"type":"Feature","geometry":{"type":"Polygon","coordinates":[[[92.4209,24.2514],[92.4174,24.1927],[92.4643,24.133],[92.5119,24.1718],[92.549,24.244],[92.6099,24.2513],[92.6226,24.3306],[92.6887,24.3524],[92.7635,24.5185],[92.7629,24.5669],[92.6687,24.5914],[92.644,24.7203],[92.6828,24.8027],[92.5879,24.8623],[92.5218,24.7406],[92.526,24.6514],[92.5051,24.489],[92.512,24.3894],[92.4209,24.2514]]]},"properties":{"name":"Hailakandi"}},
{"type":"Feature","geometry":{"type":"Polygon","coordinates":[[[90.9581,26.7835],[90.7036,26.7678],[90.5638,26.8009],[90.4452,26.8828],[90.4304,26.7316],[90.3688,26.631],[90.4505,26.4667],[90.5563,26.4713],[90.6523,26.5285],[90.741,26.4951],[90.8457,26.5429],[90.8801,26.6194],[90.9581,26.7835]]]},"properties":{"name":"Chirang"}},
{"type":"Feature","geometry":{"type":"Polygon","coordinates":[[[95.4677,27.8625],[95.3845,27.8374],[95.3168,27.8667],[94.8612,27.7296],[94.7432,27.6597],[94.6845,27.6597],[94.5008,27.5739],[94.4217,27.598],[94.3683,27.5735],[94.2184,27.606],[94.2659,27.5084],[94.3055,27.4371],[94.2723,27.3627],[94.3194,27.3306],[94.3918,27.3594],[94.4347,27.3211],[94.506,27.3367],[94.5427,27.2225],[94.5429,27.2226],[94.6991,27.4227],[94.8952,27.5844],[95.0532,27.624],[95.2218,27.6487],[95.4535,27.8268],[95.4677,27.8625]]]},"properties":{"name":"Dhemaji"}},
{"type":"Feature","geometry":{"type":"Polygon","coordinates":[[[92.4414,26.4848],[92.2561,26.4515],[92.1803,26.4232],[92.0444,26.2756],[91.9548,26.2539],[91.9987,26.2047],[92.1308,26.1787],[92.1792,26.0781],[92.2651,26.0638],[92.2694,26.0664],[92.2936,26.0751],[92.2947,26.0763],[92.3001,26.0755],[92.3023,26.0749],[92.4013,26.1388],[92.4372,26.2432],[92.5403,26.2768],[92.5553,26.3546],[92.4408,26.4053],[92.4414,26.4848]]]},"properties":{"name":"Morigaon"}},
{"type":"Feature","geometry":{"type":"Polygon","coordinates":[[[93.7718,25.9622],[93.8976,26.312],[93.7359,26.5498],[93.6817,26.5954],[93.4109,26.5571],[93.3032,26.5784],[93.1879,26.5677],[93.1065,26.5311],[93.0556,26.4244],[92.9135,26.3925],[92.9428,26.3269],[92.8402,26.2807],[92.8266,26.2716],[92.802,26.2023],[92.9431,26.201],[92.9353,26.1506],[92.934,26.1467],[92.9315,26.1452],[92.9447,26.1364],[93.0494,26.0874],[93.0517,26.0854],[93.1069,26.0703],[93.1867,25.9025],[93.244,25.837],[93.2216,25.7255],[93.1438,25.7132],[93.1994,25.5573],[93.3305,25.5436],[93.4263,25.6281],[93.5423,25.6981],[93.6472,25.8203],[93.7051,25.8495],[93.6865,25.9057],[93.7718,25.9622]]]},"properties":{"name":"Karbi Anglong East"}},
{"type":"Feature","geometry":{"type":"Polygon","coordinates":[[[93.6988,26.9919],[93.7435,26.9585],[93.7748,26.7923],[93.858,26.8383],[94.0832,26.9992],[94.1102,26.97],[94.3075,27.0724],[94.4381,27.1193],[94.5083,27.1205],[94.5427,27.2225],[94.506,27.3367],[94.4347,27.3211],[94.3918,27.3594],[94.3194,27.3306],[94.2723,27.3627],[94.3055,27.4371],[94.2659,27.5084],[94.2111,27.4951],[94.0007,27.3317],[93.8092,27.1488],[93.8372,27.0752],[93.6988,26.9919]]]},"properties":{"name":"Lakhimpur"}},
{"type":"Feature","geometry":{"type":"Polygon","coordinates":[[[90.655,26.2416],[90.8626,26.3756],[90.8086,26.4999],[90.8457,26.5429],[90.741,26.4951],[90.6523,26.5285],[90.5563,26.4713],[90.4505,26.4667],[90.3985,26.4015],[90.4192,26.3629],[90.4895,26.2717],[90.3789,26.2216],[90.3784,26.1817],[90.655,26.2416]]]},"properties":{"name":"Bongaigaon"}},
{"type":"Feature","geometry":{"type":"Polygon","coordinates":[[[91.5861,26.5629],[91.6214,26.456],[91.7032,26.4532],[91.7835,26.4957],[91.7874,26.5013],[91.7447,26.5901],[91.7455,26.6834],[91.7067,26.8111],[91.6264,26.8206],[91.481,26.7912],[91.4113,26.835],[91.3392,26.7791],[91.2515,26.8126],[91.0924,26.8181],[91.0572,26.7791],[90.9581,26.7835],[90.8801,26.6194],[90.9129,26.5781],[91.0429,26.5658],[91.1016,26.5392],[91.1896,26.6048],[91.2925,26.562],[91.2997,26.4938],[91.3831,26.5306],[91.5861,26.5629]]]},"properties":{"name":"Baksa"}},
{"type":"Feature","geometry":{"type":"Polygon","coordinates":[[[92.4013,26.1388],[92.4071,26.1259],[92.4048,26.1182],[92.4252,26.115],[92.4335,26.1155],[92.5349,26.0958],[92.541,26.1004],[92.546,26.105],[92.5968,26.069],[92.5925,25.9647],[92.729,26.0588],[92.7291,26.0589],[92.7312,26.0649],[92.7664,26.1778],[92.802,26.2023],[92.8266,26.2716],[92.8402,26.2807],[92.9428,26.3269],[92.9135,26.3925],[93.0556,26.4244],[93.1065,26.5311],[93.1879,26.5677],[93.3032,26.5784],[93.3079,26.6983],[93.2456,26.6839],[93.1608,26.599],[93.0731,26.5947],[92.943,26.6173],[92.8372,26.5727],[92.7544,26.5119],[92.7042,26.5259],[92.5797,26.5002],[92.4471,26.5206],[92.4414,26.4848],[92.4408,26.4053],[92.5553,26.3546],[92.5403,26.2768],[92.4372,26.2432],[92.4013,26.1388]]]},"properties":{"name":"Nagaon"}},
{"type":"Feature","geometry":{"type":"Polygon","coordinates":[[[92.5879,24.8623],[92.6828,24.8027],[92.644,24.7203],[92.6687,24.5914],[92.7629,24.5669],[92.7635,24.5185],[92.8093,24.4112],[92.8924,24.3927],[93.0139,24.3997],[93.0591,24.5719],[93.1028,24.6723],[93.1109,24.7992],[93.1911,24.8031],[93.2124,24.8587],[93.2511,24.9719],[93.0707,24.9976],[93.0179,25.0956],[92.8401,25.0534],[92.7249,25.1124],[92.5422,25.0976],[92.4007,25.0359],[92.4296,25.0272],[92.4989,24.906],[92.4894,24.8759],[92.5879,24.8623]]]},"properties":{"name":"Cachar"}},
{"type":"Feature","geometry":{"type":"Polygon","coordinates":[[[92.4414,26.4848],[92.4471,26.5206],[92.3644,26.5829],[92.295,26.6214],[92.2418,26.5991],[92.1859,26.6671],[92.0866,26.6583],[92.0035,26.5627],[91.9362,26.5717],[91.7874,26.5013],[91.7835,26.4957],[91.8209,26.325],[91.76,26.2005],[91.8913,26.2191],[91.9548,26.2539],[92.0444,26.2756],[92.1803,26.4232],[92.2561,26.4515],[92.4414,26.4848]]]},"properties":{"name":"Darrang"}},
{"type":"Feature","geometry":{"type":"Polygon","coordinates":[[[91.0313,25.8877],[91.0028,25.822],[91.1547,25.8497],[91.2255,25.723],[91.2772,25.7464],[91.3441,25.8355],[91.4459,25.8404],[91.4873,25.8921],[91.5036,26.0163],[91.5738,26.0441],[91.587,26.1219],[91.6816,26.1795],[91.76,26.2005],[91.8209,26.325],[91.7835,26.4957],[91.7032,26.4532],[91.6214,26.456],[91.5861,26.5629],[91.558,26.5142],[91.5658,26.4334],[91.5189,26.3274],[91.4538,26.2882],[91.4473,26.1623],[91.2357,26.1824],[90.9381,26.094],[91.0907,26.0252],[91.0313,25.8877]]]},"properties":{"name":"Kamrup"}},
{"type":"Feature","geometry":{"type":"Polygon","coordinates":[[[95.3714,27.0958],[95.4565,27.1296],[95.4898,27.2428],[95.5201,27.3335],[95.3975,27.3908],[95.3138,27.3914],[95.214,27.4326],[95.3038,27.6066],[95.2218,27.6487],[95.0532,27.624],[94.8952,27.5844],[94.6991,27.4227],[94.5429,27.2226],[94.5945,27.1339],[94.6748,27.2224],[94.7661,27.2453],[94.7589,27.1426],[94.835,27.0942],[94.9356,27.1998],[94.9933,27.1331],[95.1406,27.1371],[95.2351,27.1955],[95.3442,27.1809],[95.37,27.1055],[95.3714,27.0958]]]},"properties":{"name":"Dibrugarh"}},
{"type":"Feature","geometry":{"type":"Polygon","coordinates":[[[90.9381,26.094],[91.2357,26.1824],[91.2639,26.3679],[91.2288,26.3664],[91.2526,26.5347],[91.2925,26.562],[91.1896,26.6048],[91.1016,26.5392],[91.0429,26.5658],[90.9129,26.5781],[90.8801,26.6194],[90.8457,26.5429],[90.8086,26.4999],[90.8626,26.3756],[90.655,26.2416],[90.6941,26.1532],[90.9381,26.094]]]},"properties":{"name":"Barpeta"}},
{"type":"Feature","geometry":{"type":"Polygon","coordinates":[[[92.3664,26.9314],[92.3315,26.8057],[92.334,26.6696],[92.4169,26.65],[92.3644,26.5829],[92.4471,26.5206],[92.5797,26.5002],[92.7042,26.5259],[92.7544,26.5119],[92.8372,26.5727],[92.943,26.6173],[93.0731,26.5947],[93.1608,26.599],[93.0837,26.7419],[93.0624,26.9197],[93.0205,26.9148],[92.8739,27.0059],[92.7707,27.0314],[92.6523,27.0233],[92.5869,26.9608],[92.4481,26.9593],[92.3664,26.9314]]]},"properties":{"name":"Sonitpur"}},
{"type":"Feature","geometry":{"type":"Polygon","coordinates":[[[92.1041,26.8863],[92.0574,26.847],[91.9879,26.8573],[91.8998,26.9152],[91.7067,26.8111],[91.7455,26.6834],[91.7447,26.5901],[91.7874,26.5013],[91.9362,26.5717],[92.0035,26.5627],[92.0866,26.6583],[92.1859,26.6671],[92.2418,26.5991],[92.295,26.6214],[92.3644,26.5829],[92.4169,26.65],[92.334,26.6696],[92.3315,26.8057],[92.3664,26.9314],[92.1969,26.8898],[92.1041,26.8863]]]},"properties":{"name":"Udalguri"}},
{"type":"Feature","geometry":{"type":"Polygon","coordinates":[[[93.7718,25.9622],[93.7784,25.8424],[93.9144,25.8835],[93.9811,25.922],[93.9576,25.9983],[94.0118,26.1821],[94.1069,26.3222],[94.1665,26.349],[94.1172,26.3999],[94.0981,26.4917],[94.1164,26.5544],[94.0959,26.6454],[94.0479,26.7286],[93.9912,26.7664],[93.877,26.7231],[93.7634,26.784],[93.7036,26.7702],[93.6501,26.7051],[93.5098,26.7605],[93.348,26.7317],[93.3079,26.6983],[93.3032,26.5784],[93.4109,26.5571],[93.6817,26.5954],[93.7359,26.5498],[93.8976,26.312],[93.7718,25.9622]]]},"properties":{"name":"Golaghat"}},
{"type":"Feature","geometry":{"type":"Polygon","coordinates":[[[91.9548,26.2539],[91.8913,26.2191],[91.76,26.2005],[91.6816,26.1795],[91.587,26.1219],[91.5738,26.0441],[91.5036,26.0163],[91.4873,25.8921],[91.5716,26.0267],[91.6337,26.0216],[91.6315,25.9438],[91.7215,25.9532],[91.7327,26.0583],[91.8207,26.1177],[91.8771,26.0967],[91.8844,26.0289],[92.134,26.0445],[92.1792,26.0781],[92.1308,26.1787],[91.9987,26.2047],[91.9548,26.2539]]]},"properties":{"name":"Kamrup Metropolitan"}},
{"type":"Feature","geometry":{"type":"Polygon","coordinates":[[[93.1438,25.7132],[93.1439,25.7133],[93.144,25.7141],[93.0713,25.7748],[92.9313,25.8032],[92.8211,25.7402],[92.7496,25.6004],[92.6663,25.5732],[92.6604,25.5797],[92.6092,25.5105],[92.6065,25.4165],[92.7364,25.379],[92.7914,25.2828],[92.7462,25.2055],[92.6621,25.1708],[92.6208,25.1156],[92.5422,25.0976],[92.7249,25.1124],[92.8401,25.0534],[93.0179,25.0956],[93.0707,24.9976],[93.2511,24.9719],[93.2471,25.0156],[93.334,25.0925],[93.3514,25.1784],[93.4526,25.2912],[93.4766,25.3763],[93.4553,25.4384],[93.389,25.4658],[93.3305,25.5436],[93.1994,25.5573],[93.1438,25.7132]]]},"properties":{"name":"Dima Hasao"}},
{"type":"Feature","geometry":{"type":"Polygon","coordinates":[[[90.4192,26.3629],[90.3985,26.4015],[90.4505,26.4667],[90.3688,26.631],[90.4304,26.7316],[90.4452,26.8828],[90.3593,26.896],[90.316,26.8508],[90.2192,26.8536],[90.193,26.7705],[90.0719,26.7321],[89.8939,26.7244],[89.8614,26.7038],[89.8816,26.6131],[89.8581,26.4287],[89.9033,26.3769],[89.8491,26.2601],[89.8746,26.1639],[89.939,26.2156],[90.019,26.2347],[90.0497,26.1883],[90.1329,26.1965],[90.1557,26.353],[90.2397,26.3239],[90.4192,26.3629]]]},"properties":{"name":"Kokrajhar"}},
{"type":"Feature","geometry":{"type":"Polygon","coordinates":[[[94.4024,26.9477],[94.2811,26.8716],[94.0153,26.8307],[93.9912,26.7664],[94.0479,26.7286],[94.0959,26.6454],[94.1164,26.5544],[94.0981,26.4917],[94.1172,26.3999],[94.1665,26.349],[94.1856,26.4563],[94.2813,26.5592],[94.3022,26.4628],[94.4013,26.5342],[94.4089,26.6119],[94.5941,26.7251],[94.5396,26.7735],[94.4965,26.8707],[94.4024,26.9477]]]},"properties":{"name":"Jorhat"}},
{"type":"Feature","geometry":{"type":"Polygon","coordinates":[[[82.319,16.5874],[82.3176,16.6048],[82.3095,16.7013],[82.309,16.7426],[82.2339,16.7248],[82.319,16.5874]]]},"properties":{"name":"Yanam"}},
{"type":"Feature","geometry":{"type":"Polygon","coordinates":[[[79.8549,10.9852],[79.8013,10.9886],[79.8061,10.9029],[79.8522,10.8247],[79.8549,10.9852]]]},"properties":{"name":"Karaikal"}},
{"type":"Feature","geometry":{"type":"MultiPolygon","coordinates":[[[[79.8405,11.9562],[79.7572,11.9468],[79.7081,11.8886],[79.809,11.8368],[79.8405,11.9562]]],[[[79.8013,10.9886],[79.7638,11.0025],[79.7373,10.9354],[79.8061,10.9029],[79.8013,10.9886]]]]},"properties":{"name":"Puducherry"}},
{"type":"Feature","geometry":{"type":"MultiPolygon","coordinates":[[[[75.5406,11.7601],[75.5412,11.7352],[75.5292,11.7161],[75.5482,11.7155],[75.5406,11.7601]]],[[[75.5365,11.6927],[75.5443,11.7056],[75.5298,11.7019],[75.5365,11.6927]]]]},"properties":{"name":"Mahe"}},
{"type":"Feature","geometry":{"type":"Polygon","coordinates":[[[92.8598,23.1651],[92.8342,23.2328],[92.7139,23.2524],[92.6752,23.3209],[92.6504,23.3808],[92.5542,23.3683],[92.4475,23.3853],[92.4594,23.3188],[92.3925,23.269],[92.3607,23.2411],[92.3579,23.1033],[92.3922,23.0565],[92.3776,22.9316],[92.4644,22.8542],[92.4938,22.7429],[92.541,22.7598],[92.7703,22.5075],[92.7847,22.5984],[92.8262,22.619],[92.9117,22.5497],[92.9261,22.62],[92.8969,22.7471],[92.9098,22.7908],[92.8714,22.8617],[92.8898,22.9558],[92.8598,23.1651]]]},"properties":{"name":"Lunglei"}},
{"type":"Feature","geometry":{"type":"Polygon","coordinates":[[[92.5119,24.1718],[92.5229,24.0358],[92.6072,24.0196],[92.6041,23.9284],[92.6395,23.8281],[92.769,23.8364],[92.8053,23.8845],[92.8026,23.9776],[92.8333,24.0054],[92.9002,24.2253],[92.8634,24.2346],[92.8924,24.3927],[92.8093,24.4112],[92.7635,24.5185],[92.6887,24.3524],[92.6226,24.3306],[92.6099,24.2513],[92.549,24.244],[92.5119,24.1718]]]},"properties":{"name":"Kolasib"}},
{"type":"Feature","geometry":{"type":"MultiPolygon","coordinates":[[[[92.4938,22.7429],[92.5164,22.7229],[92.5522,22.4157],[92.5733,22.3479],[92.5977,22.152],[92.5656,22.1334],[92.6382,21.994],[92.6878,22.0547],[92.7038,22.167],[92.8452,22.0713],[92.8283,22.279],[92.9317,22.4029],[92.9117,22.5497],[92.8262,22.619],[92.7847,22.5984],[92.7703,22.5075],[92.541,22.7598],[92.4938,22.7429]]],[[[92.9261,22.62],[93.0493,22.4814],[93.1044,22.5375],[93.1415,22.5936],[93.0886,22.68],[93.0869,22.7907],[92.9826,22.7612],[92.9098,22.7908],[92.8969,22.7471],[92.9261,22.62]]]]},"properties":{"name":"Lawngtlai"}},
{"type":"Feature","geometry":{"type":"Polygon","coordinates":[[[92.9117,22.5497],[92.9317,22.4029],[92.8283,22.279],[92.8452,22.0713],[92.8859,22.0234],[92.9962,22.053],[93.0432,22.1975],[93.1619,22.1929],[93.2002,22.2476],[93.1879,22.4204],[93.125,22.4641],[93.1044,22.5375],[93.0493,22.4814],[92.9261,22.62],[92.9117,22.5497]]]},"properties":{"name":"Saiha"}},
{"type":"Feature","geometry":{"type":"MultiPolygon","coordinates":[[[[93.0309,23.3411],[92.9813,23.2834],[93.0184,23.2404],[93.1237,23.2403],[93.1543,23.2118],[93.1783,23.0599],[93.2504,23.0023],[93.3252,23.0293],[93.3797,23.2129],[93.357,23.3157],[93.2654,23.337],[93.2555,23.3843],[93.1234,23.3225],[93.0309,23.3411]]],[[[93.2465,23.7297],[93.2629,23.6793],[93.2667,23.483],[93.3052,23.4203],[93.3828,23.4217],[93.4185,23.5732],[93.3808,23.7418],[93.3893,23.91],[93.3567,23.9258],[93.3447,23.8491],[93.2465,23.7297]]]]},"properties":{"name":"Champhai"}},
{"type":"Feature","geometry":{"type":"Polygon","coordinates":[[[92.6752,23.3209],[92.7139,23.2524],[92.8342,23.2328],[92.8598,23.1651],[93.1184,23.0023],[93.1783,23.0599],[93.1543,23.2118],[93.1237,23.2403],[93.0184,23.2404],[92.9813,23.2834],[93.0309,23.3411],[93.0115,23.4857],[92.9303,23.5369],[92.7875,23.5424],[92.7641,23.4705],[92.8157,23.4268],[92.7822,23.3174],[92.6752,23.3209]]]},"properties":{"name":"Serchhip"}},
{"type":"Feature","geometry":{"type":"Polygon","coordinates":[[[92.8924,24.3927],[92.8634,24.2346],[92.9002,24.2253],[92.8333,24.0054],[92.8026,23.9776],[92.8053,23.8845],[92.769,23.8364],[92.6395,23.8281],[92.6047,23.7925],[92.6448,23.6918],[92.6141,23.6444],[92.6554,23.5986],[92.6392,23.5014],[92.6504,23.3808],[92.6752,23.3209],[92.7822,23.3174],[92.8157,23.4268],[92.7641,23.4705],[92.7875,23.5424],[92.9303,23.5369],[93.0115,23.4857],[93.0115,23.6747],[93.0136,23.7434],[92.9697,23.8731],[92.9889,24.027],[92.9668,24.0964],[92.9661,24.0974],[93.0281,24.2187],[93.0429,24.3157],[93.0139,24.3997],[92.8924,24.3927]]]},"properties":{"name":"Aizawl"}},
{"type":"Feature","geometry":{"type":"Polygon","coordinates":[[[92.3,24.2505],[92.3213,24.1951],[92.3087,24.0399],[92.3245,23.9164],[92.2559,23.8063],[92.2622,23.7231],[92.3086,23.578],[92.3206,23.475],[92.3925,23.269],[92.4594,23.3188],[92.4475,23.3853],[92.5542,23.3683],[92.6504,23.3808],[92.6392,23.5014],[92.6554,23.5986],[92.6141,23.6444],[92.6448,23.6918],[92.6047,23.7925],[92.6395,23.8281],[92.6041,23.9284],[92.6072,24.0196],[92.5229,24.0358],[92.5119,24.1718],[92.4643,24.133],[92.4174,24.1927],[92.4209,24.2514],[92.3,24.2505]]]},"properties":{"name":"Mamit"}},
{"type":"Feature","geometry":{"type":"Polygon","coordinates":[[[94.0079,24.4515],[93.9262,24.4078],[93.8713,24.2889],[93.8683,24.2163],[93.7729,24.1252],[93.7434,24.0002],[93.821,23.9235],[93.8956,23.9537],[94.0186,23.9207],[94.1167,23.8353],[94.1562,23.8475],[94.1725,23.9343],[94.265,24.0979],[94.2077,24.1342],[94.1997,24.2628],[94.1018,24.4208],[94.0079,24.4515]]]},"properties":{"name":"Chandel"}},
{"type":"Feature","geometry":{"type":"Polygon","coordinates":[[[93.2124,24.8587],[93.2134,24.7859],[93.163,24.7733],[93.132,24.705],[93.2057,24.6898],[93.246,24.6659],[93.3208,24.7066],[93.3608,24.8064],[93.438,24.8308],[93.545,24.8103],[93.5749,24.8422],[93.6803,24.7945],[93.7214,24.8173],[93.7129,24.9137],[93.7746,24.9788],[93.793,25.1144],[93.7661,25.1646],[93.8312,25.241],[93.9272,25.3005],[93.9201,25.3895],[93.8104,25.4623],[93.6818,25.3398],[93.6151,25.2225],[93.4891,25.2333],[93.4526,25.2912],[93.3514,25.1784],[93.334,25.0925],[93.2471,25.0156],[93.2511,24.9719],[93.2124,24.8587]]]},"properties":{"name":"Tamenglong"}},
{"type":"Feature","geometry":{"type":"Polygon","coordinates":[[[94.6812,25.4317],[94.5726,25.5029],[94.5676,25.6711],[94.4857,25.5995],[94.3711,25.3992],[94.3683,25.35],[94.2967,25.2504],[94.19,25.174],[94.1311,25.1193],[94.1565,24.9606],[94.2615,24.9481],[94.3306,24.9908],[94.5075,25.0156],[94.5903,25.0836],[94.7332,25.1036],[94.7114,25.1502],[94.5854,25.2172],[94.5986,25.2833],[94.6812,25.4317]]]},"properties":{"name":"Ukhrul"}},
{"type":"Feature","geometry":{"type":"Polygon","coordinates":[[[93.8621,24.3153],[93.86,24.4516],[93.8593,24.5705],[93.7964,24.6098],[93.7666,24.7249],[93.7334,24.6273],[93.7086,24.4357],[93.7871,24.4164],[93.8621,24.3153]]]},"properties":{"name":"Bishnupur"}},
{"type":"Feature","geometry":{"type":"Polygon","coordinates":[[[93.8713,24.2889],[93.8621,24.3153],[93.7871,24.4164],[93.7086,24.4357],[93.7334,24.6273],[93.7081,24.6262],[93.5683,24.5819],[93.4901,24.5923],[93.429,24.634],[93.391,24.5716],[93.4129,24.517],[93.3559,24.4115],[93.4739,24.3867],[93.4953,24.2772],[93.4123,24.204],[93.3815,24.1105],[93.4007,24.0732],[93.4633,23.9561],[93.5849,23.9535],[93.6122,23.9995],[93.7434,24.0002],[93.7729,24.1252],[93.8683,24.2163],[93.8713,24.2889]]]},"properties":{"name":"Churachandpur"}},
{"type":"Feature","geometry":{"type":"Polygon","coordinates":[[[94.1297,24.627],[94.1232,24.7453],[94.0271,24.67],[93.9343,24.7078],[93.8976,24.6892],[93.9086,24.5622],[94.0316,24.5127],[94.084,24.523],[94.1297,24.627]]]},"properties":{"name":"Thoubal"}},
{"type":"Feature","geometry":{"type":"Polygon","coordinates":[[[94.1232,24.7453],[94.0264,24.9169],[93.9078,24.9165],[93.9364,24.8264],[93.9343,24.7078],[94.0271,24.67],[94.1232,24.7453]]]},"properties":{"name":"Imphal East"}},
{"type":"Feature","geometry":{"type":"Polygon","coordinates":[[[93.6803,24.7945],[93.6698,24.7621],[93.7081,24.6262],[93.7334,24.6273],[93.7666,24.7249],[93.8268,24.9229],[93.9078,24.9165],[94.0264,24.9169],[94.1232,24.7453],[94.1297,24.627],[94.1911,24.6294],[94.1533,24.761],[94.1565,24.9606],[94.1311,25.1193],[94.19,25.174],[94.0428,25.1761],[93.9799,25.293],[94.0011,25.3415],[93.9201,25.3895],[93.9272,25.3005],[93.8312,25.241],[93.7661,25.1646],[93.793,25.1144],[93.7746,24.9788],[93.7129,24.9137],[93.7214,24.8173],[93.6803,24.7945]]]},"properties":{"name":"Kangpokpi"}},
{"type":"Feature","geometry":{"type":"Polygon","coordinates":[[[93.86,24.4516],[93.8749,24.5479],[93.9086,24.5622],[93.8976,24.6892],[93.9343,24.7078],[93.9364,24.8264],[93.9078,24.9165],[93.8268,24.9229],[93.7666,24.7249],[93.7964,24.6098],[93.8593,24.5705],[93.86,24.4516]]]},"properties":{"name":"Imphal West"}},
{"type":"Feature","geometry":{"type":"Polygon","coordinates":[[[95.1766,27.0214],[95.0856,26.9473],[94.9845,26.9129],[94.9282,26.9443],[94.8852,26.9274],[94.8056,26.8162],[94.837,26.7334],[94.8021,26.6427],[94.8905,26.6164],[94.9203,26.388],[94.9146,26.3437],[94.973,26.2899],[95.1388,26.3244],[95.149,26.3623],[95.0878,26.4707],[95.1555,26.6087],[95.2317,26.6838],[95.224,26.774],[95.1758,26.8573],[95.242,26.8807],[95.1766,27.0214]]]},"properties":{"name":"Mon"}},
{"type":"Feature","geometry":{"type":"Polygon","coordinates":[[[94.9203,26.388],[94.864,26.3974],[94.7847,26.4662],[94.7277,26.4668],[94.669,26.3577],[94.5619,26.2969],[94.5867,26.2191],[94.6779,26.2108],[94.7127,26.1717],[94.6751,26.0249],[94.7804,25.993],[95.024,25.8824],[95.1023,25.929],[95.1956,26.0499],[95.1268,26.0754],[95.1226,26.2112],[95.1388,26.3244],[94.973,26.2899],[94.9146,26.3437],[94.9203,26.388]]]},"properties":{"name":"Tuensang"}},
{"type":"Feature","geometry":{"type":"Polygon","coordinates":[[[94.5941,26.7251],[94.4089,26.6119],[94.4013,26.5342],[94.3022,26.4628],[94.3502,26.372],[94.3796,26.2074],[94.4466,26.2275],[94.4757,26.2886],[94.5867,26.2191],[94.5619,26.2969],[94.669,26.3577],[94.7277,26.4668],[94.7443,26.5778],[94.7286,26.6387],[94.7604,26.7094],[94.7446,26.7771],[94.6855,26.7276],[94.5941,26.7251]]]},"properties":{"name":"Mokokchung"}},
{"type":"Feature","geometry":{"type":"Polygon","coordinates":[[[94.7446,26.7771],[94.7604,26.7094],[94.7286,26.6387],[94.7443,26.5778],[94.7277,26.4668],[94.7847,26.4662],[94.864,26.3974],[94.9203,26.388],[94.8905,26.6164],[94.8021,26.6427],[94.837,26.7334],[94.8056,26.8162],[94.7446,26.7771]]]},"properties":{"name":"Longleng"}},
{"type":"Feature","geometry":{"type":"Polygon","coordinates":[[[94.6812,25.4317],[94.8137,25.481],[94.8964,25.5734],[94.8625,25.6132],[94.864,25.7204],[94.8167,25.7637],[94.7245,25.7577],[94.6161,25.7833],[94.4632,25.8578],[94.3442,25.8348],[94.2913,25.7646],[94.2191,25.6919],[94.1953,25.5502],[94.2083,25.5018],[94.3236,25.509],[94.4055,25.5382],[94.4857,25.5995],[94.5676,25.6711],[94.5726,25.5029],[94.6812,25.4317]]]},"properties":{"name":"Phek"}},
{"type":"Feature","geometry":{"type":"Polygon","coordinates":[[[94.2913,25.7646],[94.2039,25.8814],[94.297,25.9583],[94.2884,26.0113],[94.1628,26.023],[94.0068,25.9943],[94.0263,25.9576],[93.9725,25.8722],[93.9865,25.7652],[93.893,25.6616],[93.939,25.5505],[94.0248,25.5644],[94.1953,25.5502],[94.2191,25.6919],[94.2913,25.7646]]]},"properties":{"name":"Kohima"}},
{"type":"Feature","geometry":{"type":"Polygon","coordinates":[[[93.9576,25.9983],[94.0068,25.9943],[94.1628,26.023],[94.2884,26.0113],[94.3758,26.057],[94.3796,26.2074],[94.3502,26.372],[94.3022,26.4628],[94.2813,26.5592],[94.1856,26.4563],[94.1665,26.349],[94.1069,26.3222],[94.0118,26.1821],[93.9576,25.9983]]]},"properties":{"name":"Wokha"}},
{"type":"Feature","geometry":{"type":"Polygon","coordinates":[[[94.5867,26.2191],[94.4757,26.2886],[94.4466,26.2275],[94.3796,26.2074],[94.3758,26.057],[94.2884,26.0113],[94.297,25.9583],[94.2039,25.8814],[94.2913,25.7646],[94.3442,25.8348],[94.4632,25.8578],[94.6161,25.7833],[94.7245,25.7577],[94.6252,25.8209],[94.6041,25.8834],[94.6751,26.0249],[94.7127,26.1717],[94.6779,26.2108],[94.5867,26.2191]]]},"properties":{"name":"Zunheboto"}},
{"type":"Feature","geometry":{"type":"Polygon","coordinates":[[[94.6751,26.0249],[94.6041,25.8834],[94.6252,25.8209],[94.7245,25.7577],[94.8167,25.7637],[94.864,25.7204],[94.8625,25.6132],[94.8964,25.5734],[94.9501,25.6509],[95.0524,25.7257],[95.024,25.8824],[94.7804,25.993],[94.6751,26.0249]]]},"properties":{"name":"Kiphire"}},
{"type":"Feature","geometry":{"type":"Polygon","coordinates":[[[93.5423,25.6981],[93.5854,25.6786],[93.7137,25.7009],[93.8682,25.6893],[93.893,25.6616],[93.9865,25.7652],[93.9725,25.8722],[94.0263,25.9576],[94.0068,25.9943],[93.9576,25.9983],[93.9811,25.922],[93.9144,25.8835],[93.7784,25.8424],[93.7718,25.9622],[93.6865,25.9057],[93.7051,25.8495],[93.6472,25.8203],[93.5423,25.6981]]]},"properties":{"name":"Dimapur"}},
{"type":"Feature","geometry":{"type":"Polygon","coordinates":[[[93.3305,25.5436],[93.389,25.4658],[93.4553,25.4384],[93.4766,25.3763],[93.4526,25.2912],[93.4891,25.2333],[93.6151,25.2225],[93.6818,25.3398],[93.8104,25.4623],[93.8505,25.5541],[93.939,25.5505],[93.893,25.6616],[93.8682,25.6893],[93.7137,25.7009],[93.5854,25.6786],[93.5423,25.6981],[93.4263,25.6281],[93.3305,25.5436]]]},"properties":{"name":"Peren"}},
{"type":"Feature","geometry":{"type":"Polygon","coordinates":[[[91.7615,24.1418],[91.6482,24.1685],[91.637,24.1022],[91.5836,24.0729],[91.489,24.0957],[91.5604,23.8625],[91.5617,23.7842],[91.5678,23.7627],[91.7046,23.7586],[91.7765,23.6887],[91.7999,23.8213],[91.7951,23.9241],[91.765,23.962],[91.7615,24.1418]]]},"properties":{"name":"Khowai"}},
{"type":"Feature","geometry":{"type":"Polygon","coordinates":[[[91.5617,23.7842],[91.4694,23.7408],[91.3991,23.7631],[91.2249,23.7464],[91.1682,23.7484],[91.1605,23.6194],[91.2798,23.4304],[91.3115,23.276],[91.3456,23.2784],[91.4256,23.375],[91.386,23.4415],[91.4017,23.5779],[91.4655,23.6528],[91.5634,23.7184],[91.5678,23.7627],[91.5617,23.7842]]]},"properties":{"name":"Sipahijula"}},
{"type":"Feature","geometry":{"type":"Polygon","coordinates":[[[91.489,24.0957],[91.3758,24.1081],[91.3758,24.004],[91.2825,23.9771],[91.2298,23.8978],[91.2538,23.8399],[91.2249,23.7464],[91.3991,23.7631],[91.4694,23.7408],[91.5617,23.7842],[91.5604,23.8625],[91.489,24.0957]]]},"properties":{"name":"West Tripura"}},
{"type":"Feature","geometry":{"type":"Polygon","coordinates":[[[91.7765,23.6887],[91.7852,23.5509],[91.8863,23.4311],[91.9657,23.4838],[91.9343,23.6762],[92.0238,23.661],[92.175,23.7359],[92.1329,23.9191],[92.0914,23.9905],[92.0731,24.1113],[91.9784,24.069],[91.9042,24.1372],[91.8478,24.2059],[91.7479,24.2361],[91.7615,24.1418],[91.765,23.962],[91.7951,23.9241],[91.7999,23.8213],[91.7765,23.6887]]]},"properties":{"name":"Dhalai"}},
{"type":"Feature","geometry":{"type":"Polygon","coordinates":[[[92.0914,23.9905],[92.1522,24.0755],[92.184,24.1867],[92.067,24.2713],[92.0729,24.3741],[91.9961,24.3875],[91.9241,24.3307],[91.9478,24.2642],[91.9042,24.1372],[91.9784,24.069],[92.0731,24.1113],[92.0914,23.9905]]]},"properties":{"name":"Unokoti"}},
{"type":"Feature","geometry":{"type":"Polygon","coordinates":[[[92.2214,24.5129],[92.1623,24.5274],[92.169,24.4358],[92.0729,24.3741],[92.067,24.2713],[92.184,24.1867],[92.1522,24.0755],[92.0914,23.9905],[92.1329,23.9191],[92.175,23.7359],[92.2622,23.7231],[92.2559,23.8063],[92.3245,23.9164],[92.3087,24.0399],[92.3213,24.1951],[92.3,24.2505],[92.2117,24.248],[92.272,24.387],[92.2214,24.5129]]]},"properties":{"name":"North Tripura"}},
{"type":"Feature","geometry":{"type":"Polygon","coordinates":[[[91.5678,23.7627],[91.5634,23.7184],[91.4655,23.6528],[91.4017,23.5779],[91.386,23.4415],[91.4256,23.375],[91.476,23.4026],[91.6322,23.4057],[91.741,23.3188],[91.7789,23.1262],[91.8211,23.0847],[91.7627,23.3098],[91.8863,23.4311],[91.7852,23.5509],[91.7765,23.6887],[91.7046,23.7586],[91.5678,23.7627]]]},"properties":{"name":"Gomati"}},
{"type":"Feature","geometry":{"type":"Polygon","coordinates":[[[91.3115,23.276],[91.3253,23.1587],[91.3707,23.0715],[91.4121,23.0768],[91.3798,23.1926],[91.4183,23.2683],[91.5041,23.1934],[91.4977,23.1471],[91.6066,22.972],[91.7377,22.9925],[91.8211,23.0847],[91.7789,23.1262],[91.741,23.3188],[91.6322,23.4057],[91.476,23.4026],[91.4256,23.375],[91.3456,23.2784],[91.3115,23.276]]]},"properties":{"name":"South Tripura"}},
{"type":"Feature","geometry":{"type":"Polygon","coordinates":[[[90.2858,25.1949],[90.4435,25.1458],[90.5897,25.1761],[90.8511,25.1581],[90.9646,25.173],[90.9676,25.2408],[90.8813,25.2899],[90.8515,25.3549],[90.7662,25.3874],[90.8018,25.4702],[90.7796,25.541],[90.6495,25.4218],[90.4102,25.4705],[90.3391,25.4732],[90.2769,25.4942],[90.2447,25.3984],[90.2913,25.3448],[90.2858,25.1949]]]},"properties":{"name":"South Garo Hills"}},
{"type":"Feature","geometry":{"type":"Polygon","coordinates":[[[92.2947,26.0763],[92.2936,26.0751],[92.2694,26.0664],[92.2651,26.0638],[92.1792,26.0781],[92.134,26.0445],[91.8844,26.0289],[91.8771,26.0967],[91.8207,26.1177],[91.7327,26.0583],[91.7215,25.9532],[91.6315,25.9438],[91.6337,26.0216],[91.5716,26.0267],[91.4873,25.8921],[91.4459,25.8404],[91.3441,25.8355],[91.4657,25.7796],[91.5719,25.8052],[91.7493,25.8214],[91.8036,25.6847],[91.7527,25.6734],[91.8214,25.6178],[91.9691,25.6824],[92.0306,25.6462],[92.1375,25.6521],[92.1648,25.6834],[92.1537,25.8114],[92.1805,25.8687],[92.1663,25.963],[92.3023,26.0749],[92.3001,26.0755],[92.2947,26.0763]]]},"properties":{"name":"Ribhoi"}},
{"type":"Feature","geometry":{"type":"Polygon","coordinates":[[[91.7527,25.6734],[91.7268,25.5564],[91.6042,25.5064],[91.5871,25.4371],[91.5777,25.315],[91.4419,25.2947],[91.3896,25.2372],[91.4114,25.1721],[91.5005,25.1358],[91.5757,25.1719],[91.6425,25.118],[91.8393,25.1757],[92.0264,25.1845],[91.9875,25.2726],[92.0619,25.3437],[92.1245,25.3456],[92.0948,25.5136],[92.1702,25.665],[92.1649,25.6679],[92.1659,25.677],[92.1648,25.6834],[92.1375,25.6521],[92.0306,25.6462],[91.9691,25.6824],[91.8214,25.6178],[91.7527,25.6734]]]},"properties":{"name":"East Khasi Hills"}},
{"type":"Feature","geometry":{"type":"Polygon","coordinates":[[[91.0028,25.822],[90.9822,25.7376],[90.8771,25.605],[90.7796,25.541],[90.8018,25.4702],[90.7662,25.3874],[90.8515,25.3549],[90.8813,25.2899],[90.96,25.3366],[91.0409,25.3138],[91.1716,25.3946],[91.1909,25.4593],[91.4268,25.4655],[91.4199,25.3729],[91.5282,25.448],[91.5871,25.4371],[91.6042,25.5064],[91.7268,25.5564],[91.7527,25.6734],[91.8036,25.6847],[91.7493,25.8214],[91.5719,25.8052],[91.4657,25.7796],[91.3441,25.8355],[91.2772,25.7464],[91.2255,25.723],[91.1547,25.8497],[91.0028,25.822]]]},"properties":{"name":"West Khasi Hills"}},
{"type":"Feature","geometry":{"type":"Polygon","coordinates":[[[90.9646,25.173],[91.073,25.1988],[91.2688,25.2088],[91.4114,25.1721],[91.3896,25.2372],[91.4419,25.2947],[91.5777,25.315],[91.5871,25.4371],[91.5282,25.448],[91.4199,25.3729],[91.4268,25.4655],[91.1909,25.4593],[91.1716,25.3946],[91.0409,25.3138],[90.96,25.3366],[90.8813,25.2899],[90.9676,25.2408],[90.9646,25.173]]]},"properties":{"name":"South West Khasi Hills"}},
{"type":"Feature","geometry":{"type":"Polygon","coordinates":[[[90.1219,25.9614],[90.0116,25.8471],[89.9553,25.8112],[89.9172,25.7166],[90.0051,25.5846],[90.091,25.5584],[90.0427,25.4135],[89.9657,25.3045],[90.1178,25.225],[90.2858,25.1949],[90.2913,25.3448],[90.2447,25.3984],[90.2769,25.4942],[90.3391,25.4732],[90.4192,25.5479],[90.4468,25.6849],[90.4103,25.7923],[90.3893,25.9802],[90.368,26.0104],[90.3273,25.9745],[90.2159,25.954],[90.1219,25.9614]]]},"properties":{"name":"West Garo Hills"}},
{"type":"Feature","geometry":{"type":"Polygon","coordinates":[[[90.0051,25.5846],[89.8894,25.5583],[89.8508,25.4769],[89.8244,25.3491],[89.8768,25.2868],[89.9657,25.3045],[90.0427,25.4135],[90.091,25.5584],[90.0051,25.5846]]]},"properties":{"name":"South West Garo Hills"}},
{"type":"Feature","geometry":{"type":"Polygon","coordinates":[[[92.5422,25.0976],[92.6208,25.1156],[92.6621,25.1708],[92.7462,25.2055],[92.7914,25.2828],[92.7364,25.379],[92.6065,25.4165],[92.6092,25.5105],[92.55,25.4808],[92.3251,25.4605],[92.2513,25.3872],[92.171,25.3521],[92.2339,25.1848],[92.1935,25.1345],[92.2099,25.1082],[92.4007,25.0359],[92.5422,25.0976]]]},"properties":{"name":"East Jaintia Hills"}},
{"type":"Feature","geometry":{"type":"Polygon","coordinates":[[[92.6604,25.5797],[92.6603,25.5809],[92.5872,25.551],[92.5575,25.61],[92.4978,25.6251],[92.4321,25.7302],[92.3682,25.7397],[92.3521,25.7332],[92.2372,25.7069],[92.1702,25.665],[92.0948,25.5136],[92.1245,25.3456],[92.0619,25.3437],[91.9875,25.2726],[92.0264,25.1845],[92.1935,25.1345],[92.2339,25.1848],[92.171,25.3521],[92.2513,25.3872],[92.3251,25.4605],[92.55,25.4808],[92.6092,25.5105],[92.6604,25.5797]]]},"properties":{"name":"West Jaintia Hills"}},
{"type":"Feature","geometry":{"type":"Polygon","coordinates":[[[90.7796,25.541],[90.8771,25.605],[90.9822,25.7376],[90.901,25.7182],[90.669,25.8608],[90.5939,25.7855],[90.566,25.8391],[90.4527,25.8426],[90.4103,25.7923],[90.4468,25.6849],[90.4192,25.5479],[90.3391,25.4732],[90.4102,25.4705],[90.6495,25.4218],[90.7796,25.541]]]},"properties":{"name":"East Garo Hills"}},
{"type":"Feature","geometry":{"type":"Polygon","coordinates":[[[90.368,26.0104],[90.3893,25.9802],[90.4103,25.7923],[90.4527,25.8426],[90.566,25.8391],[90.5939,25.7855],[90.669,25.8608],[90.901,25.7182],[90.9822,25.7376],[91.0028,25.822],[91.0313,25.8877],[90.9601,25.9337],[90.7156,25.9521],[90.6316,25.9374],[90.5372,25.958],[90.4802,26.0153],[90.368,26.0104]]]},"properties":{"name":"North Garo Hills"}},
{"type":"Feature","geometry":{"type":"Polygon","coordinates":[[[81.9051,21.7836],[81.8414,21.8237],[81.7881,21.8111],[81.7371,21.9021],[81.5505,21.9631],[81.5053,22.0111],[81.4591,21.9165],[81.326,21.8266],[81.2977,21.7684],[81.1766,21.7036],[81.1961,21.5148],[81.2748,21.5241],[81.334,21.4982],[81.4678,21.5044],[81.451,21.4476],[81.4935,21.3583],[81.5548,21.3356],[81.6325,21.4168],[81.6322,21.5068],[81.6924,21.5936],[81.6642,21.6465],[81.7256,21.7117],[81.6997,21.7508],[81.9051,21.7836]]]},"properties":{"name":"Bemetra"}},
{"type":"Feature","geometry":{"type":"Polygon","coordinates":[[[82.093,18.74],[82.1536,18.7808],[82.1789,18.8989],[82.2476,18.9178],[82.2047,19.124],[82.1637,19.2032],[82.1882,19.3387],[82.1783,19.4358],[82.1272,19.4301],[82.0999,19.5159],[82.0338,19.5079],[81.8527,19.5474],[81.7996,19.4515],[81.7977,19.3663],[81.7361,19.3869],[81.6469,19.364],[81.6269,19.2449],[81.5384,19.2294],[81.3569,19.2801],[81.3604,19.2234],[81.402,19.1936],[81.5019,19.2046],[81.4791,18.9431],[81.6622,18.7989],[81.7566,18.8119],[81.7735,18.7571],[81.849,18.7377],[81.9432,18.7689],[81.9692,18.6934],[82.093,18.74]]]},"properties":{"name":"Bastar"}},
{"type":"Feature","geometry":{"type":"Polygon","coordinates":[[[81.4817,22.4929],[81.4939,22.4126],[81.5447,22.3389],[81.5353,22.0775],[81.5053,22.0111],[81.5505,21.9631],[81.7371,21.9021],[81.7881,21.8111],[81.8414,21.8237],[81.9051,21.7836],[82.027,21.7778],[82.006,21.8429],[81.8265,22.1],[81.7457,22.1542],[81.6917,22.2402],[81.8133,22.2193],[81.8855,22.2532],[81.9063,22.3219],[81.8559,22.4157],[81.8073,22.4175],[81.6861,22.649],[81.6164,22.5366],[81.5229,22.5369],[81.4817,22.4929]]]},"properties":{"name":"Mungeli"}},
{"type":"Feature","geometry":{"type":"Polygon","coordinates":[[[81.6861,22.649],[81.8073,22.4175],[81.8559,22.4157],[81.9063,22.3219],[81.8855,22.2532],[81.8133,22.2193],[81.6917,22.2402],[81.7457,22.1542],[81.8265,22.1],[82.006,21.8429],[82.027,21.7778],[82.093,21.7947],[82.2015,21.7636],[82.2799,21.6894],[82.402,21.663],[82.3125,21.7867],[82.2863,21.8641],[82.3071,22.0463],[82.3534,22.1118],[82.4182,22.1212],[82.4722,22.2043],[82.3562,22.3249],[82.3083,22.2961],[82.1405,22.3313],[82.183,22.4076],[82.144,22.4576],[82.1567,22.5423],[81.9971,22.5816],[81.9546,22.6171],[81.8692,22.6123],[81.8369,22.5762],[81.7547,22.5932],[81.733,22.6723],[81.7261,22.6661],[81.6861,22.649]]]},"properties":{"name":"Bilaspur"}},
{"type":"Feature","geometry":{"type":"Polygon","coordinates":[[[81.8781,20.963],[81.9379,20.739],[82.0149,20.6731],[81.9976,20.6402],[82.0216,20.5294],[82.0832,20.4131],[82.1084,20.2899],[82.1748,20.2597],[82.1029,20.1048],[82.0176,20.0497],[82.0655,20.0548],[82.1919,19.9864],[82.2694,19.9769],[82.3472,19.8356],[82.3965,19.8874],[82.4834,19.9062],[82.605,19.8664],[82.5927,19.7771],[82.6534,19.8314],[82.7061,19.833],[82.7048,19.9984],[82.59,19.9956],[82.4034,20.0543],[82.3909,20.1656],[82.4212,20.2073],[82.4013,20.3403],[82.4174,20.4074],[82.388,20.5143],[82.3315,20.5582],[82.3757,20.6283],[82.3508,20.7029],[82.3493,20.8738],[82.2844,20.9359],[82.1994,20.9413],[82.1641,21.0139],[82.1034,21.0284],[81.9958,21.1073],[81.8781,20.963]]]},"properties":{"name":"Gariaband"}},
{"type":"Feature","geometry":{"type":"Polygon","coordinates":[[[81.1601,22.4647],[81.1174,22.441],[81.12,22.2933],[81.0457,22.2393],[81.0065,22.0618],[80.9105,22.1073],[80.8318,21.9088],[80.8456,21.8303],[80.9272,21.824],[81.0004,21.7257],[81.102,21.7318],[81.1766,21.7036],[81.2977,21.7684],[81.326,21.8266],[81.4591,21.9165],[81.5053,22.0111],[81.5353,22.0775],[81.5447,22.3389],[81.4939,22.4126],[81.4817,22.4929],[81.3222,22.5146],[81.2343,22.4498],[81.1601,22.4647]]]},"properties":{"name":"Kabeerdham"}},
{"type":"Feature","geometry":{"type":"Polygon","coordinates":[[[81.7735,18.7571],[81.6845,18.6704],[81.636,18.7365],[81.5492,18.7017],[81.5526,18.6323],[81.4693,18.6336],[81.4031,18.5048],[81.3446,18.4375],[81.2591,18.5421],[81.2011,18.5603],[81.0503,18.5521],[80.9937,18.4458],[80.9365,18.4013],[81.056,18.3676],[81.1109,18.2299],[80.9823,18.1561],[80.9744,18.0509],[81.0129,17.8462],[81.0822,17.7944],[81.1682,17.8607],[81.2627,17.8204],[81.3937,17.8151],[81.4859,17.9783],[81.4825,18.0367],[81.5311,18.1652],[81.5364,18.2668],[81.6665,18.3471],[81.7533,18.3532],[81.7705,18.4191],[81.9091,18.5648],[81.9552,18.5669],[81.9692,18.6934],[81.9432,18.7689],[81.849,18.7377],[81.7735,18.7571]]]},"properties":{"name":"Sukma"}},
{"type":"Feature","geometry":{"type":"Polygon","coordinates":[[[80.5476,20.1129],[80.5514,19.9848],[80.4971,19.897],[80.547,19.7782],[80.6729,19.6919],[80.7258,19.6985],[80.7296,19.838],[80.8347,19.9054],[80.9149,19.9231],[80.9361,19.8202],[81.0374,19.7663],[81.086,19.6918],[81.155,19.7166],[81.1379,19.7859],[81.3019,19.7988],[81.3939,19.8333],[81.4011,19.8837],[81.3308,19.9358],[81.2935,20.0173],[81.3897,20.0465],[81.4021,20.1143],[81.5895,20.1942],[81.6799,20.1299],[81.817,20.1697],[81.7897,20.2614],[81.7977,20.33],[81.7395,20.4211],[81.7373,20.4827],[81.6211,20.5155],[81.4312,20.517],[81.4121,20.5528],[81.3162,20.5511],[81.2256,20.4182],[81.1537,20.3783],[81.0007,20.4592],[80.981,20.4487],[80.863,20.3888],[80.8327,20.3138],[80.7307,20.2675],[80.5854,20.1758],[80.5476,20.1129]]]},"properties":{"name":"Uttar Bastar Kanker"}},
{"type":"Feature","geometry":{"type":"Polygon","coordinates":[[[81.3604,19.2234],[81.212,19.1751],[81.1935,19.1433],[81.189,18.9778],[81.208,18.9551],[81.1902,18.8213],[81.2017,18.7543],[81.1701,18.7051],[81.2128,18.6066],[81.2011,18.5603],[81.2591,18.5421],[81.3446,18.4375],[81.4031,18.5048],[81.4693,18.6336],[81.5526,18.6323],[81.5492,18.7017],[81.636,18.7365],[81.6845,18.6704],[81.7735,18.7571],[81.7566,18.8119],[81.6622,18.7989],[81.4791,18.9431],[81.5019,19.2046],[81.402,19.1936],[81.3604,19.2234]]]},"properties":{"name":"Dakshin Bastar Dantewada"}},
{"type":"Feature","geometry":{"type":"Polygon","coordinates":[[[82.5755,22.943],[82.5604,22.8445],[82.6584,22.8097],[82.7231,22.8303],[82.7779,22.77],[82.8682,22.7476],[82.9462,22.6747],[83.0188,22.6402],[83.1144,22.6773],[83.1654,22.7729],[83.2536,22.7696],[83.4009,22.732],[83.4376,22.6724],[83.5607,22.7003],[83.6545,22.6519],[83.6484,22.823],[83.5096,22.9564],[83.5511,23.0307],[83.5109,23.0889],[83.5568,23.1742],[83.5298,23.2418],[83.3792,23.2516],[83.3586,23.1583],[83.2547,23.2117],[83.1529,23.2138],[83.1349,23.1106],[83.0417,23.1116],[82.9727,23.0514],[82.9231,23.1116],[82.8309,23.0683],[82.7857,23.1964],[82.728,23.2327],[82.6911,23.2283],[82.6396,23.1418],[82.5845,23.13],[82.5717,23.07],[82.6092,23.0086],[82.5755,22.943]]]},"properties":{"name":"Surguja"}},
{"type":"Feature","geometry":{"type":"Polygon","coordinates":[[[82.4996,23.783],[82.6035,23.6667],[82.5817,23.5423],[82.6516,23.4738],[82.7224,23.4644],[82.8056,23.516],[82.8646,23.4737],[83.0524,23.5691],[82.9998,23.6577],[82.8756,23.688],[82.8394,23.7349],[82.8549,23.8076],[82.9828,23.7685],[83.0499,23.7872],[83.0795,23.7426],[83.1644,23.7057],[83.2125,23.7244],[83.2206,23.6107],[83.2589,23.5116],[83.362,23.5144],[83.3678,23.4527],[83.3124,23.3632],[83.239,23.3977],[83.2182,23.2252],[83.2547,23.2117],[83.3586,23.1583],[83.3792,23.2516],[83.5298,23.2418],[83.5568,23.1742],[83.6714,23.2269],[83.8317,23.2338],[83.9488,23.1634],[84.0408,23.1693],[84.0773,23.3312],[83.974,23.3753],[83.9768,23.4486],[84.0194,23.509],[84.008,23.6333],[83.9451,23.6231],[83.9424,23.5638],[83.7821,23.6001],[83.722,23.6829],[83.7367,23.755],[83.6637,23.8438],[83.5886,23.862],[83.52,23.9668],[83.5172,24.0252],[83.433,24.0834],[83.3312,24.1008],[83.2856,24.024],[83.2237,23.989],[83.1972,23.9207],[83.135,23.8896],[82.9613,23.8723],[82.8053,23.961],[82.7536,23.9171],[82.6632,23.9051],[82.6373,23.8351],[82.556,23.8261],[82.4996,23.783]]]},"properties":{"name":"Balrampur"}},
{"type":"Feature","geometry":{"type":"Polygon","coordinates":[[[82.0338,19.5079],[82.0591,19.6302],[82.0599,19.7968],[81.9879,19.8011],[81.9681,19.8599],[81.8661,19.9045],[81.845,19.9549],[81.8814,20.0509],[81.817,20.1697],[81.6799,20.1299],[81.5895,20.1942],[81.4021,20.1143],[81.3897,20.0465],[81.2935,20.0173],[81.3308,19.9358],[81.4011,19.8837],[81.3939,19.8333],[81.3485,19.81],[81.3666,19.733],[81.4502,19.7233],[81.4516,19.6156],[81.4238,19.4829],[81.4291,19.3833],[81.3684,19.3218],[81.3569,19.2801],[81.5384,19.2294],[81.6269,19.2449],[81.6469,19.364],[81.7361,19.3869],[81.7977,19.3663],[81.7996,19.4515],[81.8527,19.5474],[82.0338,19.5079]]]},"properties":{"name":"Kondagaon"}},
{"type":"Feature","geometry":{"type":"Polygon","coordinates":[[[80.6729,19.6919],[80.6686,19.6134],[80.7285,19.6125],[80.8352,19.567],[80.8998,19.4861],[80.7955,19.4313],[80.8341,19.3528],[80.955,19.3175],[81.0004,19.2326],[81.1454,19.2601],[81.2382,19.3242],[81.3684,19.3218],[81.4291,19.3833],[81.4238,19.4829],[81.4516,19.6156],[81.4502,19.7233],[81.3666,19.733],[81.3485,19.81],[81.3939,19.8333],[81.3019,19.7988],[81.1379,19.7859],[81.155,19.7166],[81.086,19.6918],[81.0374,19.7663],[80.9361,19.8202],[80.9149,19.9231],[80.8347,19.9054],[80.7296,19.838],[80.7258,19.6985],[80.6729,19.6919]]]},"properties":{"name":"Narayanpur"}},
{"type":"Feature","geometry":{"type":"Polygon","coordinates":[[[81.1961,21.5148],[81.1782,21.4154],[81.1878,21.32],[81.1617,21.2171],[81.2164,21.172],[81.2066,21.1032],[81.1465,21.0773],[81.2166,21.0488],[81.3634,21.0324],[81.4233,21.003],[81.4122,20.8836],[81.4758,20.8653],[81.5918,20.9424],[81.6131,21.025],[81.5811,21.0744],[81.6023,21.2079],[81.5455,21.2478],[81.5548,21.3356],[81.4935,21.3583],[81.451,21.4476],[81.4678,21.5044],[81.334,21.4982],[81.2748,21.5241],[81.1961,21.5148]]]},"properties":{"name":"Durg"}},
{"type":"Feature","geometry":{"type":"Polygon","coordinates":[[[83.2547,23.2117],[83.2182,23.2252],[83.239,23.3977],[83.3124,23.3632],[83.3678,23.4527],[83.362,23.5144],[83.2589,23.5116],[83.2206,23.6107],[83.2125,23.7244],[83.1644,23.7057],[83.0795,23.7426],[83.0499,23.7872],[82.9828,23.7685],[82.8549,23.8076],[82.8394,23.7349],[82.8756,23.688],[82.9998,23.6577],[83.0524,23.5691],[82.8646,23.4737],[82.8056,23.516],[82.7224,23.4644],[82.6516,23.4738],[82.6528,23.3846],[82.745,23.3584],[82.7577,23.2556],[82.728,23.2327],[82.7857,23.1964],[82.8309,23.0683],[82.9231,23.1116],[82.9727,23.0514],[83.0417,23.1116],[83.1349,23.1106],[83.1529,23.2138],[83.2547,23.2117]]]},"properties":{"name":"Surajpur"}},
{"type":"Feature","geometry":{"type":"Polygon","coordinates":[[[81.3569,19.2801],[81.3684,19.3218],[81.2382,19.3242],[81.1454,19.2601],[81.0004,19.2326],[80.955,19.3175],[80.8341,19.3528],[80.7569,19.2915],[80.6868,19.3287],[80.6115,19.3163],[80.5668,19.4019],[80.478,19.3333],[80.4529,19.2743],[80.3959,19.2477],[80.3886,19.1852],[80.2752,18.992],[80.278,18.9297],[80.3539,18.8162],[80.2484,18.7538],[80.2752,18.7231],[80.3444,18.596],[80.365,18.6033],[80.3896,18.5994],[80.458,18.6319],[80.5185,18.6214],[80.6089,18.551],[80.7211,18.4121],[80.7925,18.25],[80.7428,18.1785],[80.8703,18.1398],[80.9823,18.1561],[81.1109,18.2299],[81.056,18.3676],[80.9365,18.4013],[80.9937,18.4458],[81.0503,18.5521],[81.2011,18.5603],[81.2128,18.6066],[81.1701,18.7051],[81.2017,18.7543],[81.1902,18.8213],[81.208,18.9551],[81.189,18.9778],[81.1935,19.1433],[81.212,19.1751],[81.3604,19.2234],[81.3569,19.2801]]]},"properties":{"name":"Bijapur"}},
{"type":"Feature","geometry":{"type":"Polygon","coordinates":[[[81.5548,21.3356],[81.5455,21.2478],[81.6023,21.2079],[81.5811,21.0744],[81.6131,21.025],[81.6598,20.999],[81.7519,21.0108],[81.8382,20.9404],[81.8781,20.963],[81.9958,21.1073],[82.0198,21.2198],[82.1663,21.3281],[82.2053,21.384],[82.1225,21.368],[82.0767,21.431],[81.927,21.4892],[81.9157,21.5905],[81.6924,21.5936],[81.6322,21.5068],[81.6325,21.4168],[81.5548,21.3356]]]},"properties":{"name":"Raipur"}},
{"type":"Feature","geometry":{"type":"Polygon","coordinates":[[[81.6924,21.5936],[81.9157,21.5905],[81.927,21.4892],[82.0767,21.431],[82.1225,21.368],[82.2053,21.384],[82.2608,21.3094],[82.3977,21.289],[82.4656,21.3234],[82.5536,21.3197],[82.7045,21.3725],[82.6902,21.4811],[82.7724,21.52],[82.8282,21.502],[82.8759,21.5509],[82.9345,21.495],[82.927,21.5518],[82.9775,21.6692],[82.8059,21.626],[82.6181,21.6847],[82.5676,21.6565],[82.402,21.663],[82.2799,21.6894],[82.2015,21.7636],[82.093,21.7947],[82.027,21.7778],[81.9051,21.7836],[81.6997,21.7508],[81.7256,21.7117],[81.6642,21.6465],[81.6924,21.5936]]]},"properties":{"name":"Baloda Bazar"}},
{"type":"Feature","geometry":{"type":"Polygon","coordinates":[[[81.4121,20.5528],[81.4914,20.5838],[81.5138,20.6663],[81.4758,20.8653],[81.4122,20.8836],[81.4233,21.003],[81.3634,21.0324],[81.2166,21.0488],[81.1465,21.0773],[81.1202,21.0078],[80.9584,20.9907],[80.9658,20.9134],[80.9378,20.7812],[80.8223,20.7624],[80.8141,20.6962],[80.989,20.6107],[80.9537,20.5471],[80.981,20.4487],[81.0007,20.4592],[81.1537,20.3783],[81.2256,20.4182],[81.3162,20.5511],[81.4121,20.5528]]]},"properties":{"name":"Balod"}},
{"type":"Feature","geometry":{"type":"Polygon","coordinates":[[[81.607,23.8829],[81.6152,23.8346],[81.6977,23.7188],[81.621,23.6596],[81.614,23.5077],[81.727,23.5549],[81.8108,23.5469],[81.8381,23.5084],[81.924,23.5311],[81.9788,23.4208],[82.1025,23.3979],[82.2007,23.3116],[82.1503,23.2251],[82.1586,23.1415],[82.1235,23.1036],[82.1781,23.0408],[82.1798,22.9709],[82.2242,22.9409],[82.3724,22.9973],[82.5755,22.943],[82.6092,23.0086],[82.5717,23.07],[82.5845,23.13],[82.6396,23.1418],[82.6911,23.2283],[82.728,23.2327],[82.7577,23.2556],[82.745,23.3584],[82.6528,23.3846],[82.6516,23.4738],[82.5817,23.5423],[82.6035,23.6667],[82.4996,23.783],[82.4776,23.8068],[82.2393,23.8067],[82.2125,23.847],[82.182,23.8186],[82.0532,23.8194],[82.0086,23.8618],[81.8252,23.8054],[81.7105,23.8618],[81.6695,23.9239],[81.607,23.8829]]]},"properties":{"name":"Koriya"}},
{"type":"Feature","geometry":{"type":"Polygon","coordinates":[[[81.8781,20.963],[81.8382,20.9404],[81.7519,21.0108],[81.6598,20.999],[81.6131,21.025],[81.5918,20.9424],[81.4758,20.8653],[81.5138,20.6663],[81.4914,20.5838],[81.4121,20.5528],[81.4312,20.517],[81.6211,20.5155],[81.7373,20.4827],[81.7395,20.4211],[81.7977,20.33],[81.7897,20.2614],[81.817,20.1697],[81.8814,20.0509],[81.9416,20.104],[82.0176,20.0497],[82.1029,20.1048],[82.1748,20.2597],[82.1084,20.2899],[82.0832,20.4131],[82.0216,20.5294],[81.9976,20.6402],[82.0149,20.6731],[81.9379,20.739],[81.8781,20.963]]]},"properties":{"name":"Dhamtari"}},
{"type":"Feature","geometry":{"type":"Polygon","coordinates":[[[82.4722,22.2043],[82.5941,22.2591],[82.6601,22.1888],[82.6365,22.1241],[82.6731,22.0817],[82.8716,22.172],[82.9409,22.1225],[83.0305,22.1694],[83.0378,22.2497],[83.1109,22.3651],[83.089,22.4742],[83.1144,22.6773],[83.0188,22.6402],[82.9462,22.6747],[82.8682,22.7476],[82.7779,22.77],[82.7231,22.8303],[82.6584,22.8097],[82.5604,22.8445],[82.5755,22.943],[82.3724,22.9973],[82.2242,22.9409],[82.1595,22.8503],[82.1543,22.7396],[82.1782,22.6658],[82.244,22.6561],[82.1567,22.5423],[82.144,22.4576],[82.183,22.4076],[82.1405,22.3313],[82.3083,22.2961],[82.3562,22.3249],[82.4722,22.2043]]]},"properties":{"name":"Korba"}},
{"type":"Feature","geometry":{"type":"Polygon","coordinates":[[[83.1144,22.6773],[83.089,22.4742],[83.1109,22.3651],[83.0378,22.2497],[83.0305,22.1694],[82.9409,22.1225],[83.0149,22.0743],[83.0079,21.964],[83.0935,21.9731],[83.1836,21.9229],[83.1841,21.8457],[83.24,21.7904],[83.2912,21.6817],[83.2298,21.6636],[83.1312,21.6953],[82.9775,21.6692],[82.927,21.5518],[82.9345,21.495],[83.1097,21.4038],[83.1603,21.3471],[83.2772,21.3788],[83.3685,21.3483],[83.4097,21.385],[83.3492,21.489],[83.3753,21.6005],[83.4901,21.6431],[83.4636,21.6985],[83.4984,21.8119],[83.5805,21.8329],[83.6075,21.914],[83.5422,21.9665],[83.5643,22.1027],[83.6528,22.2272],[83.7526,22.2439],[83.8046,22.2923],[83.7409,22.3789],[83.6508,22.3953],[83.5774,22.4722],[83.596,22.5332],[83.4703,22.5068],[83.4066,22.5542],[83.4376,22.6724],[83.4009,22.732],[83.2536,22.7696],[83.1654,22.7729],[83.1144,22.6773]]]},"properties":{"name":"Raigarh"}},
{"type":"Feature","geometry":{"type":"Polygon","coordinates":[[[84.2945,22.7732],[84.3271,22.8516],[84.3827,22.8758],[84.3773,22.9771],[84.2239,22.9784],[84.1386,23.0691],[84.0429,23.1364],[84.0408,23.1693],[83.9488,23.1634],[83.8317,23.2338],[83.6714,23.2269],[83.5568,23.1742],[83.5109,23.0889],[83.5511,23.0307],[83.5096,22.9564],[83.6484,22.823],[83.6545,22.6519],[83.5607,22.7003],[83.4376,22.6724],[83.4066,22.5542],[83.4703,22.5068],[83.596,22.5332],[83.5774,22.4722],[83.6508,22.3953],[83.7409,22.3789],[83.8046,22.2923],[83.8679,22.3464],[84.008,22.3723],[84.0484,22.4667],[84.0094,22.5233],[84.0119,22.5719],[84.0872,22.6389],[84.1567,22.6368],[84.239,22.6909],[84.2945,22.7732]]]},"properties":{"name":"Jashpur"}},
{"type":"Feature","geometry":{"type":"Polygon","coordinates":[[[82.3493,20.8738],[82.4851,20.8506],[82.4906,20.9035],[82.5603,20.9453],[82.6297,21.0403],[82.6392,21.0906],[82.6433,21.153],[82.8473,21.1671],[82.9872,21.1613],[83.1271,21.1052],[83.1973,21.1397],[83.2772,21.3788],[83.1603,21.3471],[83.1097,21.4038],[82.9345,21.495],[82.8759,21.5509],[82.8282,21.502],[82.7724,21.52],[82.6902,21.4811],[82.7045,21.3725],[82.5536,21.3197],[82.4656,21.3234],[82.3977,21.289],[82.2608,21.3094],[82.2053,21.384],[82.1663,21.3281],[82.0198,21.2198],[81.9958,21.1073],[82.1034,21.0284],[82.1641,21.0139],[82.1994,20.9413],[82.2844,20.9359],[82.3493,20.8738]]]},"properties":{"name":"Mahasamund"}},
{"type":"Feature","geometry":{"type":"Polygon","coordinates":[[[82.402,21.663],[82.5676,21.6565],[82.6181,21.6847],[82.8059,21.626],[82.9775,21.6692],[83.1312,21.6953],[83.2298,21.6636],[83.2912,21.6817],[83.24,21.7904],[83.1841,21.8457],[83.1836,21.9229],[83.0935,21.9731],[83.0079,21.964],[83.0149,22.0743],[82.9409,22.1225],[82.8716,22.172],[82.6731,22.0817],[82.6365,22.1241],[82.6601,22.1888],[82.5941,22.2591],[82.4722,22.2043],[82.4182,22.1212],[82.3534,22.1118],[82.3071,22.0463],[82.2863,21.8641],[82.3125,21.7867],[82.402,21.663]]]},"properties":{"name":"Janjgir-Champa"}},
{"type":"Feature","geometry":{"type":"Polygon","coordinates":[[[80.6637,21.3319],[80.6459,21.256],[80.4644,21.174],[80.4308,21.011],[80.4724,20.9289],[80.5452,20.9277],[80.563,20.8215],[80.5799,20.6764],[80.492,20.6373],[80.5072,20.589],[80.6295,20.6062],[80.6107,20.4358],[80.6239,20.3285],[80.518,20.2723],[80.3901,20.2444],[80.4659,20.1474],[80.5476,20.1129],[80.5854,20.1758],[80.7307,20.2675],[80.8327,20.3138],[80.863,20.3888],[80.981,20.4487],[80.9537,20.5471],[80.989,20.6107],[80.8141,20.6962],[80.8223,20.7624],[80.9378,20.7812],[80.9658,20.9134],[80.9584,20.9907],[81.1202,21.0078],[81.1465,21.0773],[81.2066,21.1032],[81.2164,21.172],[81.1617,21.2171],[81.1878,21.32],[81.1782,21.4154],[81.1961,21.5148],[81.1766,21.7036],[81.102,21.7318],[81.0004,21.7257],[80.9272,21.824],[80.8456,21.8303],[80.8177,21.7538],[80.7491,21.7529],[80.7145,21.6722],[80.7378,21.5396],[80.7281,21.4471],[80.6637,21.3319]]]},"properties":{"name":"Rajnandgaon"}},
{"type":"Feature","geometry":{"type":"Polygon","coordinates":[[[78.8656,29.3548],[79.0245,29.3212],[79.0962,29.2825],[79.2843,29.2447],[79.2816,29.1667],[79.4219,29.0589],[79.5795,29.057],[79.6529,29.0724],[79.7121,29.0277],[79.8256,28.9897],[79.973,29.0492],[79.9682,29.1217],[79.8804,29.165],[79.929,29.2106],[79.8414,29.269],[79.8948,29.3622],[79.8501,29.4284],[79.7338,29.4512],[79.6821,29.5247],[79.6168,29.5529],[79.4874,29.4938],[79.3338,29.6094],[79.2287,29.5207],[79.0388,29.5818],[78.9726,29.5354],[78.9232,29.4308],[78.8656,29.3548]]]},"properties":{"name":"Nainital"}},
{"type":"Feature","geometry":{"type":"Polygon","coordinates":[[[77.5807,30.3948],[77.65,30.4008],[77.7237,30.3266],[77.8492,30.2677],[77.9634,30.2389],[78.1512,29.9641],[78.2046,29.9621],[78.3118,30.1113],[78.2357,30.1817],[78.3018,30.2423],[78.1355,30.3402],[78.2274,30.4023],[78.2034,30.4416],[78.0618,30.4725],[77.986,30.4656],[77.9392,30.5074],[78.0149,30.6129],[78.0637,30.6621],[78.0814,30.7372],[78.0258,30.7861],[77.9766,30.886],[77.9712,30.9734],[77.8724,30.9408],[77.8442,30.9908],[77.8036,30.8902],[77.7091,30.7593],[77.7881,30.6213],[77.7444,30.5921],[77.8208,30.5048],[77.5807,30.3948]]]},"properties":{"name":"Dehradun"}},
{"type":"Feature","geometry":{"type":"Polygon","coordinates":[[[79.8501,29.4284],[79.8897,29.4803],[80.0028,29.4809],[80.0805,29.5179],[80.0127,29.5481],[79.9542,29.6788],[79.8962,29.7097],[79.7665,29.676],[79.6984,29.7623],[79.6812,29.8262],[79.513,29.8613],[79.4739,29.9756],[79.3763,29.923],[79.2879,29.9339],[79.2271,29.9757],[79.0693,29.8591],[79.1295,29.7807],[79.1116,29.6726],[79.0388,29.5818],[79.2287,29.5207],[79.3338,29.6094],[79.4874,29.4938],[79.6168,29.5529],[79.6821,29.5247],[79.7338,29.4512],[79.8501,29.4284]]]},"properties":{"name":"Almora"}},
{"type":"Feature","geometry":{"type":"Polygon","coordinates":[[[79.973,29.0492],[80.0223,29.0769],[80.0769,28.945],[80.1269,29.0061],[80.1445,29.103],[80.2738,29.1451],[80.3185,29.302],[80.2435,29.4413],[80.0805,29.5179],[80.0028,29.4809],[79.8897,29.4803],[79.8501,29.4284],[79.8948,29.3622],[79.8414,29.269],[79.929,29.2106],[79.8804,29.165],[79.9682,29.1217],[79.973,29.0492]]]},"properties":{"name":"Champawat"}},
{"type":"Feature","geometry":{"type":"Polygon","coordinates":[[[78.3134,31.2793],[78.2437,31.2255],[78.161,31.2216],[78.1048,31.1816],[77.912,31.1504],[77.8181,31.0471],[77.8442,30.9908],[77.8724,30.9408],[77.9712,30.9734],[77.9766,30.886],[78.0258,30.7861],[78.0814,30.7372],[78.0637,30.6621],[78.0149,30.6129],[78.127,30.6368],[78.1666,30.5847],[78.2507,30.6077],[78.4249,30.4899],[78.4317,30.5953],[78.4765,30.6246],[78.5517,30.57],[78.5994,30.6272],[78.5918,30.6851],[78.73,30.7264],[78.8497,30.7338],[78.8751,30.8719],[78.9969,30.8576],[79.0331,30.806],[79.2769,30.72],[79.2256,30.8141],[79.2852,30.9358],[79.4196,31.0806],[79.3308,31.1291],[79.3025,31.216],[79.2246,31.2594],[79.2147,31.3458],[79.1413,31.4297],[79.0182,31.4198],[79.0181,31.3439],[78.9227,31.2533],[78.9852,31.1718],[78.999,31.1062],[78.8917,31.0931],[78.7983,31.1929],[78.7494,31.1839],[78.5883,31.2186],[78.5008,31.1944],[78.3722,31.2825],[78.3134,31.2793]]]},"properties":{"name":"Uttarkashi"}},
{"type":"Feature","geometry":{"type":"Polygon","coordinates":[[[79.0388,29.5818],[79.1116,29.6726],[79.1295,29.7807],[79.0693,29.8591],[79.2271,29.9757],[79.1957,30.08],[79.0775,30.2166],[78.9074,30.1651],[78.8991,30.2468],[78.645,30.1999],[78.5652,30.0655],[78.4533,30.0657],[78.3936,30.1317],[78.3118,30.1113],[78.2046,29.9621],[78.3167,29.8616],[78.3433,29.7891],[78.5188,29.717],[78.5425,29.6231],[78.7069,29.4979],[78.9232,29.4308],[78.9726,29.5354],[79.0388,29.5818]]]},"properties":{"name":"Garhwal"}},
{"type":"Feature","geometry":{"type":"Polygon","coordinates":[[[77.9634,30.2389],[77.7494,29.977],[77.717,29.8808],[77.8245,29.6682],[77.9435,29.708],[77.9871,29.6572],[78.0222,29.5556],[78.1461,29.6702],[78.1964,29.6815],[78.3433,29.7891],[78.3167,29.8616],[78.2046,29.9621],[78.1512,29.9641],[77.9634,30.2389]]]},"properties":{"name":"Hardwar"}},
{"type":"Feature","geometry":{"type":"Polygon","coordinates":[[[79.0331,30.806],[79.0299,30.7627],[78.9129,30.6863],[78.8374,30.3537],[78.8991,30.2468],[78.9074,30.1651],[79.0775,30.2166],[79.1144,30.3847],[79.2971,30.5572],[79.3575,30.6394],[79.2769,30.72],[79.0331,30.806]]]},"properties":{"name":"Rudraprayag"}},
{"type":"Feature","geometry":{"type":"Polygon","coordinates":[[[78.3118,30.1113],[78.3936,30.1317],[78.4533,30.0657],[78.5652,30.0655],[78.645,30.1999],[78.8991,30.2468],[78.8374,30.3537],[78.9129,30.6863],[79.0299,30.7627],[79.0331,30.806],[78.9969,30.8576],[78.8751,30.8719],[78.8497,30.7338],[78.73,30.7264],[78.5918,30.6851],[78.5994,30.6272],[78.5517,30.57],[78.4765,30.6246],[78.4317,30.5953],[78.4249,30.4899],[78.2507,30.6077],[78.1666,30.5847],[78.127,30.6368],[78.0149,30.6129],[77.9392,30.5074],[77.986,30.4656],[78.0618,30.4725],[78.2034,30.4416],[78.2274,30.4023],[78.1355,30.3402],[78.3018,30.2423],[78.2357,30.1817],[78.3118,30.1113]]]},"properties":{"name":"Tehri Garhwal"}},
{"type":"Feature","geometry":{"type":"Polygon","coordinates":[[[79.8962,29.7097],[79.8958,29.7906],[79.9773,29.7558],[80.0141,29.9029],[80.1061,29.8893],[80.1575,29.9253],[80.0787,29.984],[80.0842,30.1081],[80.118,30.2237],[80.07,30.2777],[79.9891,30.313],[79.8746,30.2672],[79.7672,30.1383],[79.8136,30.0177],[79.7228,29.9978],[79.6139,30.0165],[79.4739,29.9756],[79.513,29.8613],[79.6812,29.8262],[79.6984,29.7623],[79.7665,29.676],[79.8962,29.7097]]]},"properties":{"name":"Bageshwar"}},
{"type":"Feature","geometry":{"type":"Polygon","coordinates":[[[80.0805,29.5179],[80.2435,29.4413],[80.3035,29.455],[80.4081,29.5954],[80.3681,29.7507],[80.5527,29.8503],[80.5955,29.953],[80.6742,29.9572],[80.7382,29.9995],[80.8715,30.161],[81.0287,30.1954],[81.0225,30.2462],[80.834,30.3097],[80.7086,30.4133],[80.607,30.4671],[80.5416,30.445],[80.4993,30.4839],[80.3477,30.517],[80.3173,30.5613],[80.2109,30.5851],[80.1949,30.6633],[80.2515,30.7166],[80.1818,30.806],[80.1021,30.7898],[80.1049,30.7263],[80.0271,30.7287],[79.986,30.6861],[80.0333,30.6341],[79.9983,30.5337],[80.0393,30.4012],[79.9891,30.313],[80.07,30.2777],[80.118,30.2237],[80.0842,30.1081],[80.0787,29.984],[80.1575,29.9253],[80.1061,29.8893],[80.0141,29.9029],[79.9773,29.7558],[79.8958,29.7906],[79.8962,29.7097],[79.9542,29.6788],[80.0127,29.5481],[80.0805,29.5179]]]},"properties":{"name":"Pithoragarh"}},
{"type":"Feature","geometry":{"type":"Polygon","coordinates":[[[79.4739,29.9756],[79.6139,30.0165],[79.7228,29.9978],[79.8136,30.0177],[79.7672,30.1383],[79.8746,30.2672],[79.9891,30.313],[80.0393,30.4012],[79.9983,30.5337],[80.0333,30.6341],[79.986,30.6861],[80.0271,30.7287],[80.1049,30.7263],[80.1021,30.7898],[80.0108,30.8707],[79.9317,30.8776],[79.8768,30.9628],[79.7784,30.9826],[79.603,30.937],[79.5108,31.0113],[79.4294,31.0196],[79.4196,31.0806],[79.2852,30.9358],[79.2256,30.8141],[79.2769,30.72],[79.3575,30.6394],[79.2971,30.5572],[79.1144,30.3847],[79.0775,30.2166],[79.1957,30.08],[79.2271,29.9757],[79.2879,29.9339],[79.3763,29.923],[79.4739,29.9756]]]},"properties":{"name":"Chamoli"}},
{"type":"Feature","geometry":{"type":"Polygon","coordinates":[[[78.8656,29.3548],[78.7759,29.3419],[78.7781,29.2799],[78.901,29.2051],[78.9442,29.1343],[79.0113,29.1243],[79.0465,29.1728],[79.1638,29.1213],[79.1551,29.0697],[79.3165,28.9711],[79.4172,28.9566],[79.4344,28.8722],[79.6332,28.8594],[79.7107,28.8477],[79.8021,28.8831],[79.8473,28.8698],[79.9409,28.72],[80.0003,28.7109],[80.0711,28.8295],[80.0769,28.945],[80.0223,29.0769],[79.973,29.0492],[79.8256,28.9897],[79.7121,29.0277],[79.6529,29.0724],[79.5795,29.057],[79.4219,29.0589],[79.2816,29.1667],[79.2843,29.2447],[79.0962,29.2825],[79.0245,29.3212],[78.8656,29.3548]]]},"properties":{"name":"Udham Singh Nagar"}},
{"type":"Feature","geometry":{"type":"Polygon","coordinates":[[[75.5443,11.7056],[75.5965,11.7127],[75.6846,11.7749],[75.7742,11.8026],[75.8106,11.8566],[75.9193,11.8449],[75.9398,11.939],[75.8301,11.9912],[75.8007,12.0811],[75.7222,12.0688],[75.6397,12.149],[75.5812,12.1572],[75.4868,12.2923],[75.4159,12.293],[75.2884,12.2615],[75.2047,12.1915],[75.1649,12.0892],[75.2036,12.0049],[75.243,12.0141],[75.3668,11.8511],[75.3835,11.8572],[75.5298,11.7019],[75.5443,11.7056]],[[75.5406,11.7601],[75.5482,11.7155],[75.5292,11.7161],[75.5412,11.7352],[75.5406,11.7601]]]},"properties":{"name":"Kannur"}},
{"type":"Feature","geometry":{"type":"Polygon","coordinates":[[[77.2092,9.0719],[77.2695,9.1532],[77.285,9.2727],[77.2299,9.2976],[77.2496,9.3771],[77.2084,9.4502],[77.1564,9.4707],[77.0692,9.4534],[76.9711,9.4649],[76.9268,9.4155],[76.8626,9.4531],[76.6777,9.4848],[76.5149,9.4007],[76.5528,9.3478],[76.6433,9.3409],[76.6759,9.2874],[76.6365,9.1421],[76.7592,9.0742],[76.8431,9.092],[76.8775,9.1308],[76.9609,9.1536],[77.1322,9.0879],[77.2092,9.0719]]]},"properties":{"name":"Pathanamthitta"}},
{"type":"Feature","geometry":{"type":"Polygon","coordinates":[[[76.5149,9.4007],[76.4672,9.562],[76.394,9.548],[76.4045,9.6858],[76.3779,9.6965],[76.3742,9.837],[76.2943,9.8916],[76.277,9.7901],[76.2948,9.6226],[76.3523,9.3778],[76.4678,9.1255],[76.6365,9.1421],[76.6759,9.2874],[76.6433,9.3409],[76.5528,9.3478],[76.5149,9.4007]]]},"properties":{"name":"Alappuzha"}},
{"type":"Feature","geometry":{"type":"Polygon","coordinates":[[[76.3742,9.837],[76.429,9.8245],[76.5162,9.8483],[76.5629,9.8204],[76.6307,9.8559],[76.631,9.9133],[76.7162,9.943],[76.8267,10.0895],[76.8684,10.0946],[76.9287,10.1789],[76.977,10.1606],[77.0562,10.2112],[77.0536,10.2617],[76.9954,10.2296],[76.9054,10.2526],[76.8377,10.2835],[76.6973,10.2643],[76.4391,10.2946],[76.341,10.231],[76.3137,10.1843],[76.2215,10.207],[76.1633,10.1788],[76.2606,9.8818],[76.277,9.7901],[76.2943,9.8916],[76.3742,9.837]]]},"properties":{"name":"Ernakulam"}},
{"type":"Feature","geometry":{"type":"Polygon","coordinates":[[[76.6365,9.1421],[76.4678,9.1255],[76.5193,9.0093],[76.547,8.9027],[76.6185,8.8511],[76.6675,8.7808],[76.7915,8.8147],[76.8254,8.8452],[76.9006,8.8099],[76.9364,8.7607],[77.0266,8.7753],[77.0522,8.8465],[77.2017,8.7708],[77.2657,8.8418],[77.2584,8.878],[77.1499,9.0216],[77.2092,9.0719],[77.1322,9.0879],[76.9609,9.1536],[76.8775,9.1308],[76.8431,9.092],[76.7592,9.0742],[76.6365,9.1421]]]},"properties":{"name":"Kollam"}},
{"type":"Feature","geometry":{"type":"Polygon","coordinates":[[[75.4159,12.293],[75.4247,12.3729],[75.3686,12.4131],[75.4175,12.5028],[75.3075,12.5027],[75.2033,12.6309],[75.114,12.6815],[75.049,12.6674],[75.0039,12.7191],[75.001,12.7889],[74.8681,12.75],[74.9816,12.4837],[75.0731,12.3175],[75.1649,12.0892],[75.2047,12.1915],[75.2884,12.2615],[75.4159,12.293]]]},"properties":{"name":"Kasaragod"}},
{"type":"Feature","geometry":{"type":"Polygon","coordinates":[[[77.285,9.2727],[77.3379,9.3615],[77.3412,9.4186],[77.3894,9.4559],[77.4037,9.5274],[77.3208,9.6035],[77.2392,9.583],[77.1817,9.6583],[77.2241,9.7319],[77.2394,9.8533],[77.2146,9.8762],[77.2768,9.9741],[77.203,10.1059],[77.2683,10.1218],[77.2896,10.231],[77.1771,10.3565],[77.0957,10.3096],[77.0536,10.2617],[77.0562,10.2112],[76.977,10.1606],[76.9287,10.1789],[76.8684,10.0946],[76.8267,10.0895],[76.7162,9.943],[76.631,9.9133],[76.6307,9.8559],[76.8071,9.7914],[76.8896,9.7173],[76.9287,9.6532],[76.8895,9.5467],[76.9711,9.4649],[77.0692,9.4534],[77.1564,9.4707],[77.2084,9.4502],[77.2496,9.3771],[77.2299,9.2976],[77.285,9.2727]]]},"properties":{"name":"Idukki"}},
{"type":"Feature","geometry":{"type":"Polygon","coordinates":[[[75.5365,11.6927],[75.6176,11.4875],[75.6803,11.4509],[75.7156,11.3923],[75.826,11.1227],[75.9287,11.2459],[76.0468,11.2647],[76.1158,11.3148],[76.1011,11.3957],[76.1447,11.4515],[76.0022,11.526],[75.9,11.622],[75.902,11.6992],[75.8521,11.7029],[75.7742,11.8026],[75.6846,11.7749],[75.5965,11.7127],[75.5443,11.7056],[75.5365,11.6927]]]},"properties":{"name":"Kozhikode"}},
{"type":"Feature","geometry":{"type":"Polygon","coordinates":[[[76.9711,9.4649],[76.8895,9.5467],[76.9287,9.6532],[76.8896,9.7173],[76.8071,9.7914],[76.6307,9.8559],[76.5629,9.8204],[76.5162,9.8483],[76.429,9.8245],[76.3742,9.837],[76.3779,9.6965],[76.4045,9.6858],[76.394,9.548],[76.4672,9.562],[76.5149,9.4007],[76.6777,9.4848],[76.8626,9.4531],[76.9268,9.4155],[76.9711,9.4649]]]},"properties":{"name":"Kottayam"}},
{"type":"Feature","geometry":{"type":"Polygon","coordinates":[[[76.9054,10.2526],[76.8393,10.3377],[76.753,10.3386],[76.716,10.3736],[76.6297,10.3838],[76.5902,10.4355],[76.4919,10.4787],[76.4333,10.5377],[76.4191,10.6313],[76.4698,10.7525],[76.3604,10.7448],[76.2086,10.7786],[76.1629,10.7067],[76.0701,10.7307],[75.9565,10.6853],[76.0664,10.4563],[76.1633,10.1788],[76.2215,10.207],[76.3137,10.1843],[76.341,10.231],[76.4391,10.2946],[76.6973,10.2643],[76.8377,10.2835],[76.9054,10.2526]]]},"properties":{"name":"Thrissur"}},
{"type":"Feature","geometry":{"type":"Polygon","coordinates":[[[76.8393,10.3377],[76.8303,10.4478],[76.8422,10.5944],[76.8851,10.6389],[76.9098,10.7803],[76.8293,10.8711],[76.7442,10.8901],[76.6584,10.9379],[76.7516,11.119],[76.6967,11.1666],[76.7075,11.2403],[76.6036,11.2062],[76.4477,11.2029],[76.4087,11.1182],[76.3333,11.0726],[76.3189,11.0292],[76.3371,10.9059],[76.2544,10.8862],[76.1621,10.9115],[76.1045,10.8471],[76.0311,10.8265],[76.0701,10.7307],[76.1629,10.7067],[76.2086,10.7786],[76.3604,10.7448],[76.4698,10.7525],[76.4191,10.6313],[76.4333,10.5377],[76.4919,10.4787],[76.5902,10.4355],[76.6297,10.3838],[76.716,10.3736],[76.753,10.3386],[76.8393,10.3377]]]},"properties":{"name":"Palakkad"}},
{"type":"Feature","geometry":{"type":"Polygon","coordinates":[[[76.6675,8.7808],[76.9693,8.3898],[77.0964,8.2905],[77.1418,8.3321],[77.2672,8.5111],[77.271,8.5808],[77.1858,8.7173],[77.2017,8.7708],[77.0522,8.8465],[77.0266,8.7753],[76.9364,8.7607],[76.9006,8.8099],[76.8254,8.8452],[76.7915,8.8147],[76.6675,8.7808]]]},"properties":{"name":"Thiruvananthapuram"}},
{"type":"Feature","geometry":{"type":"Polygon","coordinates":[[[75.826,11.1227],[75.9106,10.7858],[75.9565,10.6853],[76.0701,10.7307],[76.0311,10.8265],[76.1045,10.8471],[76.1621,10.9115],[76.2544,10.8862],[76.3371,10.9059],[76.3189,11.0292],[76.3333,11.0726],[76.4087,11.1182],[76.4477,11.2029],[76.5234,11.2705],[76.5479,11.3601],[76.4577,11.3898],[76.3704,11.4561],[76.2664,11.4812],[76.2414,11.5266],[76.1447,11.4515],[76.1011,11.3957],[76.1158,11.3148],[76.0468,11.2647],[75.9287,11.2459],[75.826,11.1227]]]},"properties":{"name":"Malappuram"}},
{"type":"Feature","geometry":{"type":"Polygon","coordinates":[[[75.7742,11.8026],[75.8521,11.7029],[75.902,11.6992],[75.9,11.622],[76.0022,11.526],[76.1447,11.4515],[76.2414,11.5266],[76.43,11.6333],[76.4321,11.6675],[76.4169,11.676],[76.308,11.7467],[76.2563,11.7585],[76.1914,11.8714],[76.1152,11.8587],[76.1148,11.9781],[76.0362,11.9401],[75.9398,11.939],[75.9193,11.8449],[75.8106,11.8566],[75.7742,11.8026]]]},"properties":{"name":"Wayanad"}},
{"type":"Feature","geometry":{"type":"Polygon","coordinates":[[[72.0999,11.2153],[72.0399,11.1752],[72.0932,11.1525],[72.0999,11.2153]]]},"properties":{"name":"Lakshadweep"}},
{"type":"Feature","geometry":{"type":"Polygon","coordinates":[[[88.8126,27.4141],[88.7742,27.5666],[88.8535,27.6687],[88.8614,27.8163],[88.8886,27.8924],[88.8483,27.9908],[88.7587,28.0731],[88.5827,28.0853],[88.3976,27.9777],[88.3456,27.9876],[88.2518,27.9481],[88.147,27.963],[88.1215,27.9171],[88.1999,27.8364],[88.1786,27.7471],[88.115,27.6188],[88.1759,27.6143],[88.2747,27.5188],[88.3502,27.5343],[88.4214,27.4184],[88.4878,27.3782],[88.6176,27.3876],[88.7206,27.4165],[88.8126,27.4141]]]},"properties":{"name":"North District"}},
{"type":"Feature","geometry":{"type":"Polygon","coordinates":[[[88.2747,27.5188],[88.3047,27.4207],[88.3095,27.2259],[88.2848,27.1306],[88.438,27.0817],[88.5273,27.178],[88.4488,27.261],[88.4878,27.3782],[88.4214,27.4184],[88.3502,27.5343],[88.2747,27.5188]]]},"properties":{"name":"South District"}},
{"type":"Feature","geometry":{"type":"Polygon","coordinates":[[[88.115,27.6188],[88.0437,27.496],[88.0786,27.4321],[88.0666,27.336],[88.0189,27.2251],[88.0652,27.2135],[88.0995,27.136],[88.2848,27.1306],[88.3095,27.2259],[88.3047,27.4207],[88.2747,27.5188],[88.1759,27.6143],[88.115,27.6188]]]},"properties":{"name":"West District"}},
{"type":"Feature","geometry":{"type":"Polygon","coordinates":[[[88.4878,27.3782],[88.4488,27.261],[88.5273,27.178],[88.5979,27.1943],[88.7579,27.1481],[88.8074,27.2475],[88.9055,27.2749],[88.9287,27.3262],[88.8126,27.4141],[88.7206,27.4165],[88.6176,27.3876],[88.4878,27.3782]]]},"properties":{"name":"East District"}},
{"type":"Feature","geometry":{"type":"Polygon","coordinates":[[[88.7047,24.0994],[88.6336,24.0249],[88.5841,24.0285],[88.4101,23.8182],[88.2712,23.8102],[88.197,23.7651],[88.1368,23.6595],[88.3908,23.4971],[88.3429,23.424],[88.329,23.316],[88.3572,23.238],[88.4191,23.2125],[88.504,23.0866],[88.4184,23.0161],[88.411,22.9457],[88.5098,22.9434],[88.6587,22.8744],[88.6775,23.0945],[88.7523,23.2398],[88.6962,23.3019],[88.7579,23.3839],[88.755,23.4769],[88.606,23.5986],[88.5593,23.7117],[88.5903,23.8001],[88.5871,23.873],[88.6505,23.8698],[88.7314,23.9227],[88.7394,24.0325],[88.7047,24.0994]]]},"properties":{"name":"Nadia"}},
{"type":"Feature","geometry":{"type":"Polygon","coordinates":[[[88.4434,25.1975],[88.4999,25.2116],[88.578,25.1792],[88.6143,25.207],[88.7188,25.2073],[88.8025,25.1722],[88.8435,25.2157],[88.9205,25.1687],[88.9839,25.2733],[88.8366,25.3679],[88.8362,25.4551],[88.8063,25.518],[88.7001,25.4701],[88.5512,25.5146],[88.4472,25.5954],[88.3974,25.5954],[88.2048,25.4335],[88.1761,25.3524],[88.2143,25.3035],[88.4299,25.3035],[88.4434,25.1975]]]},"properties":{"name":"Dakshin Dinajpur"}},
{"type":"Feature","geometry":{"type":"Polygon","coordinates":[[[87.8367,24.7469],[87.9054,24.7229],[87.9161,24.6637],[87.8918,24.5642],[87.9502,24.5166],[87.9779,24.4154],[87.9619,24.3398],[88.0146,24.3144],[88.0231,24.2434],[87.9002,24.1461],[87.8545,23.8867],[87.9655,23.8037],[88.036,23.7592],[88.197,23.7651],[88.2712,23.8102],[88.4101,23.8182],[88.5841,24.0285],[88.6336,24.0249],[88.7047,24.0994],[88.741,24.2008],[88.7242,24.2911],[88.6469,24.3409],[88.5412,24.334],[88.3879,24.3825],[88.304,24.4771],[88.2019,24.4481],[88.1529,24.4843],[88.1717,24.571],[88.134,24.6367],[88.0078,24.6666],[87.9699,24.757],[87.9016,24.8555],[87.8367,24.7469]]]},"properties":{"name":"Murshidabad"}},
{"type":"Feature","geometry":{"type":"Polygon","coordinates":[[[88.2736,22.5558],[88.3672,22.4993],[88.4022,22.5587],[88.3625,22.6336],[88.3317,22.5561],[88.2736,22.5558]]]},"properties":{"name":"Kolkata"}},
{"type":"Feature","geometry":{"type":"Polygon","coordinates":[[[87.9016,24.8555],[87.9699,24.757],[88.0078,24.6666],[88.1095,24.8131],[88.1649,24.8617],[88.1387,24.9128],[88.2251,24.9615],[88.2655,24.8948],[88.4014,24.9509],[88.4483,25.0648],[88.4434,25.1975],[88.4299,25.3035],[88.2143,25.3035],[88.1453,25.2804],[88.0754,25.4812],[87.9608,25.5386],[87.7918,25.4493],[87.7868,25.3391],[87.8564,25.2699],[87.8278,25.2352],[87.7927,25.2213],[87.7776,25.1],[87.8692,25.0409],[87.9746,24.9247],[87.9016,24.8555]]]},"properties":{"name":"Maldah"}},
{"type":"Feature","geometry":{"type":"Polygon","coordinates":[[[88.2736,22.5558],[88.1251,22.4758],[88.1253,22.4057],[88.0635,22.2064],[88.1821,22.1792],[88.2124,22.1121],[88.1897,22.0617],[88.0811,21.9657],[88.0671,21.9101],[88.0124,21.7456],[87.9534,21.6563],[87.9446,21.5625],[88.0719,21.5074],[88.1588,21.52],[88.2006,21.5739],[88.2961,21.5636],[88.3943,21.6206],[88.4647,21.6343],[88.5053,21.5419],[88.5944,21.5941],[88.733,21.5768],[88.8317,21.5986],[88.8855,21.6578],[88.999,21.6051],[89.1208,21.6609],[89.0306,21.7869],[89.0241,21.8978],[89.0834,21.9519],[89.0444,22.0914],[89.0696,22.1821],[89.0364,22.2167],[88.8153,22.2885],[88.7912,22.3582],[88.7118,22.423],[88.6013,22.6012],[88.5081,22.5396],[88.4022,22.5587],[88.3672,22.4993],[88.2736,22.5558]]]},"properties":{"name":"South Twenty Four Parganas"}},
{"type":"Feature","geometry":{"type":"Polygon","coordinates":[[[88.2425,26.4494],[88.3354,26.496],[88.4143,26.6352],[88.4476,26.8351],[88.4842,26.8753],[88.4232,26.9618],[88.438,27.0817],[88.2848,27.1306],[88.0995,27.136],[88.0652,27.2135],[88.0189,27.2251],[88.012,27.0973],[88.0376,27.0367],[88.1103,26.9917],[88.1895,26.7606],[88.1654,26.6405],[88.1024,26.542],[88.2425,26.4494]]]},"properties":{"name":"Darjiling"}},
{"type":"Feature","geometry":{"type":"Polygon","coordinates":[[[88.4143,26.6352],[88.4327,26.5506],[88.4761,26.5461],[88.5654,26.459],[88.6872,26.4062],[88.7053,26.3425],[88.7583,26.307],[88.7494,26.3558],[88.8799,26.4014],[88.9874,26.5342],[89.1273,26.522],[89.0467,26.6525],[89.1171,26.825],[89.0914,26.8974],[89.0306,26.9403],[88.9769,26.9205],[88.9249,26.9962],[88.878,26.9646],[88.8175,26.9902],[88.7668,26.9244],[88.6683,26.9263],[88.6101,26.8791],[88.4842,26.8753],[88.4476,26.8351],[88.4143,26.6352]]]},"properties":{"name":"Jalpaiguri"}},
{"type":"Feature","geometry":{"type":"Polygon","coordinates":[[[87.8266,25.8776],[87.9164,25.8521],[87.9064,25.7807],[87.9663,25.7251],[88.056,25.6863],[88.0321,25.5539],[88.0754,25.4812],[88.1453,25.2804],[88.2143,25.3035],[88.1761,25.3524],[88.2048,25.4335],[88.3974,25.5954],[88.4472,25.5954],[88.4522,25.6629],[88.2367,25.8103],[88.1426,25.7917],[88.0992,25.8293],[88.0993,25.8984],[88.1582,26.0243],[88.1749,26.1498],[88.3488,26.2232],[88.3483,26.2831],[88.5205,26.3905],[88.4793,26.4703],[88.3354,26.496],[88.2425,26.4494],[88.2797,26.3774],[88.2303,26.2895],[88.0432,26.1779],[87.9656,26.0842],[87.8479,26.0447],[87.8296,25.9467],[87.8266,25.8776]]]},"properties":{"name":"Uttar Dinajpur"}},
{"type":"Feature","geometry":{"type":"Polygon","coordinates":[[[88.0635,22.2064],[87.9536,22.2828],[87.9531,22.4166],[87.8799,22.444],[87.892,22.5193],[87.7707,22.474],[87.6962,22.505],[87.647,22.4244],[87.6408,22.3268],[87.7204,22.3067],[87.6887,22.209],[87.7074,22.1767],[87.6617,22.0861],[87.4875,22.0808],[87.4523,21.9947],[87.4759,21.9449],[87.443,21.7697],[87.4745,21.7127],[87.4868,21.6112],[87.6761,21.653],[87.8373,21.7181],[88.0671,21.9101],[88.0811,21.9657],[88.1897,22.0617],[88.2124,22.1121],[88.1821,22.1792],[88.0635,22.2064]]]},"properties":{"name":"Purba Medinipur"}},
{"type":"Feature","geometry":{"type":"Polygon","coordinates":[[[88.3625,22.6336],[88.355,22.6507],[88.3436,22.665],[88.1039,22.6919],[88.014,22.684],[87.9555,22.7741],[87.933,22.649],[87.8546,22.598],[87.892,22.5193],[87.8799,22.444],[87.9531,22.4166],[87.9536,22.2828],[88.0635,22.2064],[88.1253,22.4057],[88.1251,22.4758],[88.2736,22.5558],[88.3317,22.5561],[88.3625,22.6336]]]},"properties":{"name":"Haora"}},
{"type":"Feature","geometry":{"type":"Polygon","coordinates":[[[88.411,22.9457],[88.4102,22.8843],[88.3557,22.7954],[88.355,22.6507],[88.3625,22.6336],[88.4022,22.5587],[88.5081,22.5396],[88.6013,22.6012],[88.7118,22.423],[88.7912,22.3582],[88.8153,22.2885],[89.0364,22.2167],[89.0696,22.1821],[89.0251,22.2968],[88.9846,22.3277],[88.9902,22.4449],[88.9246,22.6568],[88.9603,22.6938],[88.9138,22.7604],[88.9629,22.8185],[88.855,22.9562],[88.8788,23.0098],[88.869,23.1016],[88.9296,23.1469],[88.9092,23.2332],[88.7779,23.2197],[88.7523,23.2398],[88.6775,23.0945],[88.6587,22.8744],[88.5098,22.9434],[88.411,22.9457]]]},"properties":{"name":"North Twenty Four Parganas"}},
{"type":"Feature","geometry":{"type":"Polygon","coordinates":[[[87.0893,23.8075],[87.1529,23.7466],[87.2653,23.7499],[87.4025,23.695],[87.4553,23.6095],[87.5427,23.6073],[87.5776,23.5913],[87.7184,23.6179],[87.8072,23.5601],[87.9078,23.5405],[87.9556,23.6245],[87.9152,23.6602],[87.9655,23.8037],[87.8545,23.8867],[87.9002,24.1461],[88.0231,24.2434],[88.0146,24.3144],[87.9619,24.3398],[87.9779,24.4154],[87.9502,24.5166],[87.8918,24.5642],[87.8039,24.5604],[87.8019,24.3839],[87.7607,24.3053],[87.6462,24.2517],[87.6939,24.1518],[87.5842,24.1634],[87.5747,24.0896],[87.4436,23.9802],[87.3943,24.004],[87.2374,24.0266],[87.2965,23.9578],[87.2972,23.8923],[87.2508,23.8588],[87.1351,23.8531],[87.0893,23.8075]]]},"properties":{"name":"Birbhum"}},
{"type":"Feature","geometry":{"type":"Polygon","coordinates":[[[88.197,23.7651],[88.036,23.7592],[87.9655,23.8037],[87.9152,23.6602],[87.9556,23.6245],[87.9078,23.5405],[87.8072,23.5601],[87.7184,23.6179],[87.5776,23.5913],[87.5427,23.6073],[87.4788,23.5335],[87.4824,23.4511],[87.4479,23.4045],[87.5603,23.3099],[87.6927,23.1289],[87.7636,23.0807],[87.7135,23.011],[87.7935,22.9416],[87.9315,22.9458],[88.0517,22.9881],[88.053,23.0467],[88.1498,23.0777],[88.1701,23.1508],[88.3476,23.1325],[88.4191,23.2125],[88.3572,23.238],[88.329,23.316],[88.3429,23.424],[88.3908,23.4971],[88.1368,23.6595],[88.197,23.7651]]]},"properties":{"name":"Barddhaman"}},
{"type":"Feature","geometry":{"type":"Polygon","coordinates":[[[87.4479,23.4045],[87.2547,23.5163],[87.2138,23.556],[87.1243,23.5761],[87.017,23.6347],[86.899,23.6404],[86.8416,23.3827],[86.7834,23.3421],[86.7743,23.2313],[86.7157,23.1219],[86.7446,23.0948],[86.692,22.9301],[86.7041,22.8726],[86.6118,22.7993],[86.7739,22.7267],[86.9267,22.627],[87.0203,22.6681],[87.0769,22.7287],[87.0663,22.8499],[87.2859,22.9114],[87.3594,22.9529],[87.4792,22.9131],[87.5243,22.9306],[87.6174,22.8919],[87.6451,22.9879],[87.7135,23.011],[87.7636,23.0807],[87.6927,23.1289],[87.5603,23.3099],[87.4479,23.4045]]]},"properties":{"name":"Bankura"}},
{"type":"Feature","geometry":{"type":"Polygon","coordinates":[[[86.2398,22.9965],[86.2972,23.0132],[86.3982,22.9774],[86.5024,22.9931],[86.4379,22.8639],[86.4212,22.78],[86.484,22.726],[86.56,22.7116],[86.6118,22.7993],[86.7041,22.8726],[86.692,22.9301],[86.7446,23.0948],[86.7157,23.1219],[86.7743,23.2313],[86.7834,23.3421],[86.8416,23.3827],[86.899,23.6404],[86.8007,23.6958],[86.7161,23.6995],[86.5339,23.6313],[86.4443,23.622],[86.3634,23.5454],[86.3572,23.4661],[86.2301,23.4381],[86.1485,23.5296],[86.1538,23.5677],[86.0167,23.5634],[86.026,23.4902],[85.9437,23.4574],[85.8834,23.4781],[85.8667,23.4305],[85.8672,23.3058],[85.8321,23.2656],[85.8407,23.1947],[85.8948,23.1545],[85.9206,23.1323],[86.0425,23.1464],[86.1212,23.0965],[86.1837,23.0148],[86.2398,22.9965]]]},"properties":{"name":"Puruliya"}},
{"type":"Feature","geometry":{"type":"Polygon","coordinates":[[[89.8374,26.4124],[89.7663,26.4642],[89.6994,26.4211],[89.5543,26.4257],[89.5308,26.4773],[89.4585,26.4902],[89.3936,26.4651],[89.1863,26.5],[89.1273,26.522],[88.9874,26.5342],[88.8799,26.4014],[88.7494,26.3558],[88.7583,26.307],[88.9304,26.2802],[88.9569,26.2405],[89.0339,26.2478],[88.9734,26.3484],[88.9061,26.3803],[88.9446,26.4486],[89.0878,26.3996],[89.1562,26.1414],[89.2302,26.1249],[89.3585,26.0106],[89.5411,26.0073],[89.6302,26.0639],[89.5961,26.1623],[89.6874,26.2261],[89.7207,26.1652],[89.7214,26.2593],[89.8311,26.3668],[89.8374,26.4124]]]},"properties":{"name":"Koch Bihar"}},
{"type":"Feature","geometry":{"type":"Polygon","coordinates":[[[87.892,22.5193],[87.8546,22.598],[87.7648,22.6954],[87.7222,22.7894],[87.6357,22.8129],[87.5095,22.9042],[87.5243,22.9306],[87.4792,22.9131],[87.3594,22.9529],[87.2859,22.9114],[87.0663,22.8499],[87.0769,22.7287],[87.1266,22.6743],[87.0917,22.6355],[87.111,22.5417],[87.0797,22.4797],[87.1057,22.4292],[87.177,22.3957],[87.1667,22.3364],[87.2242,22.2343],[87.1376,22.1299],[87.2297,21.9621],[87.2328,21.9611],[87.2845,21.8045],[87.443,21.7697],[87.4759,21.9449],[87.4523,21.9947],[87.4875,22.0808],[87.6617,22.0861],[87.7074,22.1767],[87.6887,22.209],[87.7204,22.3067],[87.6408,22.3268],[87.647,22.4244],[87.6962,22.505],[87.7707,22.474],[87.892,22.5193]]]},"properties":{"name":"Paschim Medinipur"}},
{"type":"Feature","geometry":{"type":"Polygon","coordinates":[[[88.4191,23.2125],[88.3476,23.1325],[88.1701,23.1508],[88.1498,23.0777],[88.053,23.0467],[88.0517,22.9881],[87.9315,22.9458],[87.7935,22.9416],[87.7135,23.011],[87.6451,22.9879],[87.6174,22.8919],[87.5243,22.9306],[87.5095,22.9042],[87.6357,22.8129],[87.7222,22.7894],[87.7648,22.6954],[87.8546,22.598],[87.933,22.649],[87.9555,22.7741],[88.014,22.684],[88.1039,22.6919],[88.3436,22.665],[88.355,22.6507],[88.3557,22.7954],[88.4102,22.8843],[88.411,22.9457],[88.4184,23.0161],[88.504,23.0866],[88.4191,23.2125]]]},"properties":{"name":"Hugli"}},
{"type":"Feature","geometry":{"type":"Polygon","coordinates":[[[75.8532,32.5161],[75.7626,32.4759],[75.7281,32.4177],[75.6091,32.3815],[75.484,32.3175],[75.3256,32.3352],[75.3716,32.2795],[75.3283,32.2155],[75.4708,32.1572],[75.5881,32.1382],[75.6163,32.0933],[75.6715,32.1454],[75.6406,32.2358],[75.7527,32.2731],[75.8604,32.3785],[75.9278,32.4083],[75.8532,32.5161]]]},"properties":{"name":"Pathankot"}},
{"type":"Feature","geometry":{"type":"Polygon","coordinates":[[[75.6163,32.0933],[75.5881,32.1382],[75.4708,32.1572],[75.3283,32.2155],[75.2613,32.1014],[75.1227,32.0774],[75.0124,32.0357],[74.9127,32.0539],[74.9374,32.015],[74.9026,31.9335],[74.9698,31.8339],[75.0778,31.8057],[75.2039,31.7275],[75.2278,31.6852],[75.4058,31.5941],[75.4766,31.6511],[75.569,31.7751],[75.5737,31.8551],[75.5314,31.9432],[75.5945,32.0811],[75.6163,32.0933]]]},"properties":{"name":"Gurdaspur"}},
{"type":"Feature","geometry":{"type":"Polygon","coordinates":[[[76.4667,30.0963],[76.5753,30.1008],[76.6382,30.1479],[76.6404,30.1508],[76.6518,30.2017],[76.6033,30.25],[76.7488,30.3631],[76.7405,30.4169],[76.7821,30.5194],[76.6358,30.6202],[76.5865,30.5742],[76.5018,30.5609],[76.4368,30.4416],[76.3271,30.5367],[76.2618,30.5568],[76.0876,30.5333],[76.0812,30.4715],[75.9912,30.3376],[76.2042,30.2839],[76.0512,30.1883],[76.0943,30.0797],[76.006,30.0035],[75.9835,29.9067],[76.061,29.8683],[76.1024,29.8071],[76.2163,29.8407],[76.1948,29.8901],[76.2016,30.0004],[76.262,30.1034],[76.4026,30.1236],[76.4667,30.0963]]]},"properties":{"name":"Patiala"}},
{"type":"Feature","geometry":{"type":"Polygon","coordinates":[[[74.9502,31.1496],[75.0518,31.1916],[75.0852,31.2721],[75.1909,31.4076],[75.2807,31.4827],[75.0753,31.5266],[74.8469,31.531],[74.7955,31.5708],[74.6322,31.5274],[74.6136,31.4947],[74.6513,31.4519],[74.5539,31.3665],[74.5104,31.132],[74.5505,31.0889],[74.6981,31.1038],[74.7657,31.1285],[74.9502,31.1496]]]},"properties":{"name":"Tarn Taran"}},
{"type":"Feature","geometry":{"type":"MultiPolygon","coordinates":[[[[75.4058,31.5941],[75.2807,31.4827],[75.1909,31.4076],[75.0852,31.2721],[75.0518,31.1916],[74.9502,31.1496],[75.0853,31.1513],[75.2303,31.1551],[75.3473,31.2321],[75.4631,31.2378],[75.4565,31.2847],[75.515,31.3899],[75.4424,31.4175],[75.4622,31.5044],[75.5279,31.4792],[75.5959,31.6045],[75.4766,31.6511],[75.4058,31.5941]]],[[[75.8925,31.2759],[75.8974,31.34],[75.7893,31.3697],[75.6871,31.3191],[75.6723,31.2403],[75.7077,31.166],[75.7888,31.1983],[75.8925,31.2759]]]]},"properties":{"name":"Kapurthala"}},
{"type":"Feature","geometry":{"type":"Polygon","coordinates":[[[76.6358,30.6202],[76.5228,30.7293],[76.5257,30.7593],[76.4469,30.7592],[76.4149,30.8386],[76.3237,30.8791],[76.2695,30.7966],[76.3094,30.7589],[76.3041,30.6786],[76.1533,30.6528],[76.0844,30.5616],[76.0876,30.5333],[76.2618,30.5568],[76.3271,30.5367],[76.4368,30.4416],[76.5018,30.5609],[76.5865,30.5742],[76.6358,30.6202]]]},"properties":{"name":"Fatehgarh Sahib"}},
{"type":"Feature","geometry":{"type":"Polygon","coordinates":[[[76.1024,29.8071],[76.061,29.8683],[75.9835,29.9067],[76.006,30.0035],[76.0943,30.0797],[76.0512,30.1883],[76.2042,30.2839],[75.9912,30.3376],[76.0812,30.4715],[76.0876,30.5333],[76.0844,30.5616],[76.0289,30.6146],[75.9296,30.5757],[75.8392,30.6948],[75.6797,30.5949],[75.6814,30.5069],[75.6539,30.3339],[75.6984,30.2411],[75.5605,30.2016],[75.5771,30.1442],[75.6462,30.1025],[75.6475,29.9518],[75.7337,29.9329],[75.7756,29.8344],[75.7375,29.8084],[75.8494,29.8154],[75.8753,29.7489],[75.947,29.7293],[76.0532,29.7451],[76.1024,29.8071]]]},"properties":{"name":"Sangrur"}},
{"type":"Feature","geometry":{"type":"Polygon","coordinates":[[[75.7375,29.8084],[75.7756,29.8344],[75.7337,29.9329],[75.6475,29.9518],[75.6462,30.1025],[75.5771,30.1442],[75.5085,30.1453],[75.4652,30.1962],[75.3732,30.2003],[75.3468,30.1295],[75.2617,30.0987],[75.2803,30],[75.1851,29.9683],[75.1897,29.8348],[75.242,29.7498],[75.1841,29.6278],[75.3025,29.5606],[75.3287,29.6682],[75.463,29.8011],[75.5801,29.7397],[75.7375,29.8084]]]},"properties":{"name":"Mansa"}},
{"type":"Feature","geometry":{"type":"Polygon","coordinates":[[[74.9127,32.0539],[74.8216,31.9644],[74.6772,31.9262],[74.5708,31.8371],[74.5473,31.7521],[74.504,31.7403],[74.5555,31.6079],[74.6161,31.5574],[74.6136,31.4947],[74.6322,31.5274],[74.7955,31.5708],[74.8469,31.531],[75.0753,31.5266],[75.2807,31.4827],[75.4058,31.5941],[75.2278,31.6852],[75.2039,31.7275],[75.0778,31.8057],[74.9698,31.8339],[74.9026,31.9335],[74.9374,32.015],[74.9127,32.0539]]]},"properties":{"name":"Amritsar"}},
{"type":"Feature","geometry":{"type":"Polygon","coordinates":[[[75.0093,30.4879],[74.9469,30.5695],[74.9564,30.6741],[74.9122,30.7355],[74.8136,30.7674],[74.7725,30.8119],[74.6262,30.8308],[74.4761,30.7492],[74.5032,30.6672],[74.6199,30.6374],[74.7351,30.464],[74.7544,30.3936],[74.8233,30.3929],[74.9331,30.368],[75.0536,30.4086],[75.0093,30.4879]]]},"properties":{"name":"Faridkot"}},
{"type":"Feature","geometry":{"type":"Polygon","coordinates":[[[76.3237,30.8791],[76.3173,30.9956],[76.2707,31.0219],[76.1356,30.9861],[75.9542,31.0115],[75.7607,31.0146],[75.5971,30.9689],[75.3564,30.9886],[75.3976,30.8087],[75.3788,30.6225],[75.4089,30.5822],[75.4954,30.5981],[75.5637,30.5664],[75.6797,30.5949],[75.8392,30.6948],[75.9296,30.5757],[76.0289,30.6146],[76.0844,30.5616],[76.1533,30.6528],[76.3041,30.6786],[76.3094,30.7589],[76.2695,30.7966],[76.3237,30.8791]]]},"properties":{"name":"Ludhiana"}},
{"type":"Feature","geometry":{"type":"Polygon","coordinates":[[[75.1897,29.8348],[75.1851,29.9683],[75.2803,30],[75.2617,30.0987],[75.3468,30.1295],[75.3732,30.2003],[75.3228,30.3326],[75.2937,30.5095],[75.1105,30.52],[75.0093,30.4879],[75.0536,30.4086],[74.9331,30.368],[74.8233,30.3929],[74.7267,30.3077],[74.701,30.159],[74.6331,30.1271],[74.7038,30.0647],[74.7083,29.9702],[74.8123,29.9914],[74.9352,29.94],[74.9932,29.8639],[75.1138,29.8951],[75.1897,29.8348]]]},"properties":{"name":"Bathinda"}},
{"type":"Feature","geometry":{"type":"Polygon","coordinates":[[[75.0853,31.1513],[75.1407,31.1039],[75.2292,31.0339],[75.2961,31.0338],[75.3564,30.9886],[75.5971,30.9689],[75.7607,31.0146],[75.9542,31.0115],[75.9285,31.0934],[75.8539,31.1814],[75.7888,31.1983],[75.7077,31.166],[75.6723,31.2403],[75.6871,31.3191],[75.7893,31.3697],[75.8023,31.4546],[75.7015,31.5386],[75.6719,31.6071],[75.5959,31.6045],[75.5279,31.4792],[75.4622,31.5044],[75.4424,31.4175],[75.515,31.3899],[75.4565,31.2847],[75.4631,31.2378],[75.3473,31.2321],[75.2303,31.1551],[75.0853,31.1513]]]},"properties":{"name":"Jalandhar"}},
{"type":"Feature","geometry":{"type":"Polygon","coordinates":[[[74.7083,29.9702],[74.7038,30.0647],[74.6331,30.1271],[74.701,30.159],[74.7267,30.3077],[74.8233,30.3929],[74.7544,30.3936],[74.7351,30.464],[74.6199,30.6374],[74.5032,30.6672],[74.3805,30.5909],[74.4047,30.5569],[74.3298,30.4459],[74.3226,30.3286],[74.2623,30.2463],[74.3581,30.2394],[74.3378,30.1614],[74.368,30.0848],[74.4277,30.0229],[74.4526,29.9467],[74.5283,29.9429],[74.6371,29.9052],[74.7083,29.9702]]]},"properties":{"name":"Muktsar"}},
{"type":"Feature","geometry":{"type":"Polygon","coordinates":[[[75.0093,30.4879],[75.1105,30.52],[75.2937,30.5095],[75.3651,30.5142],[75.4089,30.5822],[75.3788,30.6225],[75.3976,30.8087],[75.3564,30.9886],[75.2961,31.0338],[75.2292,31.0339],[75.1407,31.1039],[75.0843,31.0438],[75.0976,30.9616],[75.0338,30.8944],[74.9463,30.8768],[74.9122,30.7355],[74.9564,30.6741],[74.9469,30.5695],[75.0093,30.4879]]]},"properties":{"name":"Moga"}},
{"type":"Feature","geometry":{"type":"Polygon","coordinates":[[[75.9598,31.8559],[75.9463,31.9294],[75.8109,31.9874],[75.6652,32.0764],[75.5945,32.0811],[75.5314,31.9432],[75.5737,31.8551],[75.569,31.7751],[75.4766,31.6511],[75.5959,31.6045],[75.6719,31.6071],[75.7015,31.5386],[75.8023,31.4546],[75.7893,31.3697],[75.8974,31.34],[75.8925,31.2759],[76.0542,31.2271],[76.1739,31.1354],[76.2396,31.2381],[76.3395,31.2255],[76.2921,31.3071],[76.1875,31.3041],[76.1716,31.402],[76.099,31.5349],[76.0183,31.6439],[75.9487,31.8134],[75.9598,31.8559]]]},"properties":{"name":"Hoshiarpur"}},
{"type":"Feature","geometry":{"type":"Polygon","coordinates":[[[76.2921,31.3071],[76.3395,31.2255],[76.4373,31.0801],[76.5208,30.9948],[76.4496,30.9723],[76.3173,30.9956],[76.3237,30.8791],[76.4149,30.8386],[76.4469,30.7592],[76.5257,30.7593],[76.6124,30.8905],[76.7395,30.9402],[76.6244,31.0006],[76.6383,31.1145],[76.605,31.1795],[76.6502,31.2095],[76.4428,31.3221],[76.3966,31.4077],[76.2921,31.3071]]]},"properties":{"name":"Rupnagar"}},
{"type":"Feature","geometry":{"type":"Polygon","coordinates":[[[74.6981,31.1038],[74.6711,31.0536],[74.5469,31.0319],[74.5461,30.9934],[74.4283,30.9424],[74.3014,30.8038],[74.3867,30.8021],[74.4761,30.7492],[74.6262,30.8308],[74.7725,30.8119],[74.8136,30.7674],[74.9122,30.7355],[74.9463,30.8768],[75.0338,30.8944],[75.0976,30.9616],[75.0843,31.0438],[75.1407,31.1039],[75.0853,31.1513],[74.9502,31.1496],[74.7657,31.1285],[74.6981,31.1038]]]},"properties":{"name":"Firozpur"}},
{"type":"Feature","geometry":{"type":"Polygon","coordinates":[[[74.4761,30.7492],[74.3867,30.8021],[74.3014,30.8038],[74.2192,30.6935],[74.1285,30.632],[74.0501,30.5372],[73.9637,30.4848],[73.9646,30.4246],[73.8832,30.3653],[73.9622,30.2638],[73.9461,30.1776],[73.9685,30.1207],[73.9087,30.0549],[73.9013,29.9712],[74.0795,29.9695],[74.3528,29.9519],[74.4526,29.9467],[74.4277,30.0229],[74.368,30.0848],[74.3378,30.1614],[74.3581,30.2394],[74.2623,30.2463],[74.3226,30.3286],[74.3298,30.4459],[74.4047,30.5569],[74.3805,30.5909],[74.5032,30.6672],[74.4761,30.7492]]]},"properties":{"name":"Fazilka"}},
{"type":"Feature","geometry":{"type":"Polygon","coordinates":[[[75.6797,30.5949],[75.5637,30.5664],[75.4954,30.5981],[75.4089,30.5822],[75.3651,30.5142],[75.2937,30.5095],[75.3228,30.3326],[75.3732,30.2003],[75.4652,30.1962],[75.5085,30.1453],[75.5771,30.1442],[75.5605,30.2016],[75.6984,30.2411],[75.6539,30.3339],[75.6814,30.5069],[75.6797,30.5949]]]},"properties":{"name":"Barnala"}},
{"type":"Feature","geometry":{"type":"Polygon","coordinates":[[[76.7395,30.9402],[76.6124,30.8905],[76.5257,30.7593],[76.5228,30.7293],[76.6358,30.6202],[76.7821,30.5194],[76.7405,30.4169],[76.8218,30.4075],[76.9111,30.3582],[76.9107,30.4597],[76.9272,30.5954],[76.825,30.6809],[76.7544,30.6814],[76.7112,30.7614],[76.8296,30.7619],[76.8419,30.8285],[76.7781,30.9068],[76.7395,30.9402]]]},"properties":{"name":"Sahibzada Ajit Singh Nagar"}},
{"type":"Feature","geometry":{"type":"Polygon","coordinates":[[[75.7888,31.1983],[75.8539,31.1814],[75.9285,31.0934],[75.9542,31.0115],[76.1356,30.9861],[76.2707,31.0219],[76.3173,30.9956],[76.4496,30.9723],[76.5208,30.9948],[76.4373,31.0801],[76.3395,31.2255],[76.2396,31.2381],[76.1739,31.1354],[76.0542,31.2271],[75.8925,31.2759],[75.7888,31.1983]]]},"properties":{"name":"Shahid Bhagat Singh Nagar"}},
{"type":"Feature","geometry":{"type":"Polygon","coordinates":[[[76.3458,12.6572],[76.3818,12.5759],[76.4535,12.4844],[76.7204,12.3561],[76.8125,12.361],[76.8366,12.4034],[76.9741,12.443],[76.9501,12.3626],[77.0004,12.2448],[77.1138,12.2435],[77.1665,12.3102],[77.3235,12.3082],[77.2702,12.4661],[77.215,12.4871],[77.1484,12.4628],[77.1157,12.5541],[77.0819,12.7472],[76.9259,12.8055],[76.8282,13.0014],[76.6747,13.055],[76.6326,13.0067],[76.5777,12.849],[76.4707,12.796],[76.4125,12.8469],[76.3715,12.8216],[76.3458,12.6572]]]},"properties":{"name":"Mandya"}},
{"type":"Feature","geometry":{"type":"Polygon","coordinates":[[[76.4169,11.676],[76.4244,11.8066],[76.5773,11.9223],[76.5844,11.9835],[76.6542,12.0061],[76.8615,11.9977],[76.8756,12.1168],[76.9479,12.0992],[76.9898,12.145],[77.1344,12.2099],[77.1138,12.2435],[77.0004,12.2448],[76.9501,12.3626],[76.9741,12.443],[76.8366,12.4034],[76.8125,12.361],[76.7204,12.3561],[76.4535,12.4844],[76.3818,12.5759],[76.3458,12.6572],[76.3117,12.6111],[76.2295,12.6442],[76.138,12.5282],[76.0216,12.5676],[75.9649,12.5046],[75.9758,12.449],[75.9121,12.4029],[76.0008,12.3262],[76.0239,12.2529],[76.0837,12.2601],[76.1333,12.1992],[76.1901,12.0534],[76.1148,11.9781],[76.1152,11.8587],[76.1914,11.8714],[76.2563,11.7585],[76.308,11.7467],[76.4169,11.676]]]},"properties":{"name":"Mysore"}},
{"type":"Feature","geometry":{"type":"Polygon","coordinates":[[[78.1278,13.7867],[78.1155,13.8632],[77.9872,13.9027],[77.9598,13.9372],[77.8172,13.9316],[77.8366,13.8697],[77.7371,13.8107],[77.6228,13.7691],[77.4579,13.6844],[77.3845,13.6615],[77.3633,13.6139],[77.3876,13.5011],[77.4464,13.4632],[77.5928,13.4219],[77.6856,13.3507],[77.7551,13.3624],[77.829,13.3269],[77.8118,13.2624],[77.9401,13.2678],[78.0981,13.31],[78.1395,13.4049],[78.1828,13.4191],[78.1991,13.5666],[78.1656,13.6587],[78.0897,13.6602],[78.1278,13.7867]]]},"properties":{"name":"Chikkaballapura"}},
{"type":"Feature","geometry":{"type":"Polygon","coordinates":[[[77.4569,16.8861],[77.2134,16.9451],[77.0195,16.8989],[76.9829,16.8096],[76.9061,16.828],[76.9032,16.8924],[76.8182,16.8734],[76.7164,16.795],[76.5188,16.7509],[76.4614,16.711],[76.4058,16.6486],[76.4381,16.4358],[76.3346,16.4248],[76.303,16.2843],[76.349,16.2749],[76.3301,16.1919],[76.4793,16.291],[76.7479,16.4129],[76.8488,16.4343],[76.8833,16.4939],[76.9709,16.506],[77.0118,16.5463],[77.146,16.4792],[77.1719,16.4359],[77.2893,16.4079],[77.2397,16.4728],[77.3711,16.489],[77.4691,16.5891],[77.4213,16.6675],[77.44,16.7822],[77.4764,16.7915],[77.4765,16.7955],[77.4569,16.8861]]]},"properties":{"name":"Yadgir"}},
{"type":"Feature","geometry":{"type":"Polygon","coordinates":[[[75.604,12.9562],[75.6469,13.033],[75.7408,13.032],[75.7312,13.1823],[75.897,13.2651],[76.0154,13.2605],[76.0565,13.3806],[76.1416,13.4083],[76.1631,13.4709],[76.2318,13.4683],[76.3649,13.5472],[76.3549,13.5788],[76.2805,13.6063],[76.2214,13.7125],[76.1523,13.7307],[76.0993,13.8647],[76.035,13.8969],[75.9417,13.8126],[75.8807,13.8114],[75.8258,13.8185],[75.7342,13.7703],[75.5366,13.762],[75.4732,13.7122],[75.3994,13.5746],[75.3311,13.561],[75.2305,13.4947],[75.1411,13.4643],[75.1136,13.3592],[75.2007,13.1796],[75.2548,13.1299],[75.3114,13.1334],[75.353,13.1844],[75.4435,13.1663],[75.4557,13.1143],[75.5773,13.0813],[75.604,12.9562]]]},"properties":{"name":"Chikmagalur"}},
{"type":"Feature","geometry":{"type":"Polygon","coordinates":[[[77.0261,14.18],[77.0103,14.2388],[76.9438,14.2472],[76.8887,14.3972],[76.9792,14.4852],[76.8693,14.4814],[76.8049,14.5343],[76.7659,14.6027],[76.7762,14.6802],[76.8388,14.7913],[76.8693,14.9702],[76.7615,14.989],[76.7186,14.9735],[76.6795,14.893],[76.7031,14.8168],[76.6127,14.6876],[76.6042,14.6252],[76.509,14.5648],[76.4608,14.452],[76.2794,14.4067],[76.2056,14.4577],[76.1527,14.4071],[76.1577,14.3206],[76.1327,14.2558],[76.0629,14.2207],[76.0263,14.1144],[76.0551,14.0666],[76.035,13.8969],[76.0993,13.8647],[76.1523,13.7307],[76.2214,13.7125],[76.2805,13.6063],[76.3549,13.5788],[76.4114,13.5798],[76.5189,13.6338],[76.5741,13.7142],[76.6611,13.7217],[76.768,13.8366],[76.724,13.8958],[76.8156,13.9171],[76.8932,14.0479],[76.9525,14.0926],[76.8974,14.1661],[77.0261,14.18]]]},"properties":{"name":"Chitradurga"}},
{"type":"Feature","geometry":{"type":"Polygon","coordinates":[[[75.0822,15.0736],[75.0705,15.0167],[75.0722,14.7808],[75.0332,14.7078],[75.0522,14.6496],[75.1023,14.6495],[75.2104,14.575],[75.2663,14.5802],[75.3482,14.4839],[75.3716,14.371],[75.5371,14.2784],[75.6235,14.3378],[75.6424,14.4314],[75.6888,14.4906],[75.7967,14.5096],[75.8198,14.5629],[75.7997,14.6815],[75.7579,14.7394],[75.6667,14.8091],[75.7028,14.9489],[75.6382,14.9934],[75.5966,14.9575],[75.5398,15.0277],[75.4204,15.0627],[75.3436,15.0663],[75.3393,15.1604],[75.255,15.1066],[75.1434,15.1008],[75.0822,15.0736]]]},"properties":{"name":"Haveri"}},
{"type":"Feature","geometry":{"type":"Polygon","coordinates":[[[75.4175,12.5028],[75.6188,12.5116],[75.6735,12.5561],[75.6496,12.6677],[75.6736,12.7016],[75.6447,12.7848],[75.5578,12.9161],[75.604,12.9562],[75.5773,13.0813],[75.4557,13.1143],[75.4435,13.1663],[75.353,13.1844],[75.3114,13.1334],[75.2548,13.1299],[75.2007,13.1796],[75.1678,13.1405],[75.0926,13.1599],[74.9137,13.1506],[74.8472,13.1743],[74.7603,13.1391],[74.8226,12.8514],[74.8681,12.75],[75.001,12.7889],[75.0039,12.7191],[75.049,12.6674],[75.114,12.6815],[75.2033,12.6309],[75.3075,12.5027],[75.4175,12.5028]]]},"properties":{"name":"Dakshina Kannada"}},
{"type":"Feature","geometry":{"type":"Polygon","coordinates":[[[77.515,15.9267],[77.492,16.1213],[77.4928,16.2552],[77.5391,16.2681],[77.5955,16.3408],[77.4865,16.383],[77.4167,16.3678],[77.2893,16.4079],[77.1719,16.4359],[77.146,16.4792],[77.0118,16.5463],[76.9709,16.506],[76.8833,16.4939],[76.8488,16.4343],[76.7479,16.4129],[76.4793,16.291],[76.3301,16.1919],[76.2417,16.1662],[76.3038,16.0735],[76.3289,15.9317],[76.2864,15.9022],[76.3616,15.9085],[76.452,15.8519],[76.4448,15.7369],[76.6933,15.6464],[76.8147,15.5475],[76.8348,15.6167],[76.9284,15.7358],[77.0288,15.8347],[77.0813,15.915],[77.2538,15.9621],[77.4331,15.9476],[77.515,15.9267]]]},"properties":{"name":"Raichur"}},
{"type":"Feature","geometry":{"type":"Polygon","coordinates":[[[78.1991,13.5666],[78.1828,13.4191],[78.1395,13.4049],[78.0981,13.31],[77.9401,13.2678],[77.9365,13.1489],[77.8965,13.125],[77.8492,13.0059],[77.8361,12.8692],[77.8929,12.8687],[77.9438,12.8234],[78.0331,12.8519],[78.132,12.781],[78.2322,12.7638],[78.2525,12.8585],[78.3146,12.8584],[78.3569,12.9393],[78.4695,12.9747],[78.4614,13.0372],[78.5161,13.0642],[78.5202,13.131],[78.5806,13.1679],[78.5785,13.2831],[78.5123,13.2884],[78.366,13.366],[78.382,13.4017],[78.3908,13.5918],[78.1991,13.5666]]]},"properties":{"name":"Kolar"}},
{"type":"Feature","geometry":{"type":"Polygon","coordinates":[[[76.4614,16.711],[76.4362,16.7637],[76.3727,16.7683],[76.3756,16.8594],[76.4388,16.8681],[76.4306,17.1001],[76.3649,17.1175],[76.3671,17.1765],[76.2436,17.1512],[76.1311,17.2413],[76.0742,17.3348],[75.9315,17.3265],[75.8945,17.4082],[75.8113,17.3722],[75.6349,17.4796],[75.6052,17.3055],[75.6594,17.2638],[75.6308,17.1625],[75.6737,17.116],[75.6684,16.9804],[75.3438,16.955],[75.3355,16.869],[75.3953,16.8614],[75.3887,16.7628],[75.491,16.6007],[75.4793,16.5029],[75.5711,16.4884],[75.7253,16.3912],[75.7832,16.3808],[76.0677,16.2597],[76.0644,16.2109],[76.2417,16.1662],[76.3301,16.1919],[76.349,16.2749],[76.303,16.2843],[76.3346,16.4248],[76.4381,16.4358],[76.4058,16.6486],[76.4614,16.711]]]},"properties":{"name":"Bijapur"}},
{"type":"Feature","geometry":{"type":"Polygon","coordinates":[[[74.2532,15.4892],[74.2846,15.3846],[74.3366,15.2963],[74.2713,15.2779],[74.3169,15.1876],[74.2759,15.1054],[74.2973,15.0434],[74.2364,14.9501],[74.181,14.957],[74.0918,14.8997],[74.1619,14.7528],[74.2498,14.7383],[74.318,14.5188],[74.355,14.5087],[74.4134,14.3169],[74.4694,14.189],[74.5146,13.9877],[74.5826,13.9261],[74.6687,13.9855],[74.6785,14.0392],[74.641,14.0985],[74.6676,14.1886],[74.718,14.2351],[74.9197,14.2324],[74.9272,14.3228],[74.9769,14.3362],[74.896,14.4759],[74.9068,14.5305],[74.98,14.5535],[75.0522,14.6496],[75.0332,14.7078],[75.0722,14.7808],[75.0705,15.0167],[75.0822,15.0736],[74.9414,15.0672],[74.8297,15.1343],[74.91,15.2517],[74.8124,15.4069],[74.7488,15.4154],[74.6302,15.368],[74.5355,15.4201],[74.4808,15.3968],[74.3413,15.5198],[74.2783,15.5227],[74.2532,15.4892]]]},"properties":{"name":"Uttara Kannada"}},
{"type":"Feature","geometry":{"type":"Polygon","coordinates":[[[76.035,13.8969],[76.0551,14.0666],[76.0263,14.1144],[76.0629,14.2207],[76.1327,14.2558],[76.1577,14.3206],[76.1527,14.4071],[76.2056,14.4577],[76.2794,14.4067],[76.4608,14.452],[76.509,14.5648],[76.4258,14.5823],[76.3781,14.6647],[76.3245,14.6933],[76.1877,14.7016],[76.2035,14.7516],[76.1458,14.8106],[76.1588,14.8489],[76.0532,14.9191],[75.8882,14.8705],[75.7579,14.7394],[75.7997,14.6815],[75.8198,14.5629],[75.7967,14.5096],[75.6888,14.4906],[75.6424,14.4314],[75.6235,14.3378],[75.5371,14.2784],[75.4011,14.1155],[75.5171,14.0973],[75.5871,14.0582],[75.818,14.1018],[75.8279,13.9731],[75.8807,13.8114],[75.9417,13.8126],[76.035,13.8969]]]},"properties":{"name":"Davanagere"}},
{"type":"Feature","geometry":{"type":"Polygon","coordinates":[[[75.4204,15.0627],[75.4354,15.1994],[75.4054,15.2735],[75.4939,15.3731],[75.4867,15.5317],[75.5327,15.5394],[75.5572,15.6484],[75.4902,15.7031],[75.4145,15.6566],[75.2797,15.6899],[75.108,15.6726],[75.0993,15.6276],[74.9684,15.6524],[74.8437,15.6079],[74.7989,15.5468],[74.8144,15.5041],[74.7488,15.4154],[74.8124,15.4069],[74.91,15.2517],[74.8297,15.1343],[74.9414,15.0672],[75.0822,15.0736],[75.1434,15.1008],[75.255,15.1066],[75.3393,15.1604],[75.3436,15.0663],[75.4204,15.0627]]]},"properties":{"name":"Dharwad"}},
{"type":"Feature","geometry":{"type":"Polygon","coordinates":[[[77.2681,18.4205],[77.2437,18.4108],[77.2096,18.2802],[77.0608,18.1547],[76.957,18.1871],[76.955,18.0401],[76.884,17.8955],[76.7771,17.8794],[76.7431,17.9004],[76.7908,17.829],[76.7419,17.7816],[76.6929,17.6825],[76.772,17.6476],[76.9296,17.6356],[76.9959,17.6962],[77.1915,17.6164],[77.4442,17.5849],[77.4546,17.6946],[77.5437,17.7288],[77.5303,17.83],[77.6211,17.9061],[77.6579,17.9725],[77.6111,18.021],[77.6021,18.1547],[77.5743,18.1919],[77.6033,18.2756],[77.5541,18.2939],[77.4694,18.2625],[77.4117,18.302],[77.4043,18.4001],[77.3169,18.4415],[77.2681,18.4205]]]},"properties":{"name":"Bidar"}},
{"type":"Feature","geometry":{"type":"Polygon","coordinates":[[[76.4321,11.6675],[76.4669,11.6152],[76.7613,11.6156],[76.8475,11.5836],[76.8398,11.6384],[76.9097,11.7924],[77.0147,11.8124],[77.107,11.7327],[77.1246,11.7714],[77.2527,11.8123],[77.4422,11.7827],[77.4653,11.9008],[77.5356,11.9323],[77.6765,11.9504],[77.698,12.017],[77.7788,12.1199],[77.7507,12.1586],[77.6076,12.2065],[77.5223,12.1941],[77.4737,12.2458],[77.4309,12.2878],[77.3235,12.3082],[77.1665,12.3102],[77.1138,12.2435],[77.1344,12.2099],[76.9898,12.145],[76.9479,12.0992],[76.8756,12.1168],[76.8615,11.9977],[76.6542,12.0061],[76.5844,11.9835],[76.5773,11.9223],[76.4244,11.8066],[76.4169,11.676],[76.4321,11.6675]]]},"properties":{"name":"Chamarajanagar"}},
{"type":"Feature","geometry":{"type":"Polygon","coordinates":[[[77.4569,16.8861],[77.4686,16.9318],[77.5041,17.0117],[77.4414,17.1175],[77.428,17.1182],[77.3643,17.1656],[77.4608,17.3488],[77.5254,17.3659],[77.5772,17.4333],[77.6904,17.5095],[77.4442,17.5849],[77.1915,17.6164],[76.9959,17.6962],[76.9296,17.6356],[76.772,17.6476],[76.6929,17.6825],[76.6062,17.7582],[76.5256,17.7612],[76.4865,17.6721],[76.4304,17.6468],[76.4174,17.6066],[76.3331,17.5973],[76.3636,17.3778],[76.3834,17.3146],[76.2773,17.3332],[76.2302,17.3658],[76.0742,17.3348],[76.1311,17.2413],[76.2436,17.1512],[76.3671,17.1765],[76.3649,17.1175],[76.4306,17.1001],[76.4388,16.8681],[76.3756,16.8594],[76.3727,16.7683],[76.4362,16.7637],[76.4614,16.711],[76.5188,16.7509],[76.7164,16.795],[76.8182,16.8734],[76.9032,16.8924],[76.9061,16.828],[76.9829,16.8096],[77.0195,16.8989],[77.2134,16.9451],[77.4569,16.8861]]]},"properties":{"name":"Gulbarga"}},
{"type":"Feature","geometry":{"type":"Polygon","coordinates":[[[75.7028,14.9489],[75.7443,14.9454],[75.8414,15.0419],[75.9062,15.1324],[75.9513,15.1381],[75.8908,15.2889],[75.9042,15.4033],[75.8239,15.4531],[75.8608,15.5146],[75.8732,15.6743],[75.9693,15.6659],[76.041,15.7694],[75.9284,15.7938],[75.8465,15.8386],[75.7791,15.8513],[75.7464,15.8144],[75.6643,15.8375],[75.5405,15.8334],[75.4563,15.8874],[75.3048,15.8117],[75.3149,15.7321],[75.2797,15.6899],[75.4145,15.6566],[75.4902,15.7031],[75.5572,15.6484],[75.5327,15.5394],[75.4867,15.5317],[75.4939,15.3731],[75.4054,15.2735],[75.4354,15.1994],[75.4204,15.0627],[75.5398,15.0277],[75.5966,14.9575],[75.6382,14.9934],[75.7028,14.9489]]]},"properties":{"name":"Gadag"}},
{"type":"Feature","geometry":{"type":"Polygon","coordinates":[[[75.1411,13.4643],[75.0855,13.5348],[75.0566,13.6699],[74.9646,13.7701],[74.9493,13.8435],[74.7772,13.9173],[74.718,13.908],[74.6687,13.9855],[74.5826,13.9261],[74.6078,13.8643],[74.6801,13.5591],[74.6973,13.4071],[74.7603,13.1391],[74.8472,13.1743],[74.9137,13.1506],[75.0926,13.1599],[75.1678,13.1405],[75.2007,13.1796],[75.1136,13.3592],[75.1411,13.4643]]]},"properties":{"name":"Udupi"}},
{"type":"Feature","geometry":{"type":"Polygon","coordinates":[[[76.2417,16.1662],[76.0644,16.2109],[76.0677,16.2597],[75.7832,16.3808],[75.7253,16.3912],[75.5711,16.4884],[75.4793,16.5029],[75.491,16.6007],[75.3887,16.7628],[75.3645,16.7148],[75.2914,16.7138],[75.268,16.6369],[75.1707,16.602],[75.1592,16.5304],[75.1092,16.5099],[75.009,16.5388],[74.9966,16.459],[75.0346,16.3381],[75.1275,16.2887],[75.2328,16.2603],[75.2921,16.1705],[75.2769,16.119],[75.4166,16.1097],[75.4563,15.8874],[75.5405,15.8334],[75.6643,15.8375],[75.7464,15.8144],[75.7791,15.8513],[75.8465,15.8386],[75.8539,15.9365],[75.9785,15.8678],[75.9765,15.9826],[76.0869,15.9933],[76.0609,15.9056],[76.1188,15.8858],[76.2292,15.9401],[76.2864,15.9022],[76.3289,15.9317],[76.3038,16.0735],[76.2417,16.1662]]]},"properties":{"name":"Bagalkot"}},
{"type":"Feature","geometry":{"type":"Polygon","coordinates":[[[76.6326,13.0067],[76.6137,13.0689],[76.4693,13.0965],[76.477,13.1419],[76.3731,13.1997],[76.3472,13.3609],[76.4192,13.4484],[76.3649,13.5472],[76.2318,13.4683],[76.1631,13.4709],[76.1416,13.4083],[76.0565,13.3806],[76.0154,13.2605],[75.897,13.2651],[75.7312,13.1823],[75.7408,13.032],[75.6469,13.033],[75.604,12.9562],[75.5578,12.9161],[75.6447,12.7848],[75.6736,12.7016],[75.7633,12.6761],[75.8128,12.7011],[75.929,12.8204],[75.9676,12.7013],[75.9404,12.6454],[75.9675,12.5597],[76.0216,12.5676],[76.138,12.5282],[76.2295,12.6442],[76.3117,12.6111],[76.3458,12.6572],[76.3715,12.8216],[76.4125,12.8469],[76.4707,12.796],[76.5777,12.849],[76.6326,13.0067]]]},"properties":{"name":"Hassan"}},
{"type":"Feature","geometry":{"type":"Polygon","coordinates":[[[75.8807,13.8114],[75.8279,13.9731],[75.818,14.1018],[75.5871,14.0582],[75.5171,14.0973],[75.4011,14.1155],[75.5371,14.2784],[75.3716,14.371],[75.3482,14.4839],[75.2663,14.5802],[75.2104,14.575],[75.1023,14.6495],[75.0522,14.6496],[74.98,14.5535],[74.9068,14.5305],[74.896,14.4759],[74.9769,14.3362],[74.9272,14.3228],[74.9197,14.2324],[74.718,14.2351],[74.6676,14.1886],[74.641,14.0985],[74.6785,14.0392],[74.6687,13.9855],[74.718,13.908],[74.7772,13.9173],[74.9493,13.8435],[74.9646,13.7701],[75.0566,13.6699],[75.0855,13.5348],[75.1411,13.4643],[75.2305,13.4947],[75.3311,13.561],[75.3994,13.5746],[75.4732,13.7122],[75.5366,13.762],[75.7342,13.7703],[75.8258,13.8185],[75.8807,13.8114]]]},"properties":{"name":"Shimoga"}},
{"type":"Feature","geometry":{"type":"Polygon","coordinates":[[[77.0288,15.8347],[76.9284,15.7358],[76.8348,15.6167],[76.8147,15.5475],[76.7818,15.4939],[76.7037,15.4861],[76.4917,15.3434],[76.3637,15.3264],[76.3416,15.2762],[76.3842,15.2215],[76.2793,15.1928],[76.1969,15.2235],[76.1009,15.1662],[75.9513,15.1381],[75.9062,15.1324],[75.8414,15.0419],[75.7443,14.9454],[75.7028,14.9489],[75.6667,14.8091],[75.7579,14.7394],[75.8882,14.8705],[76.0532,14.9191],[76.1588,14.8489],[76.1458,14.8106],[76.2035,14.7516],[76.1877,14.7016],[76.3245,14.6933],[76.3781,14.6647],[76.4258,14.5823],[76.509,14.5648],[76.6042,14.6252],[76.6127,14.6876],[76.7031,14.8168],[76.6795,14.893],[76.7186,14.9735],[76.7615,14.989],[76.8015,15.0967],[76.8815,15.0348],[76.9719,15.0194],[77.1151,15.035],[77.1582,15.138],[77.1532,15.2919],[77.043,15.3647],[77.0318,15.635],[77.0862,15.6585],[77.0518,15.7305],[77.0685,15.8286],[77.0288,15.8347]]]},"properties":{"name":"Bellary"}},
{"type":"Feature","geometry":{"type":"Polygon","coordinates":[[[75.9398,11.939],[76.0362,11.9401],[76.1148,11.9781],[76.1901,12.0534],[76.1333,12.1992],[76.0837,12.2601],[76.0239,12.2529],[76.0008,12.3262],[75.9121,12.4029],[75.9758,12.449],[75.9649,12.5046],[76.0216,12.5676],[75.9675,12.5597],[75.9404,12.6454],[75.9676,12.7013],[75.929,12.8204],[75.8128,12.7011],[75.7633,12.6761],[75.6736,12.7016],[75.6496,12.6677],[75.6735,12.5561],[75.6188,12.5116],[75.4175,12.5028],[75.3686,12.4131],[75.4247,12.3729],[75.4159,12.293],[75.4868,12.2923],[75.5812,12.1572],[75.6397,12.149],[75.7222,12.0688],[75.8007,12.0811],[75.8301,11.9912],[75.9398,11.939]]]},"properties":{"name":"Kodagu"}},
{"type":"Feature","geometry":{"type":"Polygon","coordinates":[[[77.3876,13.5011],[77.3512,13.4537],[77.3404,13.3307],[77.2317,13.3118],[77.1898,13.2727],[77.2046,13.1844],[77.3152,13.1064],[77.3276,12.9958],[77.3946,13.0294],[77.4055,13.114],[77.4625,13.1608],[77.4805,13.2221],[77.5482,13.2324],[77.7299,13.1888],[77.7085,13.0743],[77.7439,12.9791],[77.7355,12.9167],[77.8203,12.8532],[77.8361,12.8692],[77.8492,13.0059],[77.8965,13.125],[77.9365,13.1489],[77.9401,13.2678],[77.8118,13.2624],[77.829,13.3269],[77.7551,13.3624],[77.6856,13.3507],[77.5928,13.4219],[77.4464,13.4632],[77.3876,13.5011]]]},"properties":{"name":"Bangalore Rural"}},
{"type":"Feature","geometry":{"type":"MultiPolygon","coordinates":[[[[76.9525,14.0926],[76.8932,14.0479],[76.8156,13.9171],[76.724,13.8958],[76.768,13.8366],[76.6611,13.7217],[76.5741,13.7142],[76.5189,13.6338],[76.4114,13.5798],[76.3549,13.5788],[76.3649,13.5472],[76.4192,13.4484],[76.3472,13.3609],[76.3731,13.1997],[76.477,13.1419],[76.4693,13.0965],[76.6137,13.0689],[76.6326,13.0067],[76.6747,13.055],[76.8282,13.0014],[76.9259,12.8055],[77.0819,12.7472],[77.1502,12.7841],[77.134,12.8593],[77.1611,12.9571],[77.0854,13.0364],[77.0828,13.1328],[77.1576,13.1923],[77.2046,13.1844],[77.1898,13.2727],[77.2317,13.3118],[77.3404,13.3307],[77.3512,13.4537],[77.3876,13.5011],[77.3633,13.6139],[77.3845,13.6615],[77.4579,13.6844],[77.4707,13.7521],[77.4342,13.8381],[77.2579,13.8476],[77.1692,13.8234],[77.1739,13.7627],[77.0421,13.7771],[76.9756,13.8178],[77.0425,13.9332],[76.9373,14.0301],[76.9525,14.0926]]],[[[77.0103,14.2388],[77.0261,14.18],[77.0302,14.0607],[77.1279,14.0498],[77.1412,14.0058],[77.3208,14.0328],[77.3559,13.9047],[77.4268,13.9032],[77.3909,14.0155],[77.3453,14.0618],[77.4029,14.1115],[77.397,14.1732],[77.518,14.1802],[77.5068,14.2685],[77.402,14.3369],[77.3664,14.2771],[77.2865,14.2837],[77.288,14.3387],[77.1183,14.2949],[77.1164,14.2289],[77.0103,14.2388]]]]},"properties":{"name":"Tumkur"}},
{"type":"Feature","geometry":{"type":"Polygon","coordinates":[[[74.2783,15.5227],[74.3413,15.5198],[74.4808,15.3968],[74.5355,15.4201],[74.6302,15.368],[74.7488,15.4154],[74.8144,15.5041],[74.7989,15.5468],[74.8437,15.6079],[74.9684,15.6524],[75.0993,15.6276],[75.108,15.6726],[75.2797,15.6899],[75.3149,15.7321],[75.3048,15.8117],[75.4563,15.8874],[75.4166,16.1097],[75.2769,16.119],[75.2921,16.1705],[75.2328,16.2603],[75.1275,16.2887],[75.0346,16.3381],[74.9966,16.459],[75.009,16.5388],[75.1092,16.5099],[75.1592,16.5304],[75.1707,16.602],[75.268,16.6369],[75.2914,16.7138],[75.3645,16.7148],[75.3887,16.7628],[75.3953,16.8614],[75.3355,16.869],[75.3438,16.955],[75.2829,16.956],[75.2839,16.8813],[75.2281,16.8434],[75.0923,16.9235],[75.0009,16.9481],[74.9088,16.8583],[74.9128,16.7881],[74.6942,16.7176],[74.6564,16.6401],[74.6864,16.607],[74.5876,16.5581],[74.5469,16.6357],[74.4932,16.6291],[74.2709,16.5231],[74.3334,16.4547],[74.3182,16.3563],[74.3433,16.2941],[74.5037,16.2257],[74.4844,16.0902],[74.4303,15.9541],[74.3868,15.9042],[74.3658,15.7854],[74.2867,15.7424],[74.2116,15.7818],[74.1293,15.7123],[74.1194,15.6537],[74.2497,15.6573],[74.2487,15.569],[74.2783,15.5227]]]},"properties":{"name":"Belgaum"}},
{"type":"Feature","geometry":{"type":"Polygon","coordinates":[[[76.2864,15.9022],[76.2292,15.9401],[76.1188,15.8858],[76.0609,15.9056],[76.0869,15.9933],[75.9765,15.9826],[75.9785,15.8678],[75.8539,15.9365],[75.8465,15.8386],[75.9284,15.7938],[76.041,15.7694],[75.9693,15.6659],[75.8732,15.6743],[75.8608,15.5146],[75.8239,15.4531],[75.9042,15.4033],[75.8908,15.2889],[75.9513,15.1381],[76.1009,15.1662],[76.1969,15.2235],[76.2793,15.1928],[76.3842,15.2215],[76.3416,15.2762],[76.3637,15.3264],[76.4917,15.3434],[76.7037,15.4861],[76.7818,15.4939],[76.8147,15.5475],[76.6933,15.6464],[76.4448,15.7369],[76.452,15.8519],[76.3616,15.9085],[76.2864,15.9022]]]},"properties":{"name":"Koppal"}},
{"type":"Feature","geometry":{"type":"Polygon","coordinates":[[[77.3276,12.9958],[77.3496,12.8686],[77.4137,12.8768],[77.4809,12.8065],[77.4783,12.755],[77.6189,12.7067],[77.5995,12.6582],[77.6783,12.6607],[77.7608,12.6975],[77.8203,12.8532],[77.7355,12.9167],[77.7439,12.9791],[77.7085,13.0743],[77.7299,13.1888],[77.5482,13.2324],[77.4805,13.2221],[77.4625,13.1608],[77.4055,13.114],[77.3946,13.0294],[77.3276,12.9958]]]},"properties":{"name":"Bangalore"}},
{"type":"Feature","geometry":{"type":"Polygon","coordinates":[[[77.3235,12.3082],[77.4309,12.2878],[77.4737,12.2458],[77.6147,12.364],[77.6359,12.4874],[77.589,12.5171],[77.5995,12.6582],[77.6189,12.7067],[77.4783,12.755],[77.4809,12.8065],[77.4137,12.8768],[77.3496,12.8686],[77.3276,12.9958],[77.3152,13.1064],[77.2046,13.1844],[77.1576,13.1923],[77.0828,13.1328],[77.0854,13.0364],[77.1611,12.9571],[77.134,12.8593],[77.1502,12.7841],[77.0819,12.7472],[77.1157,12.5541],[77.1484,12.4628],[77.215,12.4871],[77.2702,12.4661],[77.3235,12.3082]]]},"properties":{"name":"Ramanagara"}},
{"type":"Feature","geometry":{"type":"Polygon","coordinates":[[[76.8224,20.281],[76.7594,20.1314],[76.6717,20.127],[76.6606,19.9769],[76.6157,19.9077],[76.6477,19.8662],[76.7401,19.8726],[76.7741,19.9333],[77.037,20.0109],[77.0954,19.9676],[77.2057,19.9908],[77.2503,19.8931],[77.2865,19.9111],[77.3744,20.0468],[77.5267,20.0946],[77.5815,20.0304],[77.6724,20.1049],[77.6692,20.2482],[77.6123,20.2645],[77.5683,20.3339],[77.602,20.4454],[77.6482,20.4496],[77.6874,20.5186],[77.6537,20.5648],[77.6167,20.7605],[77.5223,20.7321],[77.4535,20.6568],[77.4675,20.6107],[77.3411,20.5772],[77.3493,20.4655],[77.2962,20.4203],[77.2258,20.4486],[77.133,20.4006],[77.0254,20.4509],[76.9803,20.3725],[76.8224,20.281]]]},"properties":{"name":"Washim"}},
{"type":"Feature","geometry":{"type":"Polygon","coordinates":[[[73.7827,19.3866],[73.932,19.3412],[74.0011,19.3582],[74.0544,19.2444],[74.2692,19.1852],[74.2116,19.1258],[74.1763,19.0425],[74.2954,18.9039],[74.3123,18.8541],[74.387,18.8088],[74.4767,18.6898],[74.4767,18.6484],[74.5447,18.5841],[74.5814,18.4739],[74.7824,18.4086],[74.8344,18.3381],[74.9168,18.3779],[75.0936,18.4346],[75.1066,18.49],[75.2409,18.5442],[75.3153,18.5193],[75.3468,18.5624],[75.42,18.5338],[75.4533,18.5895],[75.5882,18.6978],[75.3282,18.7989],[75.2552,18.7215],[75.1751,18.7366],[75.16,18.6506],[74.9681,18.8254],[74.8294,18.939],[74.9173,19.0406],[74.9434,19.127],[75.0617,19.0996],[75.0767,19.0538],[75.2097,19.0345],[75.3091,19.094],[75.4111,19.0793],[75.4497,19.1255],[75.4464,19.2177],[75.5183,19.2772],[75.5363,19.3756],[75.48,19.4217],[75.3671,19.398],[75.3154,19.4947],[75.2325,19.5405],[75.1954,19.5939],[75.001,19.6224],[74.9674,19.6477],[74.8539,19.6486],[74.7884,19.7173],[74.7309,19.6998],[74.7211,19.7778],[74.6371,19.795],[74.6743,19.9473],[74.3208,19.986],[74.2512,19.9374],[74.3657,19.8712],[74.3647,19.8023],[74.3201,19.768],[74.1687,19.7287],[74.1225,19.6444],[73.9167,19.6823],[73.9026,19.7472],[73.8439,19.7416],[73.7807,19.6362],[73.6213,19.5877],[73.6273,19.5434],[73.7008,19.5059],[73.692,19.4399],[73.7827,19.3866]]]},"properties":{"name":"Ahmadnagar"}},
{"type":"Feature","geometry":{"type":"Polygon","coordinates":[[[77.2681,18.4205],[77.2971,18.5481],[77.2713,18.6117],[77.1565,18.6471],[77.1577,18.7021],[77.0472,18.6837],[77.0575,18.7665],[76.9961,18.8281],[76.8859,18.8355],[76.7278,18.75],[76.6608,18.6484],[76.4588,18.6327],[76.3529,18.5652],[76.2777,18.5577],[76.2561,18.5196],[76.2724,18.4208],[76.3194,18.3297],[76.2778,18.1402],[76.3321,18.075],[76.3825,18.0901],[76.4292,18.0311],[76.5974,18.0336],[76.6775,17.9976],[76.6763,17.9227],[76.7431,17.9004],[76.7771,17.8794],[76.884,17.8955],[76.955,18.0401],[76.957,18.1871],[77.0608,18.1547],[77.2096,18.2802],[77.2437,18.4108],[77.2681,18.4205]]]},"properties":{"name":"Latur"}},
{"type":"Feature","geometry":{"type":"Polygon","coordinates":[[[76.0742,17.3348],[76.2302,17.3658],[76.2773,17.3332],[76.3834,17.3146],[76.3636,17.3778],[76.3331,17.5973],[76.4174,17.6066],[76.4304,17.6468],[76.3,17.7298],[76.1907,17.6832],[76.0972,17.7794],[76.0039,17.7544],[76.0193,17.8298],[75.8771,17.8468],[75.8403,17.9792],[75.9974,17.9933],[76.017,18.0403],[75.9625,18.0905],[75.9252,18.303],[75.8879,18.3643],[75.7997,18.3848],[75.7646,18.4407],[75.5757,18.2408],[75.5342,18.1352],[75.4301,18.1854],[75.4299,18.2647],[75.3612,18.3708],[75.3077,18.3929],[75.3153,18.5193],[75.2409,18.5442],[75.1066,18.49],[75.0936,18.4346],[74.9168,18.3779],[74.8344,18.3381],[74.8341,18.2471],[74.952,18.2642],[75.0229,18.1882],[75.1151,18.2003],[75.0932,18.0691],[75.026,17.9818],[75.019,17.9082],[74.8705,17.9517],[74.8549,17.9956],[74.7113,18.0303],[74.6691,17.9761],[74.6267,17.8314],[74.8205,17.7478],[74.9065,17.6273],[74.9898,17.5424],[74.945,17.5188],[75.0353,17.4206],[74.9103,17.275],[74.8675,17.196],[74.9481,17.1775],[75.0182,17.2259],[75.2489,17.2558],[75.2259,17.184],[75.423,17.2657],[75.5161,17.2401],[75.6052,17.3055],[75.6349,17.4796],[75.8113,17.3722],[75.8945,17.4082],[75.9315,17.3265],[76.0742,17.3348]]]},"properties":{"name":"Solapur"}},
{"type":"Feature","geometry":{"type":"Polygon","coordinates":[[[73.4683,20.7218],[73.4087,20.6265],[73.4738,20.5838],[73.4688,20.4953],[73.4072,20.382],[73.4223,20.2067],[73.303,20.2078],[73.2511,20.1254],[73.2967,20.0611],[73.4536,19.9826],[73.4248,19.9163],[73.4631,19.7601],[73.5076,19.7075],[73.6213,19.5877],[73.7807,19.6362],[73.8439,19.7416],[73.9026,19.7472],[73.9167,19.6823],[74.1225,19.6444],[74.1687,19.7287],[74.3201,19.768],[74.3647,19.8023],[74.3657,19.8712],[74.2512,19.9374],[74.3208,19.986],[74.6743,19.9473],[74.7392,20.0829],[74.7164,20.1357],[74.8174,20.2448],[74.8571,20.1777],[74.9248,20.1542],[74.9359,20.2703],[74.8711,20.2776],[74.8388,20.418],[74.7745,20.4712],[74.8159,20.6343],[74.8066,20.6572],[74.6518,20.6955],[74.6622,20.7371],[74.5754,20.8243],[74.4231,20.8059],[74.3405,20.8519],[74.1272,20.8656],[74.0489,20.8362],[73.94,20.8397],[73.9354,20.7685],[73.8371,20.7019],[73.8407,20.6233],[73.7421,20.5673],[73.6303,20.5794],[73.6195,20.6211],[73.4805,20.6757],[73.4683,20.7218]]]},"properties":{"name":"Nashik"}},
{"type":"Feature","geometry":{"type":"Polygon","coordinates":[[[76.7431,17.9004],[76.6763,17.9227],[76.6775,17.9976],[76.5974,18.0336],[76.4292,18.0311],[76.3825,18.0901],[76.3321,18.075],[76.2778,18.1402],[76.3194,18.3297],[76.2724,18.4208],[76.2561,18.5196],[76.2777,18.5577],[76.2551,18.5776],[75.9588,18.6079],[75.9421,18.6459],[75.5882,18.6978],[75.4533,18.5895],[75.42,18.5338],[75.3468,18.5624],[75.3153,18.5193],[75.3077,18.3929],[75.3612,18.3708],[75.4299,18.2647],[75.4301,18.1854],[75.5342,18.1352],[75.5757,18.2408],[75.7646,18.4407],[75.7997,18.3848],[75.8879,18.3643],[75.9252,18.303],[75.9625,18.0905],[76.017,18.0403],[75.9974,17.9933],[75.8403,17.9792],[75.8771,17.8468],[76.0193,17.8298],[76.0039,17.7544],[76.0972,17.7794],[76.1907,17.6832],[76.3,17.7298],[76.4304,17.6468],[76.4865,17.6721],[76.5256,17.7612],[76.6062,17.7582],[76.6929,17.6825],[76.7419,17.7816],[76.7908,17.829],[76.7431,17.9004]]]},"properties":{"name":"Osmanabad"}},
{"type":"Feature","geometry":{"type":"Polygon","coordinates":[[[74.1194,15.6537],[74.1293,15.7123],[74.2116,15.7818],[74.1604,15.8223],[74.078,15.8344],[74.0851,16.0045],[74.0029,16.0386],[73.9999,16.0879],[73.9023,16.0899],[73.8552,16.1338],[73.9479,16.1731],[73.9432,16.2072],[73.8541,16.3115],[73.8888,16.4495],[73.8272,16.5444],[73.8551,16.6511],[73.7692,16.6606],[73.6908,16.6248],[73.6625,16.5768],[73.4664,16.4942],[73.3513,16.5352],[73.311,16.5417],[73.3859,16.3581],[73.4402,16.1875],[73.4893,15.9878],[73.5886,15.9078],[73.6741,15.7284],[73.8763,15.7506],[73.9394,15.7395],[74.0001,15.6071],[74.1194,15.6537]]]},"properties":{"name":"Sindhudurg"}},
{"type":"Feature","geometry":{"type":"Polygon","coordinates":[[[74.6942,16.7176],[74.6328,16.7867],[74.4959,16.8576],[74.4149,16.8427],[74.2984,16.8926],[74.2509,16.8869],[74.0246,16.9429],[74.0238,16.9851],[73.9164,17.0751],[73.8504,17.1535],[73.774,17.1782],[73.7888,16.9936],[73.7496,16.9057],[73.739,16.8215],[73.8421,16.7397],[73.8551,16.6511],[73.8272,16.5444],[73.8888,16.4495],[73.8541,16.3115],[73.9432,16.2072],[73.9479,16.1731],[73.8552,16.1338],[73.9023,16.0899],[73.9999,16.0879],[74.0029,16.0386],[74.0851,16.0045],[74.078,15.8344],[74.1604,15.8223],[74.2116,15.7818],[74.2867,15.7424],[74.3658,15.7854],[74.3868,15.9042],[74.4303,15.9541],[74.4844,16.0902],[74.5037,16.2257],[74.3433,16.2941],[74.3182,16.3563],[74.3334,16.4547],[74.2709,16.5231],[74.4932,16.6291],[74.5469,16.6357],[74.5876,16.5581],[74.6864,16.607],[74.6564,16.6401],[74.6942,16.7176]]]},"properties":{"name":"Kolhapur"}},
{"type":"Feature","geometry":{"type":"Polygon","coordinates":[[[79.7923,19.5966],[79.7872,19.7181],[79.7442,19.8172],[79.8053,19.8937],[79.7811,20.001],[79.9509,19.9854],[79.9914,20.0449],[79.9787,20.1038],[79.914,20.1414],[79.9963,20.2183],[79.9457,20.2946],[79.9742,20.361],[79.9417,20.4473],[79.9333,20.6671],[79.8795,20.6852],[79.6938,20.6693],[79.5094,20.7045],[79.4353,20.6593],[79.3759,20.6779],[79.3222,20.5838],[79.2251,20.5827],[79.1311,20.4546],[79.0244,20.4791],[78.9513,20.429],[78.8997,20.4378],[78.8195,20.3879],[78.8023,20.2984],[78.8206,20.2475],[78.9222,20.2378],[78.9556,20.1689],[79.071,20.0645],[79.1157,19.9891],[79.0953,19.9153],[79.1363,19.8662],[79.0298,19.802],[78.9584,19.8038],[78.9494,19.7492],[78.8502,19.7607],[78.8647,19.6582],[78.975,19.6513],[78.9709,19.5525],[79.1091,19.5303],[79.1954,19.4613],[79.243,19.5293],[79.2616,19.6136],[79.4771,19.5003],[79.6076,19.5109],[79.6281,19.568],[79.7923,19.5966]]]},"properties":{"name":"Chandrapur"}},
{"type":"Feature","geometry":{"type":"Polygon","coordinates":[[[77.6167,20.7605],[77.6132,20.7959],[77.4678,20.8811],[77.4529,20.8518],[77.1348,20.8639],[77.1741,21.0235],[77.1654,21.2376],[77.0067,21.2076],[76.7845,21.1895],[76.7854,20.9297],[76.7718,20.7878],[76.7405,20.6659],[76.7729,20.6279],[76.7708,20.5135],[76.6947,20.4591],[76.7281,20.4073],[76.7003,20.354],[76.8224,20.281],[76.9803,20.3725],[77.0254,20.4509],[77.133,20.4006],[77.2258,20.4486],[77.2962,20.4203],[77.3493,20.4655],[77.3411,20.5772],[77.4675,20.6107],[77.4535,20.6568],[77.5223,20.7321],[77.6167,20.7605]]]},"properties":{"name":"Akola"}},
{"type":"Feature","geometry":{"type":"Polygon","coordinates":[[[76.9961,18.8281],[77.0555,18.9889],[77.0634,19.0681],[77.1424,19.0707],[77.1922,19.1311],[77.1884,19.2338],[77.0915,19.2702],[77.05,19.259],[76.983,19.3352],[76.9148,19.3187],[76.8662,19.5026],[76.9143,19.6402],[76.8516,19.7049],[76.7603,19.6864],[76.7308,19.7374],[76.5129,19.8303],[76.4869,19.8003],[76.4887,19.6776],[76.4544,19.6672],[76.4433,19.5414],[76.3663,19.469],[76.2917,19.4327],[76.2658,19.3343],[76.2101,19.2782],[76.3659,19.2346],[76.3621,19.1568],[76.438,19.0963],[76.4571,19.0083],[76.5113,18.928],[76.5853,18.8833],[76.7278,18.75],[76.8859,18.8355],[76.9961,18.8281]]]},"properties":{"name":"Parbhani"}},
{"type":"Feature","geometry":{"type":"Polygon","coordinates":[[[77.2865,19.9111],[77.3906,19.8216],[77.3797,19.7467],[77.4602,19.6826],[77.5402,19.6693],[77.6454,19.6084],[77.6469,19.5482],[77.7503,19.5224],[77.7496,19.4317],[77.8481,19.4565],[77.8621,19.5202],[77.9594,19.5116],[78.0137,19.4661],[78.1149,19.492],[78.1851,19.5643],[78.1796,19.6557],[78.0828,19.6491],[78.0006,19.6821],[77.9341,19.74],[77.8618,19.7436],[77.8497,19.8014],[77.896,19.8766],[78.0538,19.9313],[78.079,19.9012],[78.3153,19.9137],[78.3894,19.8803],[78.4029,19.8376],[78.5317,19.823],[78.8502,19.7607],[78.9494,19.7492],[78.9584,19.8038],[79.0298,19.802],[79.1363,19.8662],[79.0953,19.9153],[79.1157,19.9891],[79.071,20.0645],[78.9556,20.1689],[78.9222,20.2378],[78.8206,20.2475],[78.8023,20.2984],[78.7395,20.2933],[78.6414,20.4348],[78.578,20.4297],[78.5097,20.5202],[78.4131,20.512],[78.2804,20.563],[78.2518,20.648],[78.2801,20.697],[78.1596,20.6597],[78.0392,20.667],[77.9744,20.5907],[77.8177,20.5859],[77.7722,20.5405],[77.6537,20.5648],[77.6874,20.5186],[77.6482,20.4496],[77.602,20.4454],[77.5683,20.3339],[77.6123,20.2645],[77.6692,20.2482],[77.6724,20.1049],[77.5815,20.0304],[77.5267,20.0946],[77.3744,20.0468],[77.2865,19.9111]]]},"properties":{"name":"Yavatmal"}},
{"type":"Feature","geometry":{"type":"Polygon","coordinates":[[[77.5541,18.2939],[77.5314,18.3419],[77.6015,18.5498],[77.6619,18.5296],[77.736,18.5553],[77.7373,18.6782],[77.791,18.6966],[77.842,18.8096],[77.9489,18.8445],[77.9039,18.87],[77.8583,18.9542],[77.7717,18.9832],[77.766,19.0637],[77.8497,19.1159],[77.8653,19.3036],[77.9535,19.3428],[78.0505,19.2725],[78.1884,19.2434],[78.2021,19.3331],[78.1926,19.3972],[78.3141,19.4581],[78.3161,19.6056],[78.2909,19.691],[78.3505,19.7149],[78.373,19.7823],[78.3153,19.9137],[78.079,19.9012],[78.0538,19.9313],[77.896,19.8766],[77.8497,19.8014],[77.8618,19.7436],[77.9341,19.74],[78.0006,19.6821],[78.0828,19.6491],[78.1796,19.6557],[78.1851,19.5643],[78.1149,19.492],[78.0137,19.4661],[77.9594,19.5116],[77.8621,19.5202],[77.8481,19.4565],[77.7496,19.4317],[77.7503,19.5224],[77.6469,19.5482],[77.6454,19.6084],[77.5402,19.6693],[77.4602,19.6826],[77.4709,19.4993],[77.4943,19.467],[77.4523,19.3897],[77.3651,19.3394],[77.3145,19.3546],[77.1884,19.2338],[77.1922,19.1311],[77.1424,19.0707],[77.0634,19.0681],[77.0555,18.9889],[76.9961,18.8281],[77.0575,18.7665],[77.0472,18.6837],[77.1577,18.7021],[77.1565,18.6471],[77.2713,18.6117],[77.2971,18.5481],[77.2681,18.4205],[77.3169,18.4415],[77.4043,18.4001],[77.4117,18.302],[77.4694,18.2625],[77.5541,18.2939]]]},"properties":{"name":"Nanded"}},
{"type":"Feature","geometry":{"type":"Polygon","coordinates":[[[74.7731,21.614],[74.753,21.4866],[74.6995,21.471],[74.6868,21.403],[74.5738,21.404],[74.5218,21.43],[74.4801,21.3536],[74.4928,21.2401],[74.4335,21.2635],[74.3185,21.2343],[74.255,21.2493],[74.1215,21.2144],[73.9524,21.0865],[73.9612,21.0448],[73.8575,21.0305],[73.852,20.9973],[73.8911,20.9326],[73.94,20.8397],[74.0489,20.8362],[74.1272,20.8656],[74.3405,20.8519],[74.4231,20.8059],[74.5754,20.8243],[74.6622,20.7371],[74.6518,20.6955],[74.8066,20.6572],[74.8159,20.6343],[74.9304,20.658],[74.9921,20.737],[74.9712,20.8778],[74.9151,20.9274],[74.9222,21.0111],[74.859,21.0637],[74.8939,21.1519],[74.9644,21.1923],[75.0338,21.1926],[75.1053,21.2365],[75.1266,21.3398],[75.2066,21.4142],[75.1056,21.468],[75.0567,21.5633],[74.8626,21.6322],[74.7731,21.614]]]},"properties":{"name":"Dhule"}},
{"type":"Feature","geometry":{"type":"Polygon","coordinates":[[[74.7113,18.0303],[74.3811,18.0713],[74.304,18.0694],[74.1187,18.1311],[74.0328,18.1325],[73.9469,18.1813],[73.9035,18.1613],[73.8588,18.0323],[73.7927,18.0229],[73.7067,18.0489],[73.6597,18.0292],[73.637,17.9691],[73.5537,17.9084],[73.5712,17.8775],[73.6036,17.7955],[73.5674,17.7227],[73.6578,17.6993],[73.7043,17.6588],[73.7433,17.5612],[73.6974,17.489],[73.6789,17.294],[73.6995,17.2298],[73.7661,17.189],[73.8099,17.2322],[73.8881,17.1552],[74.0376,17.0919],[74.2798,17.1731],[74.258,17.2941],[74.2632,17.385],[74.299,17.4219],[74.4956,17.3837],[74.5357,17.417],[74.7124,17.3885],[74.7106,17.4848],[74.8112,17.4526],[74.8623,17.5072],[74.8597,17.5568],[74.9065,17.6273],[74.8205,17.7478],[74.6267,17.8314],[74.6691,17.9761],[74.7113,18.0303]]]},"properties":{"name":"Satara"}},
{"type":"Feature","geometry":{"type":"Polygon","coordinates":[[[75.6052,17.3055],[75.5161,17.2401],[75.423,17.2657],[75.2259,17.184],[75.2489,17.2558],[75.0182,17.2259],[74.9481,17.1775],[74.8675,17.196],[74.9103,17.275],[75.0353,17.4206],[74.945,17.5188],[74.9898,17.5424],[74.9065,17.6273],[74.8597,17.5568],[74.8623,17.5072],[74.8112,17.4526],[74.7106,17.4848],[74.7124,17.3885],[74.5357,17.417],[74.4956,17.3837],[74.299,17.4219],[74.2632,17.385],[74.258,17.2941],[74.2798,17.1731],[74.0376,17.0919],[73.8881,17.1552],[73.8099,17.2322],[73.7661,17.189],[73.774,17.1782],[73.8504,17.1535],[73.9164,17.0751],[74.0238,16.9851],[74.0246,16.9429],[74.2509,16.8869],[74.2984,16.8926],[74.4149,16.8427],[74.4959,16.8576],[74.6328,16.7867],[74.6942,16.7176],[74.9128,16.7881],[74.9088,16.8583],[75.0009,16.9481],[75.0923,16.9235],[75.2281,16.8434],[75.2839,16.8813],[75.2829,16.956],[75.3438,16.955],[75.6684,16.9804],[75.6737,17.116],[75.6308,17.1625],[75.6594,17.2638],[75.6052,17.3055]]]},"properties":{"name":"Sangli"}},
{"type":"Feature","geometry":{"type":"Polygon","coordinates":[[[76.6477,19.8662],[76.5338,19.851],[76.5129,19.8303],[76.7308,19.7374],[76.7603,19.6864],[76.8516,19.7049],[76.9143,19.6402],[76.8662,19.5026],[76.9148,19.3187],[76.983,19.3352],[77.05,19.259],[77.0915,19.2702],[77.1884,19.2338],[77.3145,19.3546],[77.3651,19.3394],[77.4523,19.3897],[77.4943,19.467],[77.4709,19.4993],[77.4602,19.6826],[77.3797,19.7467],[77.3906,19.8216],[77.2865,19.9111],[77.2503,19.8931],[77.2057,19.9908],[77.0954,19.9676],[77.037,20.0109],[76.7741,19.9333],[76.7401,19.8726],[76.6477,19.8662]]]},"properties":{"name":"Hingoli"}},
{"type":"Feature","geometry":{"type":"Polygon","coordinates":[[[73.7827,19.3866],[73.7991,19.3368],[73.675,19.3033],[73.6636,19.2398],[73.5285,19.1299],[73.5334,18.989],[73.4634,18.9666],[73.4287,18.8633],[73.3882,18.8474],[73.3555,18.7535],[73.39,18.655],[73.3234,18.5713],[73.3857,18.5049],[73.4029,18.4006],[73.4455,18.3608],[73.4252,18.3061],[73.5336,18.2482],[73.5827,18.18],[73.598,18.1072],[73.6597,18.0292],[73.7067,18.0489],[73.7927,18.0229],[73.8588,18.0323],[73.9035,18.1613],[73.9469,18.1813],[74.0328,18.1325],[74.1187,18.1311],[74.304,18.0694],[74.3811,18.0713],[74.7113,18.0303],[74.8549,17.9956],[74.8705,17.9517],[75.019,17.9082],[75.026,17.9818],[75.0932,18.0691],[75.1151,18.2003],[75.0229,18.1882],[74.952,18.2642],[74.8341,18.2471],[74.8344,18.3381],[74.7824,18.4086],[74.5814,18.4739],[74.5447,18.5841],[74.4767,18.6484],[74.4767,18.6898],[74.387,18.8088],[74.3123,18.8541],[74.2954,18.9039],[74.1763,19.0425],[74.2116,19.1258],[74.2692,19.1852],[74.0544,19.2444],[74.0011,19.3582],[73.932,19.3412],[73.7827,19.3866]]]},"properties":{"name":"Pune"}},
{"type":"Feature","geometry":{"type":"Polygon","coordinates":[[[79.9226,21.5246],[79.8834,21.425],[79.8029,21.38],[79.8487,21.2456],[79.9422,21.2527],[80.0234,21.2261],[80.084,21.144],[80.0642,21.1015],[80.1014,21.0379],[80.0818,20.9672],[79.996,20.9656],[79.977,20.8669],[79.9987,20.7601],[79.9649,20.6904],[80.0188,20.6668],[80.1619,20.6875],[80.2738,20.6722],[80.3222,20.7533],[80.3321,20.8202],[80.5064,20.8321],[80.563,20.8215],[80.5452,20.9277],[80.4724,20.9289],[80.4308,21.011],[80.4644,21.174],[80.6459,21.256],[80.6637,21.3319],[80.6003,21.3259],[80.5256,21.3908],[80.4554,21.4031],[80.3728,21.5269],[80.2672,21.6204],[80.1963,21.6344],[80.1245,21.6086],[80.0704,21.5548],[79.9339,21.5538],[79.9226,21.5246]]]},"properties":{"name":"Gondiya"}},
{"type":"Feature","geometry":{"type":"Polygon","coordinates":[[[78.3459,21.5836],[78.2206,21.5524],[78.1744,21.4972],[78.0686,21.4376],[77.9037,21.3771],[77.7979,21.3894],[77.6743,21.3715],[77.563,21.3967],[77.4733,21.4553],[77.4227,21.5192],[77.4615,21.5549],[77.5712,21.5281],[77.5628,21.6669],[77.501,21.7473],[77.2809,21.7578],[77.2111,21.692],[77.1246,21.7233],[77.0655,21.7131],[76.8948,21.5988],[76.7982,21.5956],[76.7847,21.5537],[76.7946,21.488],[76.7348,21.407],[76.6283,21.328],[76.6635,21.2807],[76.7248,21.2896],[76.7845,21.1895],[77.0067,21.2076],[77.1654,21.2376],[77.1741,21.0235],[77.1348,20.8639],[77.4529,20.8518],[77.4678,20.8811],[77.6132,20.7959],[77.6167,20.7605],[77.6537,20.5648],[77.7722,20.5405],[77.8177,20.5859],[77.9744,20.5907],[78.0392,20.667],[78.1596,20.6597],[78.2801,20.697],[78.3117,20.7391],[78.3003,20.8118],[78.2383,20.8961],[78.1467,20.9528],[78.1434,21.1409],[78.0561,21.2497],[78.1058,21.3553],[78.2518,21.3291],[78.3446,21.3772],[78.4468,21.4033],[78.4355,21.5007],[78.4189,21.5765],[78.3459,21.5836]]]},"properties":{"name":"Amravati"}},
{"type":"Feature","geometry":{"type":"Polygon","coordinates":[[[74.435,22.0275],[74.3858,22.0187],[74.2868,21.9345],[74.1975,21.9244],[74.145,21.9529],[73.9451,21.8696],[73.8283,21.8066],[73.8859,21.7099],[73.8812,21.6443],[73.8185,21.6],[73.8561,21.4952],[73.9833,21.5216],[74.0202,21.5514],[74.1519,21.5511],[74.2017,21.5282],[74.2884,21.5577],[74.3026,21.4783],[74.219,21.458],[74.0741,21.457],[73.9575,21.3924],[73.9439,21.2969],[73.8271,21.267],[73.8174,21.1715],[73.6305,21.1325],[73.7928,21.0679],[73.852,20.9973],[73.8575,21.0305],[73.9612,21.0448],[73.9524,21.0865],[74.1215,21.2144],[74.255,21.2493],[74.3185,21.2343],[74.4335,21.2635],[74.4928,21.2401],[74.4801,21.3536],[74.5218,21.43],[74.5738,21.404],[74.6868,21.403],[74.6995,21.471],[74.753,21.4866],[74.7731,21.614],[74.5883,21.6627],[74.5152,21.7185],[74.5012,21.8057],[74.5253,21.9073],[74.4463,21.9696],[74.435,22.0275]]]},"properties":{"name":"Nandurbar"}},
{"type":"Feature","geometry":{"type":"Polygon","coordinates":[[[73.8551,16.6511],[73.8421,16.7397],[73.739,16.8215],[73.7496,16.9057],[73.7888,16.9936],[73.774,17.1782],[73.7661,17.189],[73.6995,17.2298],[73.6789,17.294],[73.6974,17.489],[73.7433,17.5612],[73.7043,17.6588],[73.6578,17.6993],[73.5674,17.7227],[73.6036,17.7955],[73.5712,17.8775],[73.5066,17.8516],[73.4101,17.8862],[73.2673,18.0701],[73.1788,18.0612],[73.1168,17.9793],[73.0667,17.9868],[73.0319,17.9409],[73.0715,17.8889],[73.1231,17.7521],[73.138,17.5558],[73.1929,17.4671],[73.2303,17.3192],[73.2201,17.2694],[73.288,17.0765],[73.2805,16.8978],[73.3513,16.5352],[73.4664,16.4942],[73.6625,16.5768],[73.6908,16.6248],[73.7692,16.6606],[73.8551,16.6511]]]},"properties":{"name":"Ratnagiri"}},
{"type":"Feature","geometry":{"type":"Polygon","coordinates":[[[79.2251,20.5827],[79.1433,20.6764],[79.0533,20.7348],[78.9456,20.7675],[78.9164,20.8357],[78.8053,20.8773],[78.7356,20.9475],[78.7314,21.0052],[78.6074,21.0698],[78.5075,21.1903],[78.443,21.2352],[78.3335,21.2511],[78.2518,21.3291],[78.1058,21.3553],[78.0561,21.2497],[78.1434,21.1409],[78.1467,20.9528],[78.2383,20.8961],[78.3003,20.8118],[78.3117,20.7391],[78.2801,20.697],[78.2518,20.648],[78.2804,20.563],[78.4131,20.512],[78.5097,20.5202],[78.578,20.4297],[78.6414,20.4348],[78.7395,20.2933],[78.8023,20.2984],[78.8195,20.3879],[78.8997,20.4378],[78.9513,20.429],[79.0244,20.4791],[79.1311,20.4546],[79.2251,20.5827]]]},"properties":{"name":"Wardha"}},
{"type":"Feature","geometry":{"type":"Polygon","coordinates":[[[75.48,19.4217],[75.6107,19.3821],[75.6462,19.4994],[75.6528,19.5955],[75.6287,19.7765],[75.6545,19.9111],[75.6309,20.0012],[75.5943,20.0288],[75.6496,20.1919],[75.7514,20.3783],[75.7663,20.4513],[75.8318,20.4733],[75.9111,20.4502],[75.9225,20.5795],[75.7218,20.6364],[75.5598,20.614],[75.4906,20.5315],[75.3982,20.5247],[75.395,20.575],[75.3297,20.5928],[75.2557,20.5706],[75.2405,20.5222],[75.1644,20.4766],[75.109,20.4076],[75.1274,20.3579],[75.0492,20.3083],[75.001,20.3374],[74.9359,20.2703],[74.9248,20.1542],[74.8571,20.1777],[74.8174,20.2448],[74.7164,20.1357],[74.7392,20.0829],[74.6743,19.9473],[74.6371,19.795],[74.7211,19.7778],[74.7309,19.6998],[74.7884,19.7173],[74.8539,19.6486],[74.9674,19.6477],[75.001,19.6224],[75.1954,19.5939],[75.2325,19.5405],[75.3154,19.4947],[75.3671,19.398],[75.48,19.4217]]]},"properties":{"name":"Aurangabad"}},
{"type":"Feature","geometry":{"type":"Polygon","coordinates":[[[76.3846,21.078],[76.3841,20.9781],[76.2814,20.9587],[76.2266,21.0125],[76.1602,21.0009],[76.093,20.944],[76.1162,20.8938],[76.013,20.7392],[76.0119,20.6436],[76.0411,20.5556],[75.9514,20.5201],[75.9546,20.3904],[75.9274,20.3239],[76.032,20.289],[76.084,20.3653],[76.1615,20.2984],[76.099,20.103],[76.0255,20.0238],[76.0434,19.9511],[76.101,19.8565],[76.1754,19.85],[76.3539,19.8943],[76.3688,19.9262],[76.494,19.9176],[76.5338,19.851],[76.6477,19.8662],[76.6157,19.9077],[76.6606,19.9769],[76.6717,20.127],[76.7594,20.1314],[76.8224,20.281],[76.7003,20.354],[76.7281,20.4073],[76.6947,20.4591],[76.7708,20.5135],[76.7729,20.6279],[76.7405,20.6659],[76.7718,20.7878],[76.7854,20.9297],[76.7845,21.1895],[76.7248,21.2896],[76.6635,21.2807],[76.6257,21.1911],[76.4932,21.1962],[76.4547,21.1133],[76.3846,21.078]]]},"properties":{"name":"Buldana"}},
{"type":"Feature","geometry":{"type":"Polygon","coordinates":[[[80.5476,20.1129],[80.4659,20.1474],[80.3901,20.2444],[80.518,20.2723],[80.6239,20.3285],[80.6107,20.4358],[80.6295,20.6062],[80.5072,20.589],[80.492,20.6373],[80.5799,20.6764],[80.563,20.8215],[80.5064,20.8321],[80.3321,20.8202],[80.3222,20.7533],[80.2738,20.6722],[80.1619,20.6875],[80.0188,20.6668],[79.9649,20.6904],[79.9333,20.6671],[79.9417,20.4473],[79.9742,20.361],[79.9457,20.2946],[79.9963,20.2183],[79.914,20.1414],[79.9787,20.1038],[79.9914,20.0449],[79.9509,19.9854],[79.7811,20.001],[79.8053,19.8937],[79.7442,19.8172],[79.7872,19.7181],[79.7923,19.5966],[79.8352,19.5402],[79.9181,19.4957],[79.9801,19.4046],[79.9273,19.2302],[79.9213,19.1534],[79.8652,19.1081],[79.9332,19.0466],[79.9463,18.8634],[79.9013,18.8353],[79.9393,18.789],[80.0197,18.7715],[80.1141,18.6826],[80.2752,18.7231],[80.2484,18.7538],[80.3539,18.8162],[80.278,18.9297],[80.2752,18.992],[80.3886,19.1852],[80.3959,19.2477],[80.4529,19.2743],[80.478,19.3333],[80.5668,19.4019],[80.6115,19.3163],[80.6868,19.3287],[80.7569,19.2915],[80.8341,19.3528],[80.7955,19.4313],[80.8998,19.4861],[80.8352,19.567],[80.7285,19.6125],[80.6686,19.6134],[80.6729,19.6919],[80.547,19.7782],[80.4971,19.897],[80.5514,19.9848],[80.5476,20.1129]]]},"properties":{"name":"Gadchiroli"}},
{"type":"Feature","geometry":{"type":"Polygon","coordinates":[[[75.2066,21.4142],[75.1266,21.3398],[75.1053,21.2365],[75.0338,21.1926],[74.9644,21.1923],[74.8939,21.1519],[74.859,21.0637],[74.9222,21.0111],[74.9151,20.9274],[74.9712,20.8778],[74.9921,20.737],[74.9304,20.658],[74.8159,20.6343],[74.7745,20.4712],[74.8388,20.418],[74.8711,20.2776],[74.9359,20.2703],[75.001,20.3374],[75.0492,20.3083],[75.1274,20.3579],[75.109,20.4076],[75.1644,20.4766],[75.2405,20.5222],[75.2557,20.5706],[75.3297,20.5928],[75.395,20.575],[75.3982,20.5247],[75.4906,20.5315],[75.5598,20.614],[75.7218,20.6364],[75.9225,20.5795],[76.0119,20.6436],[76.013,20.7392],[76.1162,20.8938],[76.093,20.944],[76.1602,21.0009],[76.2266,21.0125],[76.2814,20.9587],[76.3841,20.9781],[76.3846,21.078],[76.1852,21.0884],[76.1606,21.2574],[76.1,21.3721],[75.9927,21.3743],[75.889,21.3978],[75.8334,21.3815],[75.6214,21.386],[75.5482,21.3708],[75.4683,21.3925],[75.3841,21.3839],[75.2066,21.4142]]]},"properties":{"name":"Jalgaon"}},
{"type":"Feature","geometry":{"type":"Polygon","coordinates":[[[73.6597,18.0292],[73.598,18.1072],[73.5827,18.18],[73.5336,18.2482],[73.4252,18.3061],[73.4455,18.3608],[73.4029,18.4006],[73.3857,18.5049],[73.3234,18.5713],[73.39,18.655],[73.3555,18.7535],[73.3882,18.8474],[73.4287,18.8633],[73.4634,18.9666],[73.5334,18.989],[73.5285,19.1299],[73.3513,19.1294],[73.2477,19.0646],[73.1779,19.1097],[73.0481,19.0986],[73.0308,18.9991],[72.9445,18.9531],[72.9078,18.8996],[72.9605,18.7977],[72.8693,18.8046],[72.8628,18.66],[72.9314,18.5372],[72.8948,18.4633],[72.908,18.3987],[72.9939,18.2727],[72.9699,18.1319],[73.0209,17.9937],[73.0667,17.9868],[73.1168,17.9793],[73.1788,18.0612],[73.2673,18.0701],[73.4101,17.8862],[73.5066,17.8516],[73.5712,17.8775],[73.5537,17.9084],[73.637,17.9691],[73.6597,18.0292]]]},"properties":{"name":"Raigarh"}},
{"type":"Feature","geometry":{"type":"Polygon","coordinates":[[[79.5431,21.5439],[79.4862,21.5025],[79.4837,21.4278],[79.576,21.2838],[79.5634,21.1876],[79.5141,21.1218],[79.6,21.073],[79.6616,20.9541],[79.617,20.9031],[79.5094,20.7045],[79.6938,20.6693],[79.8795,20.6852],[79.9333,20.6671],[79.9649,20.6904],[79.9987,20.7601],[79.977,20.8669],[79.996,20.9656],[80.0818,20.9672],[80.1014,21.0379],[80.0642,21.1015],[80.084,21.144],[80.0234,21.2261],[79.9422,21.2527],[79.8487,21.2456],[79.8029,21.38],[79.8834,21.425],[79.9226,21.5246],[79.8634,21.5312],[79.7393,21.6023],[79.6511,21.5562],[79.5431,21.5439]]]},"properties":{"name":"Bhandara"}},
{"type":"Feature","geometry":{"type":"Polygon","coordinates":[[[75.5882,18.6978],[75.9421,18.6459],[75.9588,18.6079],[76.2551,18.5776],[76.2777,18.5577],[76.3529,18.5652],[76.4588,18.6327],[76.6608,18.6484],[76.7278,18.75],[76.5853,18.8833],[76.5113,18.928],[76.4571,19.0083],[76.438,19.0963],[76.3621,19.1568],[76.3659,19.2346],[76.2101,19.2782],[76.0991,19.3076],[76.0777,19.2798],[75.9207,19.3021],[75.9168,19.3889],[75.7553,19.3593],[75.6107,19.3821],[75.48,19.4217],[75.5363,19.3756],[75.5183,19.2772],[75.4464,19.2177],[75.4497,19.1255],[75.4111,19.0793],[75.3091,19.094],[75.2097,19.0345],[75.0767,19.0538],[75.0617,19.0996],[74.9434,19.127],[74.9173,19.0406],[74.8294,18.939],[74.9681,18.8254],[75.16,18.6506],[75.1751,18.7366],[75.2552,18.7215],[75.3282,18.7989],[75.5882,18.6978]]]},"properties":{"name":"Bid"}},
{"type":"Feature","geometry":{"type":"Polygon","coordinates":[[[76.5129,19.8303],[76.5338,19.851],[76.494,19.9176],[76.3688,19.9262],[76.3539,19.8943],[76.1754,19.85],[76.101,19.8565],[76.0434,19.9511],[76.0255,20.0238],[76.099,20.103],[76.1615,20.2984],[76.084,20.3653],[76.032,20.289],[75.9274,20.3239],[75.9546,20.3904],[75.9514,20.5201],[76.0411,20.5556],[76.0119,20.6436],[75.9225,20.5795],[75.9111,20.4502],[75.8318,20.4733],[75.7663,20.4513],[75.7514,20.3783],[75.6496,20.1919],[75.5943,20.0288],[75.6309,20.0012],[75.6545,19.9111],[75.6287,19.7765],[75.6528,19.5955],[75.6462,19.4994],[75.6107,19.3821],[75.7553,19.3593],[75.9168,19.3889],[75.9207,19.3021],[76.0777,19.2798],[76.0991,19.3076],[76.2101,19.2782],[76.2658,19.3343],[76.2917,19.4327],[76.3663,19.469],[76.4433,19.5414],[76.4544,19.6672],[76.4887,19.6776],[76.4869,19.8003],[76.5129,19.8303]]]},"properties":{"name":"Jalna"}},
{"type":"Feature","geometry":{"type":"Polygon","coordinates":[[[73.6213,19.5877],[73.5076,19.7075],[73.2733,19.6782],[73.2341,19.5943],[73.1514,19.4963],[72.9947,19.3999],[72.8979,19.2883],[72.8335,19.3145],[72.7846,19.2633],[72.908,19.2426],[72.984,19.1567],[72.9735,19.0597],[73.0308,18.9991],[73.0481,19.0986],[73.1779,19.1097],[73.2477,19.0646],[73.3513,19.1294],[73.5285,19.1299],[73.6636,19.2398],[73.675,19.3033],[73.7991,19.3368],[73.7827,19.3866],[73.692,19.4399],[73.7008,19.5059],[73.6273,19.5434],[73.6213,19.5877]]]},"properties":{"name":"Thane"}},
{"type":"Feature","geometry":{"type":"Polygon","coordinates":[[[73.2077,20.1228],[73.1277,20.0861],[72.9948,20.119],[72.9609,20.2134],[72.8745,20.2278],[72.7915,20.1264],[72.7278,20.1295],[72.7015,20.0681],[72.7197,19.9829],[72.6612,19.9372],[72.656,19.826],[72.7269,19.6178],[72.7577,19.3754],[72.8335,19.3145],[72.8979,19.2883],[72.9947,19.3999],[73.1514,19.4963],[73.2341,19.5943],[73.2733,19.6782],[73.5076,19.7075],[73.4631,19.7601],[73.4248,19.9163],[73.4536,19.9826],[73.2967,20.0611],[73.2511,20.1254],[73.2077,20.1228]]]},"properties":{"name":"Palghar"}},
{"type":"Feature","geometry":{"type":"Polygon","coordinates":[[[72.8842,19.0017],[72.8173,19.0393],[72.7917,18.9488],[72.8139,18.8942],[72.8842,19.0017]]]},"properties":{"name":"Mumbai"}},
{"type":"Feature","geometry":{"type":"Polygon","coordinates":[[[72.7846,19.2633],[72.8173,19.0393],[72.8842,19.0017],[72.9735,19.0597],[72.984,19.1567],[72.908,19.2426],[72.7846,19.2633]]]},"properties":{"name":"Mumbai Suburban"}},
{"type":"Feature","geometry":{"type":"Polygon","coordinates":[[[78.4355,21.5007],[78.4468,21.4033],[78.3446,21.3772],[78.2518,21.3291],[78.3335,21.2511],[78.443,21.2352],[78.5075,21.1903],[78.6074,21.0698],[78.7314,21.0052],[78.7356,20.9475],[78.8053,20.8773],[78.9164,20.8357],[78.9456,20.7675],[79.0533,20.7348],[79.1433,20.6764],[79.2251,20.5827],[79.3222,20.5838],[79.3759,20.6779],[79.4353,20.6593],[79.5094,20.7045],[79.617,20.9031],[79.6616,20.9541],[79.6,21.073],[79.5141,21.1218],[79.5634,21.1876],[79.576,21.2838],[79.4837,21.4278],[79.4862,21.5025],[79.5431,21.5439],[79.5126,21.5938],[79.4951,21.6728],[79.4035,21.6751],[79.2394,21.7126],[79.2228,21.6495],[79.154,21.6598],[79.1102,21.6086],[78.9807,21.6167],[78.9186,21.5623],[78.9377,21.4867],[78.7516,21.4915],[78.6265,21.4766],[78.514,21.5273],[78.4355,21.5007]]]},"properties":{"name":"Nagpur"}},
{"type":"Feature","geometry":{"type":"Polygon","coordinates":[[[84.2827,20.9277],[84.2416,20.9267],[84.1478,21.0361],[84.0482,21.0447],[83.9908,21.0798],[83.9859,21.1353],[83.8959,21.1787],[83.8447,21.0979],[83.7821,21.1551],[83.718,21.1216],[83.6137,21.1295],[83.4931,21.0424],[83.4592,21.0555],[83.5093,20.9835],[83.6257,20.986],[83.6208,20.9042],[83.5797,20.874],[83.6777,20.7428],[83.5958,20.6042],[83.6062,20.5305],[83.689,20.5612],[83.7593,20.7161],[83.7632,20.7756],[83.8518,20.8239],[83.9404,20.8416],[84.0383,20.8277],[84.1958,20.894],[84.2674,20.8899],[84.2827,20.9277]]]},"properties":{"name":"Subarnapur"}},
{"type":"Feature","geometry":{"type":"Polygon","coordinates":[[[86.0823,20.107],[85.9049,20.1272],[85.8269,20.159],[85.6891,20.1496],[85.6799,20.0722],[85.6238,20.0666],[85.5094,19.9466],[85.5392,19.8912],[85.4282,19.8941],[85.3235,19.7965],[85.2773,19.7906],[85.1908,19.7118],[85.1842,19.6762],[85.177,19.5583],[85.1368,19.5215],[85.1743,19.4679],[85.336,19.5786],[85.6695,19.7404],[85.9246,19.8232],[86.0446,19.8469],[86.372,19.9559],[86.2819,20.0559],[86.1891,20.0541],[86.0899,20.0606],[86.0823,20.107]]]},"properties":{"name":"Puri"}},
{"type":"Feature","geometry":{"type":"Polygon","coordinates":[[[84.2674,20.8899],[84.3515,20.8421],[84.3571,20.7821],[84.5715,20.6878],[84.6375,20.6254],[84.7941,20.5818],[84.8514,20.5288],[84.8979,20.5809],[85.0772,20.5818],[85.1293,20.6158],[85.1148,20.6823],[85.1987,20.709],[85.2925,20.8098],[85.2911,20.8799],[85.2431,20.9039],[85.2332,21.0717],[85.2687,21.1704],[85.4054,21.176],[85.3681,21.2406],[85.2782,21.2933],[85.3435,21.3593],[85.3051,21.4144],[85.3336,21.482],[85.2509,21.6765],[85.1939,21.6637],[85.1502,21.5945],[85.2061,21.5209],[85.1572,21.4609],[85.0232,21.4561],[85.0075,21.2907],[84.9016,21.2597],[84.9499,21.1762],[84.9225,21.1426],[84.8232,21.1731],[84.7446,21.1711],[84.6854,21.1495],[84.6706,21.096],[84.5995,21.0671],[84.485,21.0831],[84.4072,20.9795],[84.2827,20.9277],[84.2674,20.8899]]]},"properties":{"name":"Anugul"}},
{"type":"Feature","geometry":{"type":"Polygon","coordinates":[[[85.1502,21.5945],[85.0366,21.6071],[85.0275,21.672],[84.9597,21.6833],[84.8657,21.6529],[84.7489,21.6819],[84.6797,21.735],[84.6275,21.6952],[84.5132,21.684],[84.4913,21.6382],[84.5529,21.5923],[84.4452,21.4803],[84.3817,21.4568],[84.3781,21.3415],[84.4593,21.3674],[84.5734,21.2622],[84.7171,21.3155],[84.7661,21.2728],[84.7283,21.2246],[84.7446,21.1711],[84.8232,21.1731],[84.9225,21.1426],[84.9499,21.1762],[84.9016,21.2597],[85.0075,21.2907],[85.0232,21.4561],[85.1572,21.4609],[85.2061,21.5209],[85.1502,21.5945]]]},"properties":{"name":"Debagarh"}},
{"type":"Feature","geometry":{"type":"Polygon","coordinates":[[[83.074,18.4026],[83.0246,18.457],[83.0966,18.542],[83.0406,18.557],[83.0196,18.6479],[83.059,18.6631],[83.1409,18.7812],[83.274,18.7659],[83.4057,18.8615],[83.3211,18.9752],[83.3484,19.0175],[83.341,19.1021],[83.2773,19.1149],[83.2415,18.9733],[83.1902,19.0156],[83.1949,19.0755],[83.1375,19.1374],[83.0637,19.0449],[82.9808,19.1535],[82.8788,19.1847],[82.8566,19.2042],[82.7418,19.1606],[82.6967,19.1907],[82.5488,19.2064],[82.4898,19.1809],[82.41,19.214],[82.2328,19.1627],[82.2047,19.124],[82.2476,18.9178],[82.1789,18.8989],[82.1536,18.7808],[82.093,18.74],[82.1761,18.6338],[82.2306,18.6354],[82.3148,18.5789],[82.3588,18.623],[82.4473,18.6001],[82.4048,18.5282],[82.4374,18.4935],[82.5314,18.5125],[82.5442,18.4171],[82.6092,18.375],[82.5976,18.2659],[82.7754,18.3403],[82.8074,18.4485],[82.9847,18.3644],[83.074,18.4026]]]},"properties":{"name":"Koraput"}},
{"type":"Feature","geometry":{"type":"Polygon","coordinates":[[[82.2047,19.124],[82.2328,19.1627],[82.41,19.214],[82.4898,19.1809],[82.5488,19.2064],[82.6967,19.1907],[82.7418,19.1606],[82.8566,19.2042],[82.8271,19.2572],[82.8378,19.3256],[82.7573,19.3287],[82.6936,19.4176],[82.5691,19.5436],[82.55,19.6104],[82.5641,19.7271],[82.5927,19.7771],[82.605,19.8664],[82.4834,19.9062],[82.3965,19.8874],[82.3472,19.8356],[82.2694,19.9769],[82.1919,19.9864],[82.0655,20.0548],[82.0176,20.0497],[81.9416,20.104],[81.8814,20.0509],[81.845,19.9549],[81.8661,19.9045],[81.9681,19.8599],[81.9879,19.8011],[82.0599,19.7968],[82.0591,19.6302],[82.0338,19.5079],[82.0999,19.5159],[82.1272,19.4301],[82.1783,19.4358],[82.1882,19.3387],[82.1637,19.2032],[82.2047,19.124]]]},"properties":{"name":"Nabarangapur"}},
{"type":"Feature","geometry":{"type":"Polygon","coordinates":[[[83.2772,21.3788],[83.1973,21.1397],[83.1271,21.1052],[82.9872,21.1613],[82.8473,21.1671],[82.6433,21.153],[82.6392,21.0906],[82.6938,21.0223],[82.6863,20.884],[82.7029,20.7263],[82.8909,20.9093],[82.968,20.8974],[82.9858,20.8508],[83.1325,20.8641],[83.2327,20.9315],[83.3036,20.8536],[83.4131,20.8966],[83.2969,21.016],[83.3586,21.0701],[83.4592,21.0555],[83.4931,21.0424],[83.6137,21.1295],[83.718,21.1216],[83.7821,21.1551],[83.8447,21.0979],[83.8959,21.1787],[83.9133,21.2465],[83.8715,21.3111],[83.8867,21.4393],[83.8467,21.5278],[83.7997,21.5667],[83.7271,21.6312],[83.7053,21.6891],[83.5598,21.7436],[83.4901,21.6431],[83.3753,21.6005],[83.3492,21.489],[83.4097,21.385],[83.3685,21.3483],[83.2772,21.3788]]]},"properties":{"name":"Bargarh"}},
{"type":"Feature","geometry":{"type":"Polygon","coordinates":[[[86.372,19.9559],[86.4218,19.9881],[86.4361,20.0563],[86.5245,20.1715],[86.7162,20.3012],[86.659,20.335],[86.5616,20.3281],[86.2546,20.3671],[86.1368,20.3576],[86.0147,20.3818],[86.079,20.2462],[86.1554,20.2117],[86.1571,20.0946],[86.1891,20.0541],[86.2819,20.0559],[86.372,19.9559]]]},"properties":{"name":"Jagatsinghapur"}},
{"type":"Feature","geometry":{"type":"Polygon","coordinates":[[[84.2409,19.5759],[84.2469,19.6425],[84.1896,19.7036],[84.2286,19.7888],[84.1851,19.8603],[84.3211,19.8774],[84.383,19.8423],[84.4604,19.8536],[84.4698,19.9398],[84.3771,19.9665],[84.3331,20.0112],[84.4017,20.0731],[84.4355,20.1565],[84.5642,20.1414],[84.5845,20.1915],[84.5473,20.2451],[84.5463,20.3224],[84.5126,20.3987],[84.3978,20.5279],[84.3599,20.6695],[84.2782,20.675],[84.2559,20.6057],[84.1455,20.5845],[84.0559,20.5961],[84.0161,20.5715],[83.9342,20.5898],[83.8583,20.5728],[83.8063,20.5116],[83.8096,20.4328],[83.6659,20.4236],[83.6525,20.39],[83.7056,20.3709],[83.7204,20.2395],[83.7907,20.1813],[83.7109,20.1031],[83.5746,20.0883],[83.4961,19.9602],[83.5623,19.9253],[83.5452,19.8434],[83.6194,19.8156],[83.6454,19.6989],[83.7404,19.6551],[83.769,19.7136],[83.9204,19.6798],[83.9431,19.6357],[84.1348,19.6284],[84.1463,19.5941],[84.2409,19.5759]]]},"properties":{"name":"Kandhamal"}},
{"type":"Feature","geometry":{"type":"Polygon","coordinates":[[[86.0823,20.107],[86.0395,20.1358],[86.0074,20.2247],[85.9606,20.2527],[85.8975,20.3664],[85.8229,20.4083],[85.7155,20.3999],[85.6264,20.2926],[85.5249,20.3043],[85.4469,20.2646],[85.3347,20.2809],[85.3239,20.2315],[85.2266,20.2237],[85.2014,20.1881],[85.2445,20.1249],[85.3515,20.1889],[85.4142,20.1281],[85.3807,20.0721],[85.4538,19.9647],[85.3634,19.9588],[85.2451,19.9061],[85.1277,19.9339],[84.9401,19.8977],[85.0094,19.8032],[85.077,19.7921],[85.1842,19.6762],[85.1908,19.7118],[85.2773,19.7906],[85.3235,19.7965],[85.4282,19.8941],[85.5392,19.8912],[85.5094,19.9466],[85.6238,20.0666],[85.6799,20.0722],[85.6891,20.1496],[85.8269,20.159],[85.9049,20.1272],[86.0823,20.107]]]},"properties":{"name":"Khordha"}},
{"type":"Feature","geometry":{"type":"Polygon","coordinates":[[[85.9662,22.4824],[86.0269,22.3858],[86.0138,22.2968],[85.9752,22.2476],[86.032,22.1896],[85.9569,22.0362],[85.8872,21.9795],[85.7898,21.9832],[85.7845,22.0407],[85.6776,22.0559],[85.6715,22.0136],[85.7944,21.9545],[85.8107,21.8125],[86.0834,21.6855],[86.0802,21.6294],[86.0098,21.5328],[86.1293,21.4715],[86.1419,21.4038],[86.0938,21.3119],[86.1203,21.2724],[86.2101,21.2834],[86.2857,21.3757],[86.3614,21.3007],[86.4274,21.3322],[86.5344,21.4283],[86.5849,21.5213],[86.6401,21.5342],[86.6876,21.5944],[86.8965,21.6238],[86.9607,21.5586],[87.0119,21.6483],[87.097,21.7351],[87.0988,21.8655],[87.0022,21.9126],[87.0385,21.9941],[86.9616,22.0882],[86.72,22.1481],[86.7274,22.2198],[86.6529,22.2402],[86.5048,22.3452],[86.4293,22.3105],[86.3578,22.3496],[86.293,22.4294],[86.2076,22.4742],[86.1067,22.494],[86.0672,22.5523],[85.9662,22.4824]]]},"properties":{"name":"Mayurbhanj"}},
{"type":"Feature","geometry":{"type":"Polygon","coordinates":[[[81.9817,18.0146],[82.0333,18.0667],[82.2668,18.0441],[82.3449,18.0565],[82.3413,18.2247],[82.3694,18.4185],[82.4374,18.4935],[82.4048,18.5282],[82.4473,18.6001],[82.3588,18.623],[82.3148,18.5789],[82.2306,18.6354],[82.1761,18.6338],[82.093,18.74],[81.9692,18.6934],[81.9552,18.5669],[81.9091,18.5648],[81.7705,18.4191],[81.7533,18.3532],[81.6665,18.3471],[81.5364,18.2668],[81.5311,18.1652],[81.4825,18.0367],[81.4859,17.9783],[81.3937,17.8151],[81.6199,17.8241],[81.6656,17.8815],[81.767,17.9022],[81.8097,17.9449],[81.9817,18.0146]]]},"properties":{"name":"Malkangiri"}},
{"type":"Feature","geometry":{"type":"Polygon","coordinates":[[[87.443,21.7697],[87.2845,21.8045],[87.2328,21.9611],[87.2295,21.9617],[87.0977,21.913],[87.0988,21.8655],[87.097,21.7351],[87.0119,21.6483],[86.9607,21.5586],[86.8965,21.6238],[86.6876,21.5944],[86.6401,21.5342],[86.5849,21.5213],[86.5344,21.4283],[86.4274,21.3322],[86.3614,21.3007],[86.3709,21.2391],[86.4589,21.2357],[86.462,21.1597],[86.5581,21.1575],[86.5942,21.0963],[86.6635,21.084],[86.6761,21.1682],[86.7466,21.1806],[86.7791,21.231],[86.8482,21.2397],[86.8964,21.3175],[86.9892,21.4157],[87.1169,21.509],[87.2069,21.5453],[87.41,21.5603],[87.4868,21.6112],[87.4745,21.7127],[87.443,21.7697]]]},"properties":{"name":"Baleshwar"}},
{"type":"Feature","geometry":{"type":"Polygon","coordinates":[[[84.2827,20.9277],[84.4072,20.9795],[84.485,21.0831],[84.5995,21.0671],[84.6706,21.096],[84.6854,21.1495],[84.7446,21.1711],[84.7283,21.2246],[84.7661,21.2728],[84.7171,21.3155],[84.5734,21.2622],[84.4593,21.3674],[84.3781,21.3415],[84.3817,21.4568],[84.4452,21.4803],[84.5529,21.5923],[84.4913,21.6382],[84.5132,21.684],[84.6275,21.6952],[84.6797,21.735],[84.5934,21.7582],[84.5285,21.8137],[84.5386,21.861],[84.5038,21.9785],[84.5135,22.0537],[84.4779,22.189],[84.2787,22.1083],[84.2696,22.0145],[84.3576,22.037],[84.3933,21.9928],[84.2863,21.7625],[84.19,21.7547],[84.1151,21.7895],[83.9687,21.7559],[83.9812,21.5958],[83.964,21.5716],[83.8145,21.5916],[83.7997,21.5667],[83.8467,21.5278],[83.8867,21.4393],[83.8715,21.3111],[83.9133,21.2465],[83.8959,21.1787],[83.9859,21.1353],[83.9908,21.0798],[84.0482,21.0447],[84.1478,21.0361],[84.2416,20.9267],[84.2827,20.9277]]]},"properties":{"name":"Sambalpur"}},
{"type":"Feature","geometry":{"type":"Polygon","coordinates":[[[84.4228,18.9475],[84.3717,18.9733],[84.4121,19.1491],[84.3951,19.208],[84.4252,19.2623],[84.3898,19.3917],[84.4071,19.4455],[84.3715,19.54],[84.2567,19.4976],[84.2409,19.5759],[84.1463,19.5941],[84.1348,19.6284],[83.9431,19.6357],[83.9439,19.5506],[83.9785,19.4861],[83.9469,19.3982],[84.0172,19.3747],[84.0215,19.2852],[83.9828,19.2096],[84.0242,19.1422],[83.9519,18.9898],[83.8628,18.98],[83.7959,19.0168],[83.8778,18.8279],[84.0149,18.8138],[84.0733,18.7615],[84.2241,18.7971],[84.3395,18.802],[84.4228,18.9475]]]},"properties":{"name":"Gajapati"}},
{"type":"Feature","geometry":{"type":"Polygon","coordinates":[[[85.1293,20.6158],[85.2522,20.5188],[85.4579,20.4858],[85.5115,20.536],[85.5893,20.5127],[85.6586,20.5505],[85.7189,20.6366],[85.8872,20.66],[85.912,20.6937],[85.9962,20.7402],[86.0205,20.8093],[85.8994,20.8568],[85.9197,20.9279],[85.8245,20.9404],[85.7577,20.9913],[85.688,21.1312],[85.7282,21.1438],[85.6841,21.1859],[85.5997,21.1378],[85.5484,21.1669],[85.5012,21.1142],[85.4054,21.176],[85.2687,21.1704],[85.2332,21.0717],[85.2431,20.9039],[85.2911,20.8799],[85.2925,20.8098],[85.1987,20.709],[85.1148,20.6823],[85.1293,20.6158]]]},"properties":{"name":"Dhenkanal"}},
{"type":"Feature","geometry":{"type":"Polygon","coordinates":[[[84.7941,20.5818],[84.6996,20.4994],[84.6922,20.4428],[84.5126,20.3987],[84.5463,20.3224],[84.5473,20.2451],[84.5845,20.1915],[84.6479,20.2074],[84.6734,20.2741],[84.8287,20.2231],[84.8108,20.0701],[84.9019,19.9936],[84.9401,19.8977],[85.1277,19.9339],[85.2451,19.9061],[85.3634,19.9588],[85.4538,19.9647],[85.3807,20.0721],[85.4142,20.1281],[85.3515,20.1889],[85.2445,20.1249],[85.2014,20.1881],[85.2266,20.2237],[85.3239,20.2315],[85.3347,20.2809],[85.3737,20.3511],[85.0762,20.4163],[84.9453,20.4929],[84.8514,20.5288],[84.7941,20.5818]]]},"properties":{"name":"Nayagarh"}},
{"type":"Feature","geometry":{"type":"Polygon","coordinates":[[[86.1891,20.0541],[86.1571,20.0946],[86.1554,20.2117],[86.079,20.2462],[86.0147,20.3818],[86.1368,20.3576],[86.2546,20.3671],[86.2799,20.422],[86.2835,20.5845],[86.1889,20.6244],[86.0926,20.6185],[86.0249,20.5721],[85.912,20.6937],[85.8872,20.66],[85.7189,20.6366],[85.6586,20.5505],[85.5893,20.5127],[85.5115,20.536],[85.4579,20.4858],[85.2522,20.5188],[85.1293,20.6158],[85.0772,20.5818],[84.8979,20.5809],[84.8514,20.5288],[84.9453,20.4929],[85.0762,20.4163],[85.3737,20.3511],[85.3347,20.2809],[85.4469,20.2646],[85.5249,20.3043],[85.6264,20.2926],[85.7155,20.3999],[85.8229,20.4083],[85.8975,20.3664],[85.9606,20.2527],[86.0074,20.2247],[86.0395,20.1358],[86.0823,20.107],[86.0899,20.0606],[86.1891,20.0541]]]},"properties":{"name":"Cuttack"}},
{"type":"Feature","geometry":{"type":"Polygon","coordinates":[[[85.912,20.6937],[86.0249,20.5721],[86.0926,20.6185],[86.1889,20.6244],[86.2835,20.5845],[86.375,20.5952],[86.4582,20.6705],[86.5439,20.6941],[86.5441,20.7545],[86.625,20.7973],[86.5965,20.8577],[86.517,20.8718],[86.4522,20.8453],[86.3547,20.8537],[86.282,20.907],[86.2896,21.019],[86.1412,21.0743],[86.0479,21.0245],[86.0324,21.142],[85.9486,21.1297],[85.876,21.0863],[85.7838,21.1011],[85.7282,21.1438],[85.688,21.1312],[85.7577,20.9913],[85.8245,20.9404],[85.9197,20.9279],[85.8994,20.8568],[86.0205,20.8093],[85.9962,20.7402],[85.912,20.6937]]]},"properties":{"name":"Jajapur"}},
{"type":"Feature","geometry":{"type":"Polygon","coordinates":[[[82.5927,19.7771],[82.5641,19.7271],[82.55,19.6104],[82.5691,19.5436],[82.6936,19.4176],[82.7573,19.3287],[82.8378,19.3256],[82.8271,19.2572],[82.8566,19.2042],[82.8788,19.1847],[82.8908,19.255],[82.9575,19.3256],[82.9394,19.4504],[82.9917,19.448],[83.0371,19.5509],[83.0771,19.5605],[83.1682,19.4328],[83.2452,19.5065],[83.2675,19.6016],[83.3331,19.5968],[83.4557,19.7406],[83.4085,19.924],[83.4961,19.9602],[83.5746,20.0883],[83.7109,20.1031],[83.7907,20.1813],[83.7204,20.2395],[83.7056,20.3709],[83.6525,20.39],[83.6251,20.3513],[83.4908,20.4163],[83.4235,20.4039],[83.3438,20.3174],[83.2412,20.2592],[83.2264,20.2056],[83.1455,20.1708],[83.091,20.1993],[82.9113,20.1491],[82.825,20.1661],[82.8115,20.1],[82.7305,20.0512],[82.7048,19.9984],[82.7061,19.833],[82.6534,19.8314],[82.5927,19.7771]]]},"properties":{"name":"Kalahandi"}},
{"type":"Feature","geometry":{"type":"Polygon","coordinates":[[[83.6062,20.5305],[83.5849,20.4867],[83.6659,20.4236],[83.8096,20.4328],[83.8063,20.5116],[83.8583,20.5728],[83.9342,20.5898],[84.0161,20.5715],[84.0559,20.5961],[84.1455,20.5845],[84.2559,20.6057],[84.2782,20.675],[84.3599,20.6695],[84.3978,20.5279],[84.5126,20.3987],[84.6922,20.4428],[84.6996,20.4994],[84.7941,20.5818],[84.6375,20.6254],[84.5715,20.6878],[84.3571,20.7821],[84.3515,20.8421],[84.2674,20.8899],[84.1958,20.894],[84.0383,20.8277],[83.9404,20.8416],[83.8518,20.8239],[83.7632,20.7756],[83.7593,20.7161],[83.689,20.5612],[83.6062,20.5305]]]},"properties":{"name":"Baudh"}},
{"type":"Feature","geometry":{"type":"Polygon","coordinates":[[[86.7162,20.3012],[86.7824,20.3383],[86.7332,20.456],[86.8031,20.5501],[87.0142,20.695],[86.9988,20.7635],[86.8488,20.7698],[86.7975,20.7391],[86.7529,20.7733],[86.625,20.7973],[86.5441,20.7545],[86.5439,20.6941],[86.4582,20.6705],[86.375,20.5952],[86.2835,20.5845],[86.2799,20.422],[86.2546,20.3671],[86.5616,20.3281],[86.659,20.335],[86.7162,20.3012]]]},"properties":{"name":"Kendrapara"}},
{"type":"Feature","geometry":{"type":"Polygon","coordinates":[[[85.2369,22.0045],[85.2819,21.9564],[85.3739,21.9343],[85.3485,21.8343],[85.2818,21.8342],[85.2044,21.7685],[85.1939,21.6637],[85.2509,21.6765],[85.3336,21.482],[85.3051,21.4144],[85.3435,21.3593],[85.2782,21.2933],[85.3681,21.2406],[85.4054,21.176],[85.5012,21.1142],[85.5484,21.1669],[85.5997,21.1378],[85.6841,21.1859],[85.7282,21.1438],[85.7838,21.1011],[85.876,21.0863],[85.9486,21.1297],[86.0324,21.142],[86.0479,21.0245],[86.1412,21.0743],[86.2896,21.019],[86.3185,21.0788],[86.2755,21.1511],[86.3399,21.1801],[86.3709,21.2391],[86.3614,21.3007],[86.2857,21.3757],[86.2101,21.2834],[86.1203,21.2724],[86.0938,21.3119],[86.1419,21.4038],[86.1293,21.4715],[86.0098,21.5328],[86.0802,21.6294],[86.0834,21.6855],[85.8107,21.8125],[85.7944,21.9545],[85.6715,22.0136],[85.6776,22.0559],[85.5968,22.0788],[85.4162,22.1601],[85.3691,22.1586],[85.2801,22.0842],[85.2369,22.0045]]]},"properties":{"name":"Kendujhar"}},
{"type":"Feature","geometry":{"type":"Polygon","coordinates":[[[84.7676,19.0812],[84.8619,19.2161],[84.9739,19.3112],[85.0819,19.376],[85.1743,19.4679],[85.1368,19.5215],[85.177,19.5583],[85.1842,19.6762],[85.077,19.7921],[85.0094,19.8032],[84.9401,19.8977],[84.9019,19.9936],[84.8108,20.0701],[84.8287,20.2231],[84.6734,20.2741],[84.6479,20.2074],[84.5845,20.1915],[84.5642,20.1414],[84.4355,20.1565],[84.4017,20.0731],[84.3331,20.0112],[84.3771,19.9665],[84.4698,19.9398],[84.4604,19.8536],[84.383,19.8423],[84.3211,19.8774],[84.1851,19.8603],[84.2286,19.7888],[84.1896,19.7036],[84.2469,19.6425],[84.2409,19.5759],[84.2567,19.4976],[84.3715,19.54],[84.4071,19.4455],[84.3898,19.3917],[84.4252,19.2623],[84.3951,19.208],[84.4121,19.1491],[84.3717,18.9733],[84.4228,18.9475],[84.4369,19.0107],[84.5606,19.057],[84.604,19.0294],[84.6681,19.1314],[84.7676,19.0812]]]},"properties":{"name":"Ganjam"}},
{"type":"Feature","geometry":{"type":"Polygon","coordinates":[[[84.0094,22.5233],[84.0484,22.4667],[84.008,22.3723],[83.8679,22.3464],[83.8046,22.2923],[83.7526,22.2439],[83.6528,22.2272],[83.5643,22.1027],[83.5422,21.9665],[83.6075,21.914],[83.5805,21.8329],[83.7218,21.7869],[83.7607,21.8366],[83.8978,21.9457],[84.0291,21.9533],[84.0936,21.9995],[84.2469,21.9832],[84.2696,22.0145],[84.2787,22.1083],[84.4779,22.189],[84.5135,22.0537],[84.5038,21.9785],[84.5386,21.861],[84.5285,21.8137],[84.5934,21.7582],[84.6797,21.735],[84.7489,21.6819],[84.8657,21.6529],[84.9597,21.6833],[85.0275,21.672],[85.0366,21.6071],[85.1502,21.5945],[85.1939,21.6637],[85.2044,21.7685],[85.2818,21.8342],[85.3485,21.8343],[85.3739,21.9343],[85.2819,21.9564],[85.2369,22.0045],[85.2167,22.0473],[85.05,22.1146],[85.0316,22.1578],[85.1114,22.2948],[85.0687,22.4817],[84.8865,22.4209],[84.8076,22.4469],[84.7502,22.4179],[84.6386,22.4317],[84.5124,22.4192],[84.4324,22.3551],[84.2959,22.3403],[84.2009,22.3747],[84.1442,22.4697],[84.0094,22.5233]]]},"properties":{"name":"Sundargarh"}},
{"type":"Feature","geometry":{"type":"Polygon","coordinates":[[[86.3709,21.2391],[86.3399,21.1801],[86.2755,21.1511],[86.3185,21.0788],[86.2896,21.019],[86.282,20.907],[86.3547,20.8537],[86.4522,20.8453],[86.517,20.8718],[86.5965,20.8577],[86.625,20.7973],[86.7529,20.7733],[86.7975,20.7391],[86.8789,20.8002],[86.9575,20.7851],[86.9617,20.8584],[86.8325,21.1086],[86.8482,21.2397],[86.7791,21.231],[86.7466,21.1806],[86.6761,21.1682],[86.6635,21.084],[86.5942,21.0963],[86.5581,21.1575],[86.462,21.1597],[86.4589,21.2357],[86.3709,21.2391]]]},"properties":{"name":"Bhadrak"}},
{"type":"Feature","geometry":{"type":"Polygon","coordinates":[[[82.7048,19.9984],[82.7305,20.0512],[82.8115,20.1],[82.825,20.1661],[82.8628,20.2356],[82.8144,20.2957],[82.8143,20.355],[82.7454,20.3627],[82.6867,20.4506],[82.7432,20.6236],[82.7029,20.7263],[82.6863,20.884],[82.6938,21.0223],[82.6392,21.0906],[82.6297,21.0403],[82.5603,20.9453],[82.4906,20.9035],[82.4851,20.8506],[82.3493,20.8738],[82.3508,20.7029],[82.3757,20.6283],[82.3315,20.5582],[82.388,20.5143],[82.4174,20.4074],[82.4013,20.3403],[82.4212,20.2073],[82.3909,20.1656],[82.4034,20.0543],[82.59,19.9956],[82.7048,19.9984]]]},"properties":{"name":"Nuapada"}},
{"type":"Feature","geometry":{"type":"Polygon","coordinates":[[[83.4901,21.6431],[83.5598,21.7436],[83.7053,21.6891],[83.7271,21.6312],[83.7997,21.5667],[83.8145,21.5916],[83.964,21.5716],[83.9812,21.5958],[83.9687,21.7559],[84.1151,21.7895],[84.19,21.7547],[84.2863,21.7625],[84.3933,21.9928],[84.3576,22.037],[84.2696,22.0145],[84.2469,21.9832],[84.0936,21.9995],[84.0291,21.9533],[83.8978,21.9457],[83.7607,21.8366],[83.7218,21.7869],[83.5805,21.8329],[83.4984,21.8119],[83.4636,21.6985],[83.4901,21.6431]]]},"properties":{"name":"Jharsuguda"}},
{"type":"Feature","geometry":{"type":"Polygon","coordinates":[[[83.7959,19.0168],[83.8628,18.98],[83.9519,18.9898],[84.0242,19.1422],[83.9828,19.2096],[84.0215,19.2852],[84.0172,19.3747],[83.9469,19.3982],[83.9785,19.4861],[83.9439,19.5506],[83.9431,19.6357],[83.9204,19.6798],[83.769,19.7136],[83.7404,19.6551],[83.6454,19.6989],[83.6194,19.8156],[83.5452,19.8434],[83.5623,19.9253],[83.4961,19.9602],[83.4085,19.924],[83.4557,19.7406],[83.3331,19.5968],[83.2675,19.6016],[83.2452,19.5065],[83.1682,19.4328],[83.0771,19.5605],[83.0371,19.5509],[82.9917,19.448],[82.9394,19.4504],[82.9575,19.3256],[82.8908,19.255],[82.8788,19.1847],[82.9808,19.1535],[83.0637,19.0449],[83.1375,19.1374],[83.1949,19.0755],[83.1902,19.0156],[83.2415,18.9733],[83.2773,19.1149],[83.341,19.1021],[83.3484,19.0175],[83.4823,19.009],[83.612,19.1014],[83.6644,19.0836],[83.7781,18.9107],[83.7487,18.9928],[83.7959,19.0168]]]},"properties":{"name":"Rayagada"}},
{"type":"Feature","geometry":{"type":"Polygon","coordinates":[[[83.4592,21.0555],[83.3586,21.0701],[83.2969,21.016],[83.4131,20.8966],[83.3036,20.8536],[83.2327,20.9315],[83.1325,20.8641],[82.9858,20.8508],[82.968,20.8974],[82.8909,20.9093],[82.7029,20.7263],[82.7432,20.6236],[82.6867,20.4506],[82.7454,20.3627],[82.8143,20.355],[82.8144,20.2957],[82.8628,20.2356],[82.825,20.1661],[82.9113,20.1491],[83.091,20.1993],[83.1455,20.1708],[83.2264,20.2056],[83.2412,20.2592],[83.3438,20.3174],[83.4235,20.4039],[83.4908,20.4163],[83.6251,20.3513],[83.6525,20.39],[83.6659,20.4236],[83.5849,20.4867],[83.6062,20.5305],[83.5958,20.6042],[83.6777,20.7428],[83.5797,20.874],[83.6208,20.9042],[83.6257,20.986],[83.5093,20.9835],[83.4592,21.0555]]]},"properties":{"name":"Balangir"}},
{"type":"Feature","geometry":{"type":"Polygon","coordinates":[[[75.673,28.5166],[75.6169,28.5054],[75.5726,28.3777],[75.5096,28.34],[75.384,28.3378],[75.2804,28.4495],[75.1681,28.3791],[75.1498,28.2916],[75.0512,28.253],[75.0305,28.1981],[75.1297,28.1348],[75.1037,28.0643],[75.1494,28.0257],[75.2902,27.716],[75.4189,27.644],[75.5373,27.7091],[75.6899,27.6735],[75.7125,27.756],[75.7708,27.8334],[75.9343,27.929],[75.9937,28.0463],[75.9466,28.1073],[76.0326,28.1678],[76.0272,28.275],[75.8972,28.39],[75.7772,28.4041],[75.7892,28.4535],[75.673,28.5166]]]},"properties":{"name":"Jhunjhunun"}},
{"type":"Feature","geometry":{"type":"Polygon","coordinates":[[[71.8983,27.9613],[71.6665,27.8778],[71.3838,27.8726],[71.2057,27.8354],[70.9065,27.7096],[70.7595,27.7213],[70.6843,27.8283],[70.6773,27.922],[70.5893,28.0106],[70.5067,28.0371],[70.3723,28.0119],[70.2972,27.9368],[70.2269,27.9013],[70.1232,27.7876],[70.0254,27.5621],[69.9338,27.4979],[69.8622,27.4016],[69.705,27.2862],[69.5866,27.1832],[69.5135,27.0102],[69.4848,26.805],[69.5103,26.7438],[69.7259,26.6521],[69.7874,26.6015],[69.895,26.5788],[70.056,26.6009],[70.1742,26.5517],[70.1856,26.3735],[70.1752,26.2512],[70.1424,26.1586],[70.2668,26.1657],[70.3681,26.1484],[70.4327,26.1814],[70.6624,26.2002],[70.7532,26.1494],[70.8786,26.1283],[70.9443,26.0825],[71.0527,26.1425],[70.9553,26.2493],[71.1403,26.309],[71.2231,26.4467],[71.2902,26.4667],[71.3267,26.4257],[71.4414,26.4975],[71.4919,26.457],[71.5791,26.5083],[71.6298,26.4202],[71.7586,26.3475],[71.8859,26.341],[71.8961,26.3003],[72.074,26.3496],[72.0833,26.4431],[72.0284,26.4988],[72.0998,26.6005],[72.041,26.6755],[72.0885,26.7303],[72.0555,26.8032],[72.1049,26.887],[72.0412,26.9359],[72.0781,27.1167],[71.9691,27.1396],[71.9169,27.2113],[71.79,27.2559],[71.8303,27.329],[71.8159,27.4417],[72.0513,27.6145],[72.1467,27.5325],[72.1768,27.4618],[72.2854,27.5488],[72.3444,27.6918],[72.2217,27.6745],[72.095,27.7361],[72.1569,27.7797],[72.1469,27.8727],[72.0336,27.9493],[71.9535,27.9119],[71.8983,27.9613]]]},"properties":{"name":"Jaisalmer"}},
{"type":"Feature","geometry":{"type":"Polygon","coordinates":[[[75.9343,27.929],[75.7708,27.8334],[75.7125,27.756],[75.6899,27.6735],[75.5373,27.7091],[75.4189,27.644],[75.2902,27.716],[75.1494,28.0257],[75.1037,28.0643],[75.1297,28.1348],[75.0305,28.1981],[74.8936,28.1918],[74.8093,28.0583],[74.7822,27.9556],[74.8183,27.7997],[74.7423,27.7645],[74.6821,27.6672],[74.7625,27.5676],[74.7241,27.5012],[74.8582,27.4503],[74.8995,27.3299],[75.0104,27.3469],[75.0747,27.3853],[75.1688,27.3163],[75.0729,27.2194],[75.1795,27.1409],[75.3021,27.1291],[75.3172,27.1592],[75.396,27.2826],[75.4776,27.2892],[75.5318,27.3439],[75.6147,27.3148],[75.6663,27.3659],[75.7948,27.3808],[75.8716,27.4165],[75.9389,27.4964],[75.9921,27.7032],[76.0356,27.7315],[76.0877,27.8479],[75.9714,27.8523],[75.9343,27.929]]]},"properties":{"name":"Sikar"}},
{"type":"Feature","geometry":{"type":"Polygon","coordinates":[[[75.5282,28.9704],[75.3922,29.0626],[75.3797,29.1421],[75.4129,29.2426],[75.2871,29.2717],[75.2461,29.2501],[75.1885,29.2681],[75.1206,29.2228],[75.051,29.286],[74.9621,29.2805],[74.9393,29.3619],[74.8516,29.4035],[74.7886,29.3613],[74.6084,29.3561],[74.5857,29.4584],[74.6229,29.5222],[74.5771,29.5598],[74.6167,29.7519],[74.4782,29.7449],[74.4856,29.8146],[74.5622,29.8697],[74.5283,29.9429],[74.4526,29.9467],[74.3528,29.9519],[74.2636,29.8057],[74.1492,29.7165],[74.0632,29.7074],[74.0246,29.6561],[73.8685,29.6204],[73.7648,29.5253],[73.8788,29.4501],[73.8205,29.3807],[73.8515,29.3172],[73.986,29.3058],[74.1276,29.2434],[74.1469,29.114],[74.0301,29.0071],[74.1132,28.9402],[74.1214,28.847],[74.1619,28.7771],[74.2791,28.8002],[74.4205,28.8849],[74.4715,28.82],[74.6955,28.8378],[74.8124,28.9322],[74.9003,28.9353],[74.9204,28.8977],[75.0383,28.937],[75.1023,28.8726],[75.2207,28.8573],[75.2958,28.9177],[75.3214,28.9855],[75.4779,28.9333],[75.5282,28.9704]]]},"properties":{"name":"Hanumangarh"}},
{"type":"Feature","geometry":{"type":"Polygon","coordinates":[[[74.6821,27.6672],[74.4966,27.6656],[74.4431,27.6916],[74.3448,27.6794],[74.2583,27.6023],[74.2071,27.5061],[74.2057,27.4238],[74.0832,27.4791],[74.0313,27.5349],[73.9032,27.4963],[73.8527,27.5511],[73.7819,27.5088],[73.6194,27.5422],[73.5409,27.4941],[73.5073,27.4338],[73.5054,27.3334],[73.3865,27.2692],[73.3343,27.1993],[73.2649,27.2849],[73.1643,27.2949],[73.1332,27.2352],[73.1532,27.1209],[73.1931,27.0565],[73.1239,26.9441],[73.2143,26.8686],[73.3283,26.8567],[73.4381,26.8867],[73.5888,26.8634],[73.6561,26.8079],[73.6738,26.6783],[73.7219,26.5521],[73.8577,26.4674],[73.8742,26.4306],[74.1758,26.4214],[74.2392,26.4614],[74.2918,26.4491],[74.3764,26.4889],[74.4822,26.4975],[74.5943,26.6292],[74.675,26.5941],[74.7229,26.6757],[74.6664,26.7114],[74.6988,26.7712],[74.7821,26.7987],[74.8531,26.9751],[74.9844,26.9412],[74.9778,26.8903],[75.0146,26.9453],[75.1665,26.9329],[75.2221,27.0828],[75.341,27.0935],[75.3172,27.1592],[75.3021,27.1291],[75.1795,27.1409],[75.0729,27.2194],[75.1688,27.3163],[75.0747,27.3853],[75.0104,27.3469],[74.8995,27.3299],[74.8582,27.4503],[74.7241,27.5012],[74.7625,27.5676],[74.6821,27.6672]]]},"properties":{"name":"Nagaur"}},
{"type":"Feature","geometry":{"type":"Polygon","coordinates":[[[71.1894,24.6488],[71.263,24.7452],[71.2558,24.7958],[71.3317,24.851],[71.3423,24.9345],[71.5095,25.0088],[71.5577,24.9849],[71.6351,25.0329],[71.6808,24.9874],[71.7382,25.0695],[71.794,25.0845],[71.8508,25.2073],[71.9359,25.2846],[71.9221,25.3452],[72.0347,25.4764],[72.2945,25.3917],[72.3575,25.4538],[72.4642,25.4546],[72.5872,25.6022],[72.7217,25.6092],[72.7229,25.6895],[72.779,25.8017],[72.8355,25.8632],[72.8073,25.853],[72.6199,25.9781],[72.6858,26.0296],[72.6895,26.1864],[72.5974,26.28],[72.4929,26.2994],[72.4106,26.2391],[72.3417,26.2446],[72.2563,26.2106],[72.074,26.3496],[71.8961,26.3003],[71.8859,26.341],[71.7586,26.3475],[71.6298,26.4202],[71.5791,26.5083],[71.4919,26.457],[71.4414,26.4975],[71.3267,26.4257],[71.2902,26.4667],[71.2231,26.4467],[71.1403,26.309],[70.9553,26.2493],[71.0527,26.1425],[70.9443,26.0825],[70.8786,26.1283],[70.7532,26.1494],[70.6624,26.2002],[70.4327,26.1814],[70.3681,26.1484],[70.2668,26.1657],[70.1424,26.1586],[70.0841,26.0831],[70.0985,25.9398],[70.2688,25.7139],[70.3869,25.6737],[70.5284,25.6836],[70.6081,25.715],[70.6743,25.6755],[70.6653,25.397],[70.7369,25.3323],[70.7518,25.2777],[70.8887,25.1476],[70.9456,24.9227],[71.0657,24.7174],[71.0973,24.6888],[71.1894,24.6488]]]},"properties":{"name":"Barmer"}},
{"type":"Feature","geometry":{"type":"Polygon","coordinates":[[[73.9461,30.1776],[73.8066,30.068],[73.5972,30.019],[73.3971,29.946],[73.282,29.5716],[73.0844,29.2362],[73.0043,29.1528],[72.9459,29.0279],[72.732,28.9476],[72.6489,28.9032],[72.7666,28.7997],[73.0047,28.7119],[73.1175,28.7669],[73.2065,28.8533],[73.229,28.9296],[73.2814,28.9403],[73.3466,29.0058],[73.4885,29.0119],[73.5697,28.9961],[73.6252,29.0373],[73.7996,29.007],[73.8781,28.9409],[74.0301,29.0071],[74.1469,29.114],[74.1276,29.2434],[73.986,29.3058],[73.8515,29.3172],[73.8205,29.3807],[73.8788,29.4501],[73.7648,29.5253],[73.8685,29.6204],[74.0246,29.6561],[74.0632,29.7074],[74.1492,29.7165],[74.2636,29.8057],[74.3528,29.9519],[74.0795,29.9695],[73.9013,29.9712],[73.9087,30.0549],[73.9685,30.1207],[73.9461,30.1776]]]},"properties":{"name":"Ganganagar"}},
{"type":"Feature","geometry":{"type":"Polygon","coordinates":[[[72.074,26.3496],[72.2563,26.2106],[72.3417,26.2446],[72.4106,26.2391],[72.4929,26.2994],[72.5974,26.28],[72.6895,26.1864],[72.6858,26.0296],[72.6199,25.9781],[72.8073,25.853],[72.8355,25.8632],[72.9593,25.9019],[73.0512,25.9678],[73.06,26.0123],[73.2086,26.0769],[73.3175,26.0343],[73.3601,26.0754],[73.3779,26.1565],[73.4675,26.0854],[73.6298,26.1472],[73.6968,26.0638],[73.7871,26.1634],[73.8183,26.3578],[73.8742,26.4306],[73.8577,26.4674],[73.7219,26.5521],[73.6738,26.6783],[73.6561,26.8079],[73.5888,26.8634],[73.4381,26.8867],[73.3283,26.8567],[73.2143,26.8686],[73.1239,26.9441],[73.1931,27.0565],[73.1532,27.1209],[73.1332,27.2352],[73.1643,27.2949],[73.1465,27.3902],[73.0437,27.4105],[72.9888,27.3839],[72.832,27.4662],[72.8368,27.5797],[72.6725,27.5426],[72.6052,27.6067],[72.5029,27.5836],[72.3281,27.5137],[72.2854,27.5488],[72.1768,27.4618],[72.1467,27.5325],[72.0513,27.6145],[71.8159,27.4417],[71.8303,27.329],[71.79,27.2559],[71.9169,27.2113],[71.9691,27.1396],[72.0781,27.1167],[72.0412,26.9359],[72.1049,26.887],[72.0555,26.8032],[72.0885,26.7303],[72.041,26.6755],[72.0998,26.6005],[72.0284,26.4988],[72.0833,26.4431],[72.074,26.3496]]]},"properties":{"name":"Jodhpur"}},
{"type":"Feature","geometry":{"type":"Polygon","coordinates":[[[75.4779,28.9333],[75.3214,28.9855],[75.2958,28.9177],[75.2207,28.8573],[75.1023,28.8726],[75.0383,28.937],[74.9204,28.8977],[74.9003,28.9353],[74.8124,28.9322],[74.6955,28.8378],[74.4715,28.82],[74.4205,28.8849],[74.2791,28.8002],[74.1619,28.7771],[74.1954,28.7114],[74.1008,28.6794],[74.1095,28.5891],[74.0617,28.529],[74.0687,28.4158],[74.0475,28.3455],[74.2015,28.3119],[74.2398,28.2309],[74.3096,28.2315],[74.3477,28.1597],[74.299,28.1349],[74.2898,28.0407],[74.2397,28.0008],[74.2088,27.8981],[74.2179,27.8118],[74.1281,27.7888],[74.0503,27.7206],[73.918,27.7739],[73.832,27.7708],[73.8598,27.6077],[73.8527,27.5511],[73.9032,27.4963],[74.0313,27.5349],[74.0832,27.4791],[74.2057,27.4238],[74.2071,27.5061],[74.2583,27.6023],[74.3448,27.6794],[74.4431,27.6916],[74.4966,27.6656],[74.6821,27.6672],[74.7423,27.7645],[74.8183,27.7997],[74.7822,27.9556],[74.8093,28.0583],[74.8936,28.1918],[75.0305,28.1981],[75.0512,28.253],[75.1498,28.2916],[75.1681,28.3791],[75.2804,28.4495],[75.384,28.3378],[75.5096,28.34],[75.5726,28.3777],[75.6169,28.5054],[75.673,28.5166],[75.6231,28.6017],[75.5624,28.6132],[75.5212,28.8339],[75.4779,28.9333]]]},"properties":{"name":"Churu"}},
{"type":"Feature","geometry":{"type":"Polygon","coordinates":[[[72.2854,27.5488],[72.3281,27.5137],[72.5029,27.5836],[72.6052,27.6067],[72.6725,27.5426],[72.8368,27.5797],[72.832,27.4662],[72.9888,27.3839],[73.0437,27.4105],[73.1465,27.3902],[73.1643,27.2949],[73.2649,27.2849],[73.3343,27.1993],[73.3865,27.2692],[73.5054,27.3334],[73.5073,27.4338],[73.5409,27.4941],[73.6194,27.5422],[73.7819,27.5088],[73.8527,27.5511],[73.8598,27.6077],[73.832,27.7708],[73.918,27.7739],[74.0503,27.7206],[74.1281,27.7888],[74.2179,27.8118],[74.2088,27.8981],[74.2397,28.0008],[74.2898,28.0407],[74.299,28.1349],[74.3477,28.1597],[74.3096,28.2315],[74.2398,28.2309],[74.2015,28.3119],[74.0475,28.3455],[74.0687,28.4158],[74.0617,28.529],[74.1095,28.5891],[74.1008,28.6794],[74.1954,28.7114],[74.1619,28.7771],[74.1214,28.847],[74.1132,28.9402],[74.0301,29.0071],[73.8781,28.9409],[73.7996,29.007],[73.6252,29.0373],[73.5697,28.9961],[73.4885,29.0119],[73.3466,29.0058],[73.2814,28.9403],[73.229,28.9296],[73.2065,28.8533],[73.1175,28.7669],[73.0047,28.7119],[72.7666,28.7997],[72.6489,28.9032],[72.4038,28.7829],[72.2993,28.6698],[72.2064,28.3946],[72.132,28.3128],[72.0043,28.2185],[71.9275,28.1219],[71.8983,27.9613],[71.9535,27.9119],[72.0336,27.9493],[72.1469,27.8727],[72.1569,27.7797],[72.095,27.7361],[72.2217,27.6745],[72.3444,27.6918],[72.2854,27.5488]]]},"properties":{"name":"Bikaner"}},
{"type":"Feature","geometry":{"type":"Polygon","coordinates":[[[74.9409,23.7631],[74.9067,23.8711],[74.9944,24.0268],[74.9221,24.0781],[74.8971,24.1868],[74.8769,24.2752],[74.7738,24.2692],[74.7884,24.3688],[74.8592,24.4486],[74.824,24.4849],[74.7148,24.5063],[74.5436,24.503],[74.5009,24.4036],[74.5212,24.3322],[74.4393,24.2355],[74.3634,24.1788],[74.4377,24.1222],[74.3906,24.0748],[74.2612,24.0075],[74.2877,23.9572],[74.3851,23.9061],[74.4809,23.9244],[74.5472,23.862],[74.5316,23.6355],[74.5904,23.6261],[74.6742,23.6656],[74.7739,23.5891],[74.7743,23.5408],[74.852,23.5548],[74.9065,23.6221],[74.9409,23.7631]]]},"properties":{"name":"Pratapgarh"}},
{"type":"Feature","geometry":{"type":"Polygon","coordinates":[[[75.354,25.0212],[75.4537,25.0259],[75.4092,25.1043],[75.4475,25.1406],[75.4414,25.2755],[75.3455,25.323],[75.3084,25.4198],[75.3745,25.5025],[75.3614,25.5345],[75.4361,25.6211],[75.4244,25.6862],[75.4653,25.7186],[75.32,25.7639],[75.262,25.6979],[75.1498,25.7198],[75.1098,25.6936],[75.0112,25.8074],[75.0177,25.8562],[74.9056,25.881],[74.8177,25.8686],[74.7252,25.9167],[74.6194,25.9039],[74.4364,25.9244],[74.39,25.9624],[74.2258,25.8437],[74.1969,25.7394],[74.0994,25.7162],[74.1184,25.6364],[74.0672,25.5801],[74.0995,25.5152],[74.0244,25.4532],[74.028,25.2723],[74.0665,25.1573],[74.2605,25.0653],[74.416,25.2027],[74.4978,25.2067],[74.6144,25.1431],[74.6595,25.1828],[74.7778,25.2063],[74.7964,25.1541],[74.8696,25.1777],[74.9752,25.105],[75.0358,25.1265],[75.206,25.0896],[75.1975,25.0343],[75.3138,25.0425],[75.354,25.0212]]]},"properties":{"name":"Bhilwara"}},
{"type":"Feature","geometry":{"type":"Polygon","coordinates":[[[75.4653,25.7186],[75.5649,25.6969],[75.6326,25.7089],[75.6958,25.7605],[75.7623,25.7565],[75.7742,25.8226],[75.8949,25.8689],[76.0622,25.8597],[76.0551,25.8201],[76.3228,25.8091],[76.223,25.8623],[76.2503,25.9136],[76.2512,26.0195],[76.1469,25.9663],[76.0773,26.0136],[76.1169,26.0564],[76.0696,26.1304],[75.9953,26.1157],[75.9934,26.2202],[76.1045,26.2392],[76.1814,26.4857],[76.1614,26.5148],[75.975,26.5023],[75.7868,26.5241],[75.7132,26.4449],[75.5749,26.4463],[75.4537,26.4932],[75.3531,26.5016],[75.2877,26.564],[75.2066,26.5157],[75.171,26.4621],[75.1307,26.3969],[75.1144,26.285],[75.1891,26.11],[75.2781,26.1356],[75.3564,26.0194],[75.308,25.9415],[75.2524,25.9375],[75.2645,25.8531],[75.3408,25.811],[75.32,25.7639],[75.4653,25.7186]]]},"properties":{"name":"Tonk"}},
{"type":"Feature","geometry":{"type":"Polygon","coordinates":[[[75.4537,25.0259],[75.6152,25.0174],[75.625,24.9964],[75.697,25.0304],[75.759,25.1115],[75.7371,25.1658],[75.7948,25.2581],[75.9032,25.2345],[75.9819,25.2402],[76.0258,25.3146],[76.1138,25.3289],[76.2098,25.4845],[76.2935,25.5449],[76.3075,25.6668],[76.3651,25.7386],[76.3228,25.8091],[76.0551,25.8201],[76.0622,25.8597],[75.8949,25.8689],[75.7742,25.8226],[75.7623,25.7565],[75.6958,25.7605],[75.6326,25.7089],[75.5649,25.6969],[75.4653,25.7186],[75.4244,25.6862],[75.4361,25.6211],[75.3614,25.5345],[75.3745,25.5025],[75.3084,25.4198],[75.3455,25.323],[75.4414,25.2755],[75.4475,25.1406],[75.4092,25.1043],[75.4537,25.0259]]]},"properties":{"name":"Bundi"}},
{"type":"Feature","geometry":{"type":"Polygon","coordinates":[[[76.0877,27.8479],[76.0356,27.7315],[75.9921,27.7032],[75.9389,27.4964],[75.8716,27.4165],[75.7948,27.3808],[75.6663,27.3659],[75.6147,27.3148],[75.5318,27.3439],[75.4776,27.2892],[75.396,27.2826],[75.3172,27.1592],[75.341,27.0935],[75.2221,27.0828],[75.1665,26.9329],[75.0146,26.9453],[74.9778,26.8903],[74.9177,26.8369],[74.9416,26.7498],[75.0687,26.6506],[75.1053,26.556],[75.171,26.4621],[75.2066,26.5157],[75.2877,26.564],[75.3531,26.5016],[75.4537,26.4932],[75.5749,26.4463],[75.7132,26.4449],[75.7868,26.5241],[75.975,26.5023],[76.1614,26.5148],[76.1543,26.5675],[76.2126,26.7192],[76.1745,26.7549],[76.2421,26.8211],[76.2343,26.9098],[76.2892,27.0872],[76.2138,27.1254],[76.1255,27.2381],[76.2348,27.4176],[76.2479,27.4884],[76.2034,27.6221],[76.2605,27.7],[76.2269,27.8332],[76.1838,27.7978],[76.0877,27.8479]]]},"properties":{"name":"Jaipur"}},
{"type":"Feature","geometry":{"type":"Polygon","coordinates":[[[75.9243,24.5399],[76.0825,24.5768],[76.0695,24.6758],[76.1839,24.6646],[76.2282,24.8322],[76.3661,24.8713],[76.4455,24.8308],[76.4439,24.7832],[76.5762,24.8585],[76.4222,24.9773],[76.325,24.959],[76.2188,25.0844],[76.2547,25.2379],[76.2889,25.2467],[76.332,25.3746],[76.5623,25.4141],[76.58,25.432],[76.5261,25.5253],[76.5167,25.6681],[76.5354,25.7932],[76.573,25.8349],[76.5006,25.843],[76.4466,25.7695],[76.3651,25.7386],[76.3075,25.6668],[76.2935,25.5449],[76.2098,25.4845],[76.1138,25.3289],[76.0258,25.3146],[75.9819,25.2402],[75.9032,25.2345],[75.7948,25.2581],[75.7371,25.1658],[75.759,25.1115],[75.697,25.0304],[75.625,24.9964],[75.7619,24.8766],[75.8227,24.8671],[75.7899,24.7616],[75.8426,24.7259],[75.8563,24.6104],[75.9243,24.5399]]]},"properties":{"name":"Kota"}},
{"type":"Feature","geometry":{"type":"Polygon","coordinates":[[[73.8742,26.4306],[73.8183,26.3578],[73.7871,26.1634],[73.6968,26.0638],[73.6298,26.1472],[73.4675,26.0854],[73.3779,26.1565],[73.3601,26.0754],[73.3175,26.0343],[73.2086,26.0769],[73.06,26.0123],[73.0512,25.9678],[72.9593,25.9019],[72.8355,25.8632],[72.779,25.8017],[72.8901,25.7348],[72.9363,25.639],[73.0575,25.5605],[73.098,25.4683],[73.0426,25.3914],[72.9737,25.3717],[72.9945,25.2577],[72.9413,25.2439],[73,25.1441],[73.1325,25.0648],[73.049,25.0049],[73.0092,24.9218],[73.0294,24.888],[73.1441,24.8433],[73.146,24.7579],[73.3288,24.9088],[73.3308,24.9774],[73.393,25.0666],[73.5044,25.118],[73.6025,25.2036],[73.6132,25.2865],[73.7347,25.3824],[73.8084,25.5113],[73.8658,25.6511],[73.9073,25.6854],[73.9448,25.8312],[74.01,25.8636],[74.0573,25.8291],[74.1313,25.8835],[74.1325,25.9634],[74.2886,26.1209],[74.3037,26.185],[74.3777,26.2065],[74.2546,26.2864],[74.3066,26.3316],[74.2918,26.4491],[74.2392,26.4614],[74.1758,26.4214],[73.8742,26.4306]]]},"properties":{"name":"Pali"}},
{"type":"Feature","geometry":{"type":"Polygon","coordinates":[[[74.39,25.9624],[74.347,26.0227],[74.237,25.9074],[74.1313,25.8835],[74.0573,25.8291],[74.0944,25.7672],[74.0003,25.7265],[73.9501,25.6508],[73.9073,25.6854],[73.8658,25.6511],[73.8084,25.5113],[73.7347,25.3824],[73.6132,25.2865],[73.6025,25.2036],[73.5044,25.118],[73.5081,24.9758],[73.6121,24.8721],[73.703,24.8568],[73.6958,24.7995],[73.7973,24.7451],[73.8564,24.8869],[74.0029,24.8924],[74.0465,24.833],[74.1226,24.852],[74.2008,24.9789],[74.2721,24.9919],[74.2605,25.0653],[74.0665,25.1573],[74.028,25.2723],[74.0244,25.4532],[74.0995,25.5152],[74.0672,25.5801],[74.1184,25.6364],[74.0994,25.7162],[74.1969,25.7394],[74.2258,25.8437],[74.39,25.9624]]]},"properties":{"name":"Rajsamand"}},
{"type":"Feature","geometry":{"type":"MultiPolygon","coordinates":[[[[74.2918,26.4491],[74.3066,26.3316],[74.2546,26.2864],[74.3777,26.2065],[74.3037,26.185],[74.2886,26.1209],[74.1325,25.9634],[74.1313,25.8835],[74.237,25.9074],[74.347,26.0227],[74.39,25.9624],[74.4364,25.9244],[74.6194,25.9039],[74.7252,25.9167],[74.8177,25.8686],[74.9056,25.881],[75.0177,25.8562],[75.0112,25.8074],[75.1098,25.6936],[75.1498,25.7198],[75.262,25.6979],[75.32,25.7639],[75.3408,25.811],[75.2645,25.8531],[75.2524,25.9375],[75.308,25.9415],[75.3564,26.0194],[75.2781,26.1356],[75.1891,26.11],[75.1144,26.285],[75.1307,26.3969],[75.171,26.4621],[75.1053,26.556],[75.0687,26.6506],[74.9416,26.7498],[74.9177,26.8369],[74.9778,26.8903],[74.9844,26.9412],[74.8531,26.9751],[74.7821,26.7987],[74.6988,26.7712],[74.6664,26.7114],[74.7229,26.6757],[74.675,26.5941],[74.5943,26.6292],[74.4822,26.4975],[74.3764,26.4889],[74.2918,26.4491]]],[[[73.9073,25.6854],[73.9501,25.6508],[74.0003,25.7265],[74.0944,25.7672],[74.0573,25.8291],[74.01,25.8636],[73.9448,25.8312],[73.9073,25.6854]]]]},"properties":{"name":"Ajmer"}},
{"type":"Feature","geometry":{"type":"Polygon","coordinates":[[[76.9789,27.6541],[76.9371,27.6124],[77.0647,27.5282],[77.0267,27.4964],[77.0464,27.3771],[77.1415,27.3463],[77.0972,27.1715],[76.9656,27.1461],[77.0103,27.0275],[77.0183,26.9284],[77.0783,26.8607],[77.2949,26.7796],[77.3497,26.7116],[77.4565,26.7412],[77.4258,26.8373],[77.4909,26.8982],[77.5883,26.9253],[77.7123,26.9946],[77.6075,27.0232],[77.5532,27.11],[77.6636,27.1699],[77.6482,27.2414],[77.5063,27.3757],[77.4409,27.3936],[77.4387,27.4564],[77.3494,27.5192],[77.3517,27.6474],[77.3137,27.7824],[77.2847,27.8016],[77.1092,27.7855],[77.002,27.7369],[76.9789,27.6541]]]},"properties":{"name":"Bharatpur"}},
{"type":"Feature","geometry":{"type":"Polygon","coordinates":[[[73.63,23.4515],[73.8247,23.4456],[73.8921,23.3358],[73.9605,23.38],[74.0135,23.4415],[74.0334,23.5446],[74.1195,23.6101],[74.1487,23.7816],[74.2397,23.8148],[74.3851,23.9061],[74.2877,23.9572],[74.2065,23.955],[74.1344,24.0178],[74.0817,23.9685],[73.919,23.9835],[73.8588,23.9364],[73.647,23.9464],[73.5935,23.9657],[73.519,23.9312],[73.4706,23.8474],[73.3676,23.8139],[73.5682,23.6527],[73.6584,23.6219],[73.63,23.4515]]]},"properties":{"name":"Dungarpur"}},
{"type":"Feature","geometry":{"type":"MultiPolygon","coordinates":[[[[75.1975,25.0343],[75.206,25.0896],[75.0358,25.1265],[74.9752,25.105],[74.8696,25.1777],[74.7964,25.1541],[74.7778,25.2063],[74.6595,25.1828],[74.6144,25.1431],[74.4978,25.2067],[74.416,25.2027],[74.2605,25.0653],[74.2721,24.9919],[74.2008,24.9789],[74.1226,24.852],[74.12,24.7397],[74.2802,24.5654],[74.2858,24.5014],[74.3669,24.4107],[74.3542,24.3375],[74.4393,24.2355],[74.5212,24.3322],[74.5009,24.4036],[74.5436,24.503],[74.7148,24.5063],[74.7771,24.6849],[74.8206,24.7624],[74.8754,24.6665],[74.946,24.6592],[75.0022,24.7054],[75.0154,24.7907],[74.8608,24.8101],[74.8294,24.8962],[74.8696,24.9339],[74.9472,24.8748],[75.046,24.856],[75.1217,24.8857],[75.1227,24.9724],[75.1975,25.0343]]],[[[75.5308,24.7142],[75.6167,24.6847],[75.7455,24.7565],[75.7899,24.7616],[75.8227,24.8671],[75.7619,24.8766],[75.625,24.9964],[75.6152,25.0174],[75.4537,25.0259],[75.354,25.0212],[75.3408,24.9595],[75.2701,24.9107],[75.4204,24.8603],[75.3035,24.8118],[75.2446,24.8575],[75.1951,24.7854],[75.2268,24.7321],[75.455,24.6896],[75.5308,24.7142]]]]},"properties":{"name":"Chittaurgarh"}},
{"type":"Feature","geometry":{"type":"Polygon","coordinates":[[[73.3676,23.8139],[73.4706,23.8474],[73.519,23.9312],[73.5935,23.9657],[73.647,23.9464],[73.8588,23.9364],[73.919,23.9835],[74.0817,23.9685],[74.1344,24.0178],[74.2065,23.955],[74.2877,23.9572],[74.2612,24.0075],[74.3906,24.0748],[74.4377,24.1222],[74.3634,24.1788],[74.4393,24.2355],[74.3542,24.3375],[74.3669,24.4107],[74.2858,24.5014],[74.2802,24.5654],[74.12,24.7397],[74.1226,24.852],[74.0465,24.833],[74.0029,24.8924],[73.8564,24.8869],[73.7973,24.7451],[73.6958,24.7995],[73.703,24.8568],[73.6121,24.8721],[73.5081,24.9758],[73.5044,25.118],[73.393,25.0666],[73.3308,24.9774],[73.3288,24.9088],[73.146,24.7579],[73.1392,24.688],[73.028,24.5315],[73.0102,24.4827],[73.0824,24.3946],[73.1846,24.3348],[73.1133,24.2626],[73.0797,24.1851],[73.1204,24.1403],[73.221,24.098],[73.243,24.0105],[73.324,24.0621],[73.4114,24.0505],[73.4176,23.9228],[73.3839,23.9053],[73.3676,23.8139]]]},"properties":{"name":"Udaipur"}},
{"type":"Feature","geometry":{"type":"Polygon","coordinates":[[[72.336,24.6251],[72.3277,24.7018],[72.3742,24.7615],[72.4853,24.7518],[72.5054,24.9203],[72.5824,24.9415],[72.6886,25.0467],[72.8288,25.2873],[72.9413,25.2439],[72.9945,25.2577],[72.9737,25.3717],[73.0426,25.3914],[73.098,25.4683],[73.0575,25.5605],[72.9363,25.639],[72.8901,25.7348],[72.779,25.8017],[72.7229,25.6895],[72.7217,25.6092],[72.5872,25.6022],[72.4642,25.4546],[72.3575,25.4538],[72.2945,25.3917],[72.0347,25.4764],[71.9221,25.3452],[71.9359,25.2846],[71.8508,25.2073],[71.794,25.0845],[71.7382,25.0695],[71.6808,24.9874],[71.6351,25.0329],[71.5577,24.9849],[71.5095,25.0088],[71.3423,24.9345],[71.3317,24.851],[71.2558,24.7958],[71.263,24.7452],[71.1894,24.6488],[71.2903,24.6131],[71.3759,24.6268],[71.4817,24.6787],[71.6103,24.675],[71.6553,24.6374],[71.7788,24.6727],[71.806,24.6255],[72.0476,24.7087],[72.08,24.6556],[72.1812,24.612],[72.2255,24.6353],[72.336,24.6251]]]},"properties":{"name":"Jalor"}},
{"type":"Feature","geometry":{"type":"Polygon","coordinates":[[[76.1814,26.4857],[76.2513,26.4409],[76.3238,26.4543],[76.3945,26.388],[76.4824,26.4987],[76.4076,26.5528],[76.47,26.6692],[76.5408,26.7723],[76.6193,26.7764],[76.8261,26.9665],[76.9437,26.9103],[76.9578,26.8152],[77.0783,26.8607],[77.0183,26.9284],[77.0103,27.0275],[76.9656,27.1461],[76.9017,27.1628],[76.8084,27.105],[76.7092,27.1157],[76.6444,27.0948],[76.6221,27.1773],[76.4951,27.1136],[76.4339,27.1332],[76.3651,27.0562],[76.2892,27.0872],[76.2343,26.9098],[76.2421,26.8211],[76.1745,26.7549],[76.2126,26.7192],[76.1543,26.5675],[76.1614,26.5148],[76.1814,26.4857]]]},"properties":{"name":"Dausa"}},
{"type":"Feature","geometry":{"type":"Polygon","coordinates":[[[73.0102,24.4827],[73.028,24.5315],[73.1392,24.688],[73.146,24.7579],[73.1441,24.8433],[73.0294,24.888],[73.0092,24.9218],[73.049,25.0049],[73.1325,25.0648],[73,25.1441],[72.9413,25.2439],[72.8288,25.2873],[72.6886,25.0467],[72.5824,24.9415],[72.5054,24.9203],[72.4853,24.7518],[72.3742,24.7615],[72.3277,24.7018],[72.336,24.6251],[72.3536,24.5545],[72.4604,24.4088],[72.5407,24.5083],[72.655,24.4576],[72.7289,24.3622],[72.8649,24.3664],[72.9624,24.3515],[72.9782,24.4514],[73.0102,24.4827]]]},"properties":{"name":"Sirohi"}},
{"type":"Feature","geometry":{"type":"Polygon","coordinates":[[[79.4603,11.1505],[79.5143,11.2275],[79.4992,11.3048],[79.3705,11.4204],[79.1774,11.3746],[79.1455,11.3854],[79.0701,11.1071],[79.0095,11.0581],[78.9666,10.9496],[79.0079,10.8906],[79.1526,10.9413],[79.2143,10.9397],[79.3952,11.0633],[79.4603,11.1505]]]},"properties":{"name":"Ariyalur"}},
{"type":"Feature","geometry":{"type":"Polygon","coordinates":[[[78.4191,9.5973],[78.4978,9.6109],[78.6543,9.5446],[78.7123,9.608],[78.7549,9.5786],[78.8257,9.7256],[78.8849,9.7552],[78.8737,9.8625],[78.9172,9.9177],[78.991,9.9466],[78.9405,10.0146],[78.9288,10.1156],[78.8175,10.1704],[78.8112,10.2127],[78.7087,10.1749],[78.6278,10.2674],[78.5258,10.2571],[78.4997,10.3876],[78.448,10.3728],[78.3657,10.2946],[78.4469,10.139],[78.4587,9.9691],[78.3201,9.9243],[78.314,9.8664],[78.1561,9.8742],[78.1464,9.7849],[78.1654,9.7536],[78.2753,9.7534],[78.4191,9.5973]]]},"properties":{"name":"Sivaganga"}},
{"type":"Feature","geometry":{"type":"Polygon","coordinates":[[[79.0079,10.8906],[78.8559,10.8448],[78.8719,10.7072],[78.9089,10.6722],[78.9842,10.684],[79.1284,10.6346],[79.1926,10.562],[79.1527,10.5295],[79.1325,10.4271],[79.1501,10.344],[79.1177,10.2381],[79.1666,10.1639],[79.2297,10.1415],[79.2684,10.2278],[79.4054,10.3172],[79.5123,10.3085],[79.536,10.3357],[79.4622,10.3758],[79.4841,10.4887],[79.3501,10.5863],[79.3044,10.7355],[79.3694,10.807],[79.2994,10.8269],[79.2716,10.8923],[79.298,10.9384],[79.4547,10.8608],[79.5084,10.8967],[79.5156,10.9689],[79.5158,11.0412],[79.5743,11.1462],[79.5256,11.1832],[79.4603,11.1505],[79.3952,11.0633],[79.2143,10.9397],[79.1526,10.9413],[79.0079,10.8906]]]},"properties":{"name":"Thanjavur"}},
{"type":"Feature","geometry":{"type":"Polygon","coordinates":[[[79.2104,12.779],[79.0755,12.7528],[78.9813,12.6671],[78.8988,12.6886],[78.8593,12.6277],[78.7107,12.3022],[78.6527,12.2589],[78.6351,12.1771],[78.6883,12.108],[78.7188,11.9807],[78.7611,12.0105],[78.9951,12.0521],[79.1676,12.0327],[79.2358,12.063],[79.271,12.1288],[79.2146,12.1671],[79.2577,12.2747],[79.2483,12.4466],[79.4025,12.4357],[79.4503,12.3791],[79.6452,12.3463],[79.7362,12.4289],[79.7475,12.5311],[79.7242,12.5895],[79.6709,12.5933],[79.6489,12.6688],[79.739,12.6896],[79.7469,12.7439],[79.6403,12.8174],[79.5608,12.8507],[79.4905,12.8735],[79.4517,12.6711],[79.324,12.7436],[79.2555,12.8231],[79.2098,12.7851],[79.2104,12.779]]]},"properties":{"name":"Tiruvannamalai"}},
{"type":"Feature","geometry":{"type":"Polygon","coordinates":[[[78.4191,9.5973],[78.331,9.4803],[78.2761,9.4469],[78.2454,9.3782],[78.338,9.3671],[78.3781,9.2931],[78.2833,9.2765],[78.2767,9.1423],[78.3902,9.0961],[78.4575,9.1257],[78.5791,9.13],[78.6798,9.1959],[78.8748,9.2564],[78.9667,9.2719],[79.0963,9.2602],[78.9361,9.4109],[78.9026,9.4689],[78.9362,9.5999],[78.9809,9.6897],[79.1146,9.8475],[79.0466,9.8612],[78.991,9.9466],[78.9172,9.9177],[78.8737,9.8625],[78.8849,9.7552],[78.8257,9.7256],[78.7549,9.5786],[78.7123,9.608],[78.6543,9.5446],[78.4978,9.6109],[78.4191,9.5973]]]},"properties":{"name":"Ramanathapuram"}},
{"type":"Feature","geometry":{"type":"Polygon","coordinates":[[[77.2017,8.7708],[77.1858,8.7173],[77.271,8.5808],[77.4482,8.4996],[77.4934,8.3817],[77.5456,8.3938],[77.5674,8.2817],[77.545,8.2101],[77.592,8.1428],[77.7143,8.1639],[77.8023,8.2396],[77.8859,8.2714],[77.9776,8.3358],[77.893,8.3254],[77.8509,8.3639],[77.8136,8.5702],[77.784,8.5831],[77.8411,8.8164],[77.7632,8.9244],[77.7025,8.9269],[77.6402,8.9613],[77.5657,8.8798],[77.4816,8.8701],[77.447,8.7437],[77.3867,8.7447],[77.3061,8.7931],[77.2584,8.878],[77.2657,8.8418],[77.2017,8.7708]]]},"properties":{"name":"Tirunelveli"}},
{"type":"Feature","geometry":{"type":"Polygon","coordinates":[[[77.3412,9.4186],[77.4308,9.4011],[77.4771,9.3417],[77.5924,9.3452],[77.6261,9.2931],[77.7436,9.2674],[77.7733,9.2376],[77.958,9.2509],[78.0459,9.3059],[78.0436,9.3648],[78.1707,9.3693],[78.226,9.2973],[78.2833,9.2765],[78.3781,9.2931],[78.338,9.3671],[78.2454,9.3782],[78.2761,9.4469],[78.331,9.4803],[78.4191,9.5973],[78.2753,9.7534],[78.1654,9.7536],[78.1464,9.7849],[78.0639,9.7422],[77.9938,9.6255],[77.7768,9.6417],[77.7259,9.6945],[77.6313,9.7078],[77.521,9.6395],[77.4791,9.564],[77.4037,9.5274],[77.3894,9.4559],[77.3412,9.4186]]]},"properties":{"name":"Virudhunagar"}},
{"type":"Feature","geometry":{"type":"Polygon","coordinates":[[[79.7638,11.0025],[79.6915,11.0171],[79.6317,10.9865],[79.5156,10.9689],[79.5084,10.8967],[79.4547,10.8608],[79.298,10.9384],[79.2716,10.8923],[79.2994,10.8269],[79.3694,10.807],[79.3044,10.7355],[79.3501,10.5863],[79.4841,10.4887],[79.4622,10.3758],[79.536,10.3357],[79.5424,10.3024],[79.7765,10.2727],[79.6488,10.3174],[79.668,10.6558],[79.7109,10.7876],[79.6568,10.8358],[79.6823,10.9215],[79.7373,10.9354],[79.7638,11.0025]]]},"properties":{"name":"Thiruvarur"}},
{"type":"Feature","geometry":{"type":"Polygon","coordinates":[[[80.0423,13.5376],[79.9747,13.4653],[79.9385,13.35],[79.8133,13.3182],[79.6841,13.2495],[79.6814,13.2956],[79.5782,13.2629],[79.5485,13.3244],[79.4458,13.3385],[79.42,13.2508],[79.4333,13.1977],[79.2865,13.1339],[79.3476,13.0616],[79.4246,13.1456],[79.57,13.1351],[79.6365,13.1486],[79.6554,13.2094],[79.7362,13.1655],[79.7326,13.0963],[79.7859,13.0232],[79.8254,12.9644],[79.896,12.9476],[79.9442,13.0081],[80.0339,13.0519],[80.1307,13.0527],[80.1901,13.0264],[80.2033,13.1269],[80.3038,13.1423],[80.3466,13.3136],[80.3234,13.4559],[80.2685,13.5634],[80.2421,13.469],[80.0423,13.5376]]]},"properties":{"name":"Thiruvallur"}},
{"type":"Feature","geometry":{"type":"Polygon","coordinates":[[[79.0095,11.0581],[78.9756,11.0939],[78.8469,11.0892],[78.7626,11.1228],[78.6992,11.0915],[78.6731,11.1652],[78.7392,11.2951],[78.6309,11.3382],[78.4869,11.4043],[78.4668,11.312],[78.3828,11.1396],[78.3245,11.0575],[78.2488,11.092],[78.1834,11.0681],[78.1686,11.012],[78.1995,10.9603],[78.3828,10.9658],[78.5496,10.8769],[78.5683,10.7431],[78.428,10.6774],[78.3688,10.7252],[78.2798,10.708],[78.2616,10.5817],[78.1984,10.5481],[78.2085,10.4732],[78.3155,10.4396],[78.282,10.3711],[78.3346,10.3012],[78.3657,10.2946],[78.448,10.3728],[78.4997,10.3876],[78.4989,10.4855],[78.4571,10.6082],[78.5262,10.6744],[78.5961,10.6578],[78.6896,10.7328],[78.7599,10.6643],[78.8719,10.7072],[78.8559,10.8448],[79.0079,10.8906],[78.9666,10.9496],[79.0095,11.0581]]]},"properties":{"name":"Tiruchirappalli"}},
{"type":"Feature","geometry":{"type":"Polygon","coordinates":[[[77.2896,10.231],[77.3511,10.2771],[77.3156,10.3565],[77.3215,10.4354],[77.3856,10.4505],[77.3752,10.5536],[77.4181,10.6264],[77.4823,10.6502],[77.5103,10.6067],[77.5972,10.6759],[77.6565,10.6748],[77.7304,10.6311],[77.8098,10.6802],[77.8395,10.8336],[77.7609,10.9007],[77.7916,11.0314],[77.7769,11.0555],[77.6271,11.1214],[77.5183,11.1078],[77.4781,11.1775],[77.519,11.2045],[77.4502,11.3048],[77.3342,11.3103],[77.2208,11.3381],[77.1503,11.334],[77.1638,11.1741],[77.241,11.1095],[77.1662,11.0681],[77.1556,10.9969],[77.1796,10.9253],[77.256,10.901],[77.2906,10.8549],[77.2752,10.7887],[77.1698,10.8025],[77.1341,10.7555],[77.166,10.5897],[77.0917,10.5854],[77.0535,10.4094],[77.0957,10.3096],[77.1771,10.3565],[77.2896,10.231]]]},"properties":{"name":"Tiruppur"}},
{"type":"Feature","geometry":{"type":"Polygon","coordinates":[[[77.4037,9.5274],[77.4791,9.564],[77.465,9.5802],[77.601,9.778],[77.6232,9.8647],[77.6813,9.9357],[77.7116,10.0215],[77.7015,10.1914],[77.6121,10.2131],[77.4377,10.1318],[77.3951,10.16],[77.2683,10.1218],[77.203,10.1059],[77.2768,9.9741],[77.2146,9.8762],[77.2394,9.8533],[77.2241,9.7319],[77.1817,9.6583],[77.2392,9.583],[77.3208,9.6035],[77.4037,9.5274]]]},"properties":{"name":"Theni"}},
{"type":"Feature","geometry":{"type":"Polygon","coordinates":[[[78.6309,11.3382],[78.6521,11.4208],[78.7006,11.4547],[78.7914,11.4529],[78.8454,11.5208],[78.7799,11.6048],[78.8048,11.6862],[78.6515,11.6647],[78.6415,11.7611],[78.6952,11.8467],[78.6275,11.8647],[78.543,11.8016],[78.4547,11.825],[78.4066,11.8737],[78.3568,11.8608],[78.3217,11.9283],[78.2359,11.9762],[78.1375,11.9626],[77.9744,11.8937],[77.8474,11.8942],[77.6765,11.9504],[77.6695,11.8221],[77.7232,11.7932],[77.6916,11.6601],[77.7406,11.6102],[77.7342,11.512],[77.6969,11.4596],[77.8309,11.4657],[77.8571,11.41],[77.9734,11.4686],[77.9824,11.5274],[78.0615,11.5138],[78.1045,11.5539],[78.16,11.5364],[78.3296,11.5564],[78.4527,11.5945],[78.4461,11.3991],[78.4869,11.4043],[78.6309,11.3382]]]},"properties":{"name":"Salem"}},
{"type":"Feature","geometry":{"type":"Polygon","coordinates":[[[78.3657,10.2946],[78.3346,10.3012],[78.3294,10.2271],[78.2793,10.182],[78.2603,10.0868],[78.161,10.1119],[78.1221,10.1902],[78.031,10.1806],[77.9205,10.0843],[77.7648,10.0567],[77.7116,10.0215],[77.6813,9.9357],[77.6232,9.8647],[77.601,9.778],[77.465,9.5802],[77.4791,9.564],[77.521,9.6395],[77.6313,9.7078],[77.7259,9.6945],[77.7768,9.6417],[77.9938,9.6255],[78.0639,9.7422],[78.1464,9.7849],[78.1561,9.8742],[78.314,9.8664],[78.3201,9.9243],[78.4587,9.9691],[78.4469,10.139],[78.3657,10.2946]]]},"properties":{"name":"Madurai"}},
{"type":"Feature","geometry":{"type":"Polygon","coordinates":[[[79.1455,11.3854],[79.1085,11.4024],[78.9655,11.4023],[78.8763,11.5062],[78.8454,11.5208],[78.7914,11.4529],[78.7006,11.4547],[78.6521,11.4208],[78.6309,11.3382],[78.7392,11.2951],[78.6731,11.1652],[78.6992,11.0915],[78.7626,11.1228],[78.8469,11.0892],[78.9756,11.0939],[79.0095,11.0581],[79.0701,11.1071],[79.1455,11.3854]]]},"properties":{"name":"Perambalur"}},
{"type":"Feature","geometry":{"type":"Polygon","coordinates":[[[77.2683,10.1218],[77.3951,10.16],[77.4377,10.1318],[77.6121,10.2131],[77.7015,10.1914],[77.7116,10.0215],[77.7648,10.0567],[77.9205,10.0843],[78.031,10.1806],[78.1221,10.1902],[78.161,10.1119],[78.2603,10.0868],[78.2793,10.182],[78.3294,10.2271],[78.3346,10.3012],[78.282,10.3711],[78.3155,10.4396],[78.2085,10.4732],[78.1984,10.5481],[78.1343,10.5743],[78.1736,10.8034],[78.0986,10.7658],[78.0251,10.7791],[77.9802,10.639],[77.8173,10.648],[77.8098,10.6802],[77.7304,10.6311],[77.6565,10.6748],[77.5972,10.6759],[77.5103,10.6067],[77.4823,10.6502],[77.4181,10.6264],[77.3752,10.5536],[77.3856,10.4505],[77.3215,10.4354],[77.3156,10.3565],[77.3511,10.2771],[77.2896,10.231],[77.2683,10.1218]]]},"properties":{"name":"Dindigul"}},
{"type":"Feature","geometry":{"type":"Polygon","coordinates":[[[78.1686,11.012],[78.107,11.07],[78.0136,11.0945],[77.9328,11.0687],[77.867,11.0226],[77.7769,11.0555],[77.7916,11.0314],[77.7609,10.9007],[77.8395,10.8336],[77.8098,10.6802],[77.8173,10.648],[77.9802,10.639],[78.0251,10.7791],[78.0986,10.7658],[78.1736,10.8034],[78.1343,10.5743],[78.1984,10.5481],[78.2616,10.5817],[78.2798,10.708],[78.3688,10.7252],[78.428,10.6774],[78.5683,10.7431],[78.5496,10.8769],[78.3828,10.9658],[78.1995,10.9603],[78.1686,11.012]]]},"properties":{"name":"Karur"}},
{"type":"Feature","geometry":{"type":"Polygon","coordinates":[[[77.6765,11.9504],[77.8474,11.8942],[77.9744,11.8937],[78.1375,11.9626],[78.2359,11.9762],[78.3217,11.9283],[78.3568,11.8608],[78.4066,11.8737],[78.4547,11.825],[78.543,11.8016],[78.6275,11.8647],[78.7249,11.9165],[78.7188,11.9807],[78.6883,12.108],[78.6351,12.1771],[78.4572,12.1748],[78.3948,12.1983],[78.3324,12.2621],[78.2545,12.2691],[78.2379,12.3373],[78.1701,12.35],[78.1439,12.4561],[77.981,12.5424],[77.9576,12.3879],[77.8832,12.3613],[77.872,12.2819],[77.7507,12.1586],[77.7788,12.1199],[77.698,12.017],[77.6765,11.9504]]]},"properties":{"name":"Dharmapuri"}},
{"type":"Feature","geometry":{"type":"Polygon","coordinates":[[[78.4869,11.4043],[78.4461,11.3991],[78.4527,11.5945],[78.3296,11.5564],[78.16,11.5364],[78.1045,11.5539],[78.0615,11.5138],[77.9824,11.5274],[77.9734,11.4686],[77.8571,11.41],[77.8309,11.4657],[77.6969,11.4596],[77.6841,11.4204],[77.809,11.2659],[77.8629,11.2456],[77.8902,11.081],[77.9328,11.0687],[78.0136,11.0945],[78.107,11.07],[78.1686,11.012],[78.1834,11.0681],[78.2488,11.092],[78.3245,11.0575],[78.3828,11.1396],[78.4668,11.312],[78.4869,11.4043]]]},"properties":{"name":"Namakkal"}},
{"type":"Feature","geometry":{"type":"Polygon","coordinates":[[[78.7781,29.2799],[78.7075,29.2671],[78.6648,29.1437],[78.6025,29.0843],[78.5257,29.0697],[78.5725,29.017],[78.5296,28.955],[78.6307,28.9226],[78.6532,28.8364],[78.6795,28.7743],[78.6391,28.6754],[78.7048,28.6025],[78.6725,28.5228],[78.7105,28.4931],[78.9194,28.577],[78.8397,28.6601],[78.8541,28.7048],[78.955,28.6965],[79.0011,28.7472],[79.0082,28.8184],[78.9389,28.8963],[78.9285,28.9961],[79.0113,29.1243],[78.9442,29.1343],[78.901,29.2051],[78.7781,29.2799]]]},"properties":{"name":"Moradabad"}},
{"type":"Feature","geometry":{"type":"Polygon","coordinates":[[[78.6532,28.8364],[78.5831,28.7964],[78.4361,28.7561],[78.4162,28.6585],[78.4388,28.6061],[78.4171,28.4665],[78.2915,28.403],[78.2848,28.3718],[78.3549,28.2135],[78.461,28.0826],[78.5451,28.0149],[78.657,28.3241],[78.7556,28.3764],[78.8712,28.4808],[78.9208,28.4794],[78.9194,28.577],[78.7105,28.4931],[78.6725,28.5228],[78.7048,28.6025],[78.6391,28.6754],[78.6795,28.7743],[78.6532,28.8364]]]},"properties":{"name":"Sambhal"}},
{"type":"Feature","geometry":{"type":"Polygon","coordinates":[[[78.5451,28.0149],[78.6093,28.0297],[78.672,28.0349],[78.7282,27.961],[78.8183,27.9522],[78.9656,27.8507],[79.1607,27.8223],[79.2097,27.707],[79.3506,27.6523],[79.3571,27.7901],[79.441,27.8437],[79.4979,28.0204],[79.4993,28.1077],[79.4209,28.168],[79.3353,28.1528],[79.2095,28.1885],[79.1297,28.189],[79.0741,28.3267],[79.0006,28.3847],[78.9208,28.4794],[78.8712,28.4808],[78.7556,28.3764],[78.657,28.3241],[78.5451,28.0149]]]},"properties":{"name":"Budaun"}},
{"type":"Feature","geometry":{"type":"Polygon","coordinates":[[[78.6093,28.0297],[78.6008,27.9802],[78.4943,27.8546],[78.4793,27.8076],[78.5195,27.7337],[78.5391,27.7805],[78.6811,27.7372],[78.7312,27.6353],[78.9537,27.5724],[79.0342,27.581],[79.1073,27.548],[79.2087,27.5805],[79.1347,27.6318],[79.1361,27.7026],[79.2097,27.707],[79.1607,27.8223],[78.9656,27.8507],[78.8183,27.9522],[78.7282,27.961],[78.672,28.0349],[78.6093,28.0297]]]},"properties":{"name":"Kanshiram Nagar"}},
{"type":"Feature","geometry":{"type":"Polygon","coordinates":[[[81.7495,27.9478],[81.4785,28.0826],[81.4466,28.161],[81.3207,28.1973],[81.2328,28.2891],[81.2135,28.3583],[81.0407,28.4117],[81.0617,28.3427],[81.0363,28.2893],[81.1876,28.1091],[81.1672,28.0447],[81.3063,27.9047],[81.2845,27.7649],[81.3036,27.6812],[81.3211,27.5018],[81.4125,27.3366],[81.4524,27.1219],[81.5082,27.0591],[81.5701,27.1235],[81.6326,27.1377],[81.6703,27.2388],[81.7326,27.3305],[81.8364,27.2793],[81.9216,27.3306],[81.9329,27.4205],[81.9804,27.4372],[81.9936,27.484],[81.8878,27.5297],[81.8161,27.5265],[81.679,27.5838],[81.675,27.6847],[81.626,27.848],[81.6993,27.929],[81.7495,27.9478]]]},"properties":{"name":"Bahraich"}},
{"type":"Feature","geometry":{"type":"Polygon","coordinates":[[[77.5412,28.6152],[77.6785,28.5759],[77.6986,28.5448],[77.8596,28.6514],[77.9019,28.6396],[77.9757,28.7011],[78.1154,28.6402],[78.209,28.6178],[78.1473,28.7117],[78.1009,28.8563],[77.9694,28.8433],[77.8734,28.8635],[77.8548,28.8013],[77.7041,28.7388],[77.6244,28.7179],[77.5379,28.662],[77.5412,28.6152]]]},"properties":{"name":"Hapur"}},
{"type":"Feature","geometry":{"type":"Polygon","coordinates":[[[81.3036,27.6812],[81.1863,27.7324],[81.1817,27.7854],[80.9937,27.8253],[81.0101,27.8803],[80.8476,27.8225],[80.7257,27.8061],[80.6387,27.8359],[80.6065,27.7498],[80.4905,27.7726],[80.3125,27.6786],[80.3064,27.5813],[80.3559,27.4805],[80.406,27.4612],[80.5181,27.2675],[80.6419,27.2644],[80.6573,27.2272],[80.7894,27.206],[80.8275,27.1014],[80.9295,27.159],[80.9707,27.2401],[81.0775,27.228],[81.1188,27.2746],[81.1838,27.2462],[81.2972,27.3371],[81.3209,27.2735],[81.3772,27.2696],[81.4125,27.3366],[81.3211,27.5018],[81.3036,27.6812]]]},"properties":{"name":"Sitapur"}},
{"type":"Feature","geometry":{"type":"Polygon","coordinates":[[[77.1326,29.4849],[77.132,29.3411],[77.153,29.2974],[77.3254,29.2537],[77.4396,29.3584],[77.4243,29.3857],[77.4895,29.6323],[77.454,29.6709],[77.3424,29.6449],[77.3006,29.6705],[77.1502,29.689],[77.1068,29.6323],[77.1326,29.4849]]]},"properties":{"name":"Samli"}},
{"type":"Feature","geometry":{"type":"Polygon","coordinates":[[[81.9804,27.4372],[82.0775,27.4106],[82.036,27.5703],[82.1299,27.7018],[82.1451,27.7669],[82.2079,27.8433],[82.1234,27.8651],[82.071,27.9227],[81.9683,27.929],[81.9013,27.8537],[81.7495,27.9478],[81.6993,27.929],[81.626,27.848],[81.675,27.6847],[81.679,27.5838],[81.8161,27.5265],[81.8878,27.5297],[81.9936,27.484],[81.9804,27.4372]]]},"properties":{"name":"Shrawasti"}},
{"type":"Feature","geometry":{"type":"Polygon","coordinates":[[[78.1009,28.8563],[78.0628,28.9001],[78.0976,28.9838],[78.1065,29.0833],[78.1377,29.2533],[78.0378,29.2617],[77.9272,29.2085],[77.8694,29.2223],[77.8045,29.1803],[77.6658,29.2499],[77.5898,29.2558],[77.5081,29.19],[77.4329,29.086],[77.4603,29.0671],[77.4622,28.9203],[77.5947,28.8785],[77.6938,28.8749],[77.7041,28.7388],[77.8548,28.8013],[77.8734,28.8635],[77.9694,28.8433],[78.1009,28.8563]]]},"properties":{"name":"Meerut"}},
{"type":"Feature","geometry":{"type":"Polygon","coordinates":[[[77.5296,27.9255],[77.6793,27.9416],[77.7419,27.927],[77.8183,27.7786],[77.7947,27.6841],[77.8982,27.5839],[77.9677,27.5946],[78.0187,27.677],[78.0159,27.7523],[78.1627,27.7742],[78.2602,27.6765],[78.4665,27.8275],[78.4793,27.8076],[78.4943,27.8546],[78.6008,27.9802],[78.6093,28.0297],[78.5451,28.0149],[78.461,28.0826],[78.3725,28.0607],[78.3184,28.1225],[78.2214,28.1085],[78.1171,28.0185],[78.07,28.0984],[78.0097,28.0644],[77.9379,28.0797],[77.846,28.1716],[77.6745,28.1084],[77.4838,28.0782],[77.5279,27.999],[77.5296,27.9255]]]},"properties":{"name":"Aligarh"}},
{"type":"Feature","geometry":{"type":"Polygon","coordinates":[[[78.2915,28.403],[78.3055,28.4587],[78.2201,28.4959],[78.209,28.6178],[78.1154,28.6402],[77.9757,28.7011],[77.9019,28.6396],[77.8596,28.6514],[77.6986,28.5448],[77.6202,28.4336],[77.6462,28.383],[77.6147,28.3007],[77.6863,28.1601],[77.6745,28.1084],[77.846,28.1716],[77.9379,28.0797],[78.0097,28.0644],[78.07,28.0984],[78.1171,28.0185],[78.2214,28.1085],[78.3184,28.1225],[78.3725,28.0607],[78.461,28.0826],[78.3549,28.2135],[78.2848,28.3718],[78.2915,28.403]]]},"properties":{"name":"Bulandshahr"}},
{"type":"Feature","geometry":{"type":"Polygon","coordinates":[[[78.9232,29.4308],[78.7069,29.4979],[78.5425,29.6231],[78.5188,29.717],[78.3433,29.7891],[78.1964,29.6815],[78.1461,29.6702],[78.0222,29.5556],[77.9941,29.4931],[78.0659,29.4018],[78.1377,29.2533],[78.1065,29.0833],[78.2073,29.0503],[78.416,29.0384],[78.5257,29.0697],[78.6025,29.0843],[78.6648,29.1437],[78.7075,29.2671],[78.7781,29.2799],[78.7759,29.3419],[78.8656,29.3548],[78.9232,29.4308]]]},"properties":{"name":"Bijnor"}},
{"type":"Feature","geometry":{"type":"Polygon","coordinates":[[[77.2076,28.8569],[77.2203,28.8301],[77.3083,28.7911],[77.4085,28.7764],[77.4247,28.88],[77.4622,28.9203],[77.4603,29.0671],[77.4329,29.086],[77.5081,29.19],[77.4113,29.2449],[77.3254,29.2537],[77.153,29.2974],[77.144,29.1668],[77.1497,29.1175],[77.2324,28.92],[77.2076,28.8569]]]},"properties":{"name":"Baghpat"}},
{"type":"Feature","geometry":{"type":"Polygon","coordinates":[[[81.0407,28.4117],[80.9091,28.4617],[80.6903,28.5871],[80.5399,28.6907],[80.4606,28.6217],[80.3615,28.6353],[80.3259,28.6702],[80.304,28.6165],[80.3754,28.5845],[80.4337,28.5025],[80.3013,28.4533],[80.3704,28.3366],[80.3124,28.2698],[80.3022,28.1519],[80.1924,28.0187],[80.1239,27.9962],[80.0696,27.9215],[80.0633,27.7703],[80.1449,27.7538],[80.202,27.7752],[80.3125,27.6786],[80.4905,27.7726],[80.6065,27.7498],[80.6387,27.8359],[80.7257,27.8061],[80.8476,27.8225],[81.0101,27.8803],[80.9937,27.8253],[81.1817,27.7854],[81.1863,27.7324],[81.3036,27.6812],[81.2845,27.7649],[81.3063,27.9047],[81.1672,28.0447],[81.1876,28.1091],[81.0363,28.2893],[81.0617,28.3427],[81.0407,28.4117]]]},"properties":{"name":"Kheri"}},
{"type":"Feature","geometry":{"type":"Polygon","coordinates":[[[79.0113,29.1243],[78.9285,28.9961],[78.9389,28.8963],[79.0082,28.8184],[79.0011,28.7472],[78.955,28.6965],[78.8541,28.7048],[78.8397,28.6601],[78.9194,28.577],[78.9208,28.4794],[79.0006,28.3847],[79.0789,28.4829],[79.1409,28.4898],[79.2223,28.5724],[79.3048,28.7187],[79.3885,28.7572],[79.4344,28.8722],[79.4172,28.9566],[79.3165,28.9711],[79.1551,29.0697],[79.1638,29.1213],[79.0465,29.1728],[79.0113,29.1243]]]},"properties":{"name":"Rampur"}},
{"type":"Feature","geometry":{"type":"Polygon","coordinates":[[[79.4344,28.8722],[79.3885,28.7572],[79.3048,28.7187],[79.2223,28.5724],[79.1409,28.4898],[79.0789,28.4829],[79.0006,28.3847],[79.0741,28.3267],[79.1297,28.189],[79.2095,28.1885],[79.3353,28.1528],[79.4209,28.168],[79.4993,28.1077],[79.4979,28.0204],[79.6267,28.1341],[79.6855,28.263],[79.6787,28.3062],[79.7447,28.4659],[79.6759,28.5827],[79.6001,28.6159],[79.673,28.7434],[79.6332,28.8594],[79.4344,28.8722]]]},"properties":{"name":"Bareilly"}},
{"type":"Feature","geometry":{"type":"Polygon","coordinates":[[[77.3358,27.8474],[77.2847,27.8016],[77.3137,27.7824],[77.3517,27.6474],[77.3494,27.5192],[77.4387,27.4564],[77.4409,27.3936],[77.5063,27.3757],[77.6482,27.2414],[77.7812,27.2335],[77.848,27.2881],[77.9511,27.2828],[77.9043,27.323],[77.9034,27.4408],[77.9428,27.4845],[77.8799,27.5254],[77.8982,27.5839],[77.7947,27.6841],[77.8183,27.7786],[77.7419,27.927],[77.6793,27.9416],[77.5296,27.9255],[77.4759,27.9292],[77.3906,27.8573],[77.3358,27.8474]]]},"properties":{"name":"Mathura"}},
{"type":"Feature","geometry":{"type":"Polygon","coordinates":[[[78.5195,27.7337],[78.5062,27.6245],[78.3883,27.5671],[78.3328,27.577],[78.2451,27.5281],[78.1807,27.4326],[78.1985,27.4028],[78.2974,27.3823],[78.2865,27.3128],[78.4666,27.4207],[78.5456,27.4416],[78.6076,27.5097],[78.662,27.4902],[78.646,27.4197],[78.7343,27.3358],[78.837,27.361],[78.8912,27.4695],[78.96,27.4192],[79.11,27.4323],[79.2167,27.329],[79.2512,27.3307],[79.271,27.5209],[79.2087,27.5805],[79.1073,27.548],[79.0342,27.581],[78.9537,27.5724],[78.7312,27.6353],[78.6811,27.7372],[78.5391,27.7805],[78.5195,27.7337]]]},"properties":{"name":"Etah"}},
{"type":"Feature","geometry":{"type":"Polygon","coordinates":[[[80.3125,27.6786],[80.202,27.7752],[80.1449,27.7538],[80.0633,27.7703],[79.8094,27.66],[79.767,27.7127],[79.6967,27.6529],[79.7283,27.5374],[79.7168,27.4732],[79.7466,27.4464],[79.6905,27.3679],[79.7224,27.3275],[79.7262,27.2164],[79.8054,27.1683],[79.9059,27.1466],[79.923,27.0977],[80.0278,26.9538],[80.052,26.9191],[80.1091,26.9918],[80.1745,26.9587],[80.3051,27.025],[80.3394,26.9485],[80.3846,26.9304],[80.5608,27.0109],[80.647,27.0786],[80.8275,27.1014],[80.7894,27.206],[80.6573,27.2272],[80.6419,27.2644],[80.5181,27.2675],[80.406,27.4612],[80.3559,27.4805],[80.3064,27.5813],[80.3125,27.6786]]]},"properties":{"name":"Hardoi"}},
{"type":"Feature","geometry":{"type":"Polygon","coordinates":[[[82.0775,27.4106],[82.1164,27.37],[82.2792,27.2753],[82.2174,27.1789],[82.3389,27.0539],[82.4118,27.0782],[82.4797,27.1561],[82.4694,27.3105],[82.4935,27.3596],[82.5744,27.4089],[82.6692,27.4066],[82.7607,27.4318],[82.7399,27.5024],[82.7544,27.5861],[82.7052,27.7166],[82.4488,27.6788],[82.2079,27.8433],[82.1451,27.7669],[82.1299,27.7018],[82.036,27.5703],[82.0775,27.4106]]]},"properties":{"name":"Balrampur"}},
{"type":"Feature","geometry":{"type":"Polygon","coordinates":[[[78.4793,27.8076],[78.4665,27.8275],[78.2602,27.6765],[78.1627,27.7742],[78.0159,27.7523],[78.0187,27.677],[77.9677,27.5946],[77.8982,27.5839],[77.8799,27.5254],[77.9428,27.4845],[77.9034,27.4408],[77.9043,27.323],[77.9511,27.2828],[77.9909,27.2838],[78.0827,27.392],[78.1372,27.3648],[78.1985,27.4028],[78.1807,27.4326],[78.2451,27.5281],[78.3328,27.577],[78.3883,27.5671],[78.5062,27.6245],[78.5195,27.7337],[78.4793,27.8076]]]},"properties":{"name":"Mahamaya Nagar"}},
{"type":"Feature","geometry":{"type":"Polygon","coordinates":[[[79.3506,27.6523],[79.4451,27.6397],[79.4808,27.5965],[79.5907,27.591],[79.6537,27.6409],[79.6643,27.4954],[79.7168,27.4732],[79.7283,27.5374],[79.6967,27.6529],[79.767,27.7127],[79.8094,27.66],[80.0633,27.7703],[80.0696,27.9215],[80.1239,27.9962],[80.1924,28.0187],[80.3022,28.1519],[80.3124,28.2698],[80.3704,28.3366],[80.2631,28.3649],[80.1609,28.3361],[80.0908,28.3635],[79.9422,28.3108],[79.9586,28.1187],[79.8207,28.1948],[79.782,28.1598],[79.6855,28.263],[79.6267,28.1341],[79.4979,28.0204],[79.441,27.8437],[79.3571,27.7901],[79.3506,27.6523]]]},"properties":{"name":"Shahjahanpur"}},
{"type":"Feature","geometry":{"type":"Polygon","coordinates":[[[79.2097,27.707],[79.1361,27.7026],[79.1347,27.6318],[79.2087,27.5805],[79.271,27.5209],[79.2512,27.3307],[79.3398,27.2155],[79.3952,27.1962],[79.5224,27.2094],[79.5621,27.1588],[79.681,27.1715],[79.7262,27.2164],[79.7224,27.3275],[79.6905,27.3679],[79.7466,27.4464],[79.7168,27.4732],[79.6643,27.4954],[79.6537,27.6409],[79.5907,27.591],[79.4808,27.5965],[79.4451,27.6397],[79.3506,27.6523],[79.2097,27.707]]]},"properties":{"name":"Farrukhabad"}},
{"type":"Feature","geometry":{"type":"Polygon","coordinates":[[[79.7262,27.2164],[79.681,27.1715],[79.5621,27.1588],[79.5224,27.2094],[79.3952,27.1962],[79.4019,27.049],[79.3824,26.9862],[79.3276,26.9605],[79.3378,26.9384],[79.4521,26.9286],[79.5609,26.8607],[79.6112,26.8922],[79.7595,26.7834],[79.8471,26.7748],[79.897,26.8234],[79.953,26.9178],[80.0278,26.9538],[79.923,27.0977],[79.9059,27.1466],[79.8054,27.1683],[79.7262,27.2164]]]},"properties":{"name":"Kannauj"}},
{"type":"Feature","geometry":{"type":"Polygon","coordinates":[[[79.6332,28.8594],[79.673,28.7434],[79.6001,28.6159],[79.6759,28.5827],[79.7447,28.4659],[79.6787,28.3062],[79.6855,28.263],[79.782,28.1598],[79.8207,28.1948],[79.9586,28.1187],[79.9422,28.3108],[80.0908,28.3635],[80.1609,28.3361],[80.2631,28.3649],[80.3704,28.3366],[80.3013,28.4533],[80.4337,28.5025],[80.3754,28.5845],[80.304,28.6165],[80.3259,28.6702],[80.2516,28.7574],[80.1182,28.8289],[80.0711,28.8295],[80.0003,28.7109],[79.9409,28.72],[79.8473,28.8698],[79.8021,28.8831],[79.7107,28.8477],[79.6332,28.8594]]]},"properties":{"name":"Pilibhit"}},
{"type":"Feature","geometry":{"type":"Polygon","coordinates":[[[78.7343,27.3358],[78.7879,27.1232],[78.7809,27.0499],[78.831,26.9824],[79.0303,26.9692],[79.0804,26.9981],[79.1932,27.0006],[79.3276,26.9605],[79.3824,26.9862],[79.4019,27.049],[79.3952,27.1962],[79.3398,27.2155],[79.2512,27.3307],[79.2167,27.329],[79.11,27.4323],[78.96,27.4192],[78.8912,27.4695],[78.837,27.361],[78.7343,27.3358]]]},"properties":{"name":"Mainpuri"}},
{"type":"Feature","geometry":{"type":"Polygon","coordinates":[[[78.5257,29.0697],[78.416,29.0384],[78.2073,29.0503],[78.1065,29.0833],[78.0976,28.9838],[78.0628,28.9001],[78.1009,28.8563],[78.1473,28.7117],[78.209,28.6178],[78.2201,28.4959],[78.3055,28.4587],[78.2915,28.403],[78.4171,28.4665],[78.4388,28.6061],[78.4162,28.6585],[78.4361,28.7561],[78.5831,28.7964],[78.6532,28.8364],[78.6307,28.9226],[78.5296,28.955],[78.5725,29.017],[78.5257,29.0697]]]},"properties":{"name":"Jyotiba Phule Nagar"}},
{"type":"Feature","geometry":{"type":"Polygon","coordinates":[[[78.2865,27.3128],[78.2226,27.2991],[78.2092,27.1051],[78.2426,27.072],[78.3647,27.0793],[78.4221,27.0501],[78.4877,26.9661],[78.5737,26.963],[78.5935,26.925],[78.749,26.9139],[78.831,26.9824],[78.7809,27.0499],[78.7879,27.1232],[78.7343,27.3358],[78.646,27.4197],[78.662,27.4902],[78.6076,27.5097],[78.5456,27.4416],[78.4666,27.4207],[78.2865,27.3128]]]},"properties":{"name":"Firozabad"}},
{"type":"Feature","geometry":{"type":"Polygon","coordinates":[[[82.0538,26.0594],[82.1063,26.0748],[82.1868,26.0413],[82.2479,26.0571],[82.4323,26.009],[82.4848,26.0011],[82.445,26.1328],[82.5666,26.1416],[82.6009,26.1962],[82.6823,26.1514],[82.6804,26.2556],[82.4701,26.2834],[82.3873,26.3756],[82.221,26.4075],[82.1097,26.4708],[81.9276,26.5115],[81.9489,26.4141],[81.879,26.3782],[81.8372,26.3096],[81.9259,26.2195],[82.0265,26.1687],[82.0761,26.0878],[82.0538,26.0594]]]},"properties":{"name":"Sultanpur"}},
{"type":"Feature","geometry":{"type":"Polygon","coordinates":[[[81.5433,25.1832],[81.5502,25.2902],[81.4605,25.2589],[81.3894,25.2721],[81.3432,25.3468],[81.2578,25.3339],[81.1517,25.3972],[81.1928,25.4526],[81.1916,25.4877],[81.0224,25.5444],[81.027,25.504],[80.9439,25.4695],[80.8646,25.3743],[80.7802,25.3301],[80.7675,25.2056],[80.6889,25.1308],[80.7228,25.064],[80.7593,25.1379],[80.8735,25.12],[80.8337,25.0302],[80.8398,24.9167],[81.0848,24.9489],[81.1248,24.8966],[81.2212,24.9784],[81.2707,25.0648],[81.2908,25.1592],[81.4377,25.1263],[81.493,25.0694],[81.5433,25.1832]]]},"properties":{"name":"Chitrakoot"}},
{"type":"Feature","geometry":{"type":"Polygon","coordinates":[[[82.5675,27.0754],[82.5904,27.0016],[82.4873,26.9052],[82.3212,26.9758],[82.2437,26.9346],[82.225,26.8074],[82.2412,26.748],[82.3181,26.7229],[82.3824,26.6578],[82.4785,26.6524],[82.5795,26.6042],[82.6416,26.6017],[82.714,26.5552],[82.8247,26.5698],[82.951,26.673],[82.942,26.7321],[82.8069,26.8433],[82.8812,27.0349],[82.7591,27.1051],[82.6306,27.1243],[82.5675,27.0754]]]},"properties":{"name":"Basti"}},
{"type":"Feature","geometry":{"type":"Polygon","coordinates":[[[83.0707,26.408],[83.1349,26.385],[83.2311,26.3932],[83.3397,26.3487],[83.4407,26.2709],[83.51,26.278],[83.6346,26.2231],[83.6673,26.314],[83.5348,26.3841],[83.4796,26.4618],[83.5004,26.4943],[83.6019,26.5147],[83.6316,26.6571],[83.6201,26.7533],[83.5446,26.8805],[83.4469,26.9752],[83.3313,26.981],[83.3227,27.0535],[83.1777,27.0876],[83.1301,27.1414],[83.1275,27.1017],[83.153,27.011],[83.2068,27.0171],[83.2172,26.8842],[83.1362,26.8701],[83.0856,26.7006],[83.1287,26.6591],[83.1548,26.5423],[83.0967,26.4839],[83.0707,26.408]]]},"properties":{"name":"Gorakhpur"}},
{"type":"Feature","geometry":{"type":"Polygon","coordinates":[[[80.8275,27.1014],[80.647,27.0786],[80.5608,27.0109],[80.6004,26.984],[80.6277,26.8888],[80.6811,26.8607],[80.6994,26.6889],[80.8431,26.6631],[80.8922,26.598],[81.0002,26.5351],[81.0514,26.502],[81.1662,26.5926],[81.2192,26.7062],[81.1571,26.8138],[81.0002,27.0001],[81.0123,27.1406],[80.9295,27.159],[80.8275,27.1014]]]},"properties":{"name":"Lucknow"}},
{"type":"Feature","geometry":{"type":"Polygon","coordinates":[[[82.6823,26.1514],[82.6808,26.1068],[82.7867,25.8253],[82.8355,25.7663],[82.8991,25.7729],[82.9459,25.7044],[83.0043,25.7084],[83.0672,25.6516],[83.1482,25.6534],[83.221,25.7491],[83.3555,25.8133],[83.3333,25.8473],[83.3494,26.0342],[83.4488,26.1296],[83.51,26.278],[83.4407,26.2709],[83.3397,26.3487],[83.2311,26.3932],[83.1349,26.385],[83.1111,26.2846],[82.9324,26.3929],[82.8743,26.3112],[82.8866,26.2519],[82.8375,26.1809],[82.7353,26.2477],[82.6804,26.2556],[82.6823,26.1514]]]},"properties":{"name":"Azamgarh"}},
{"type":"Feature","geometry":{"type":"Polygon","coordinates":[[[82.221,26.4075],[82.2792,26.4544],[82.3391,26.5768],[82.4308,26.5463],[82.4785,26.6524],[82.3824,26.6578],[82.3181,26.7229],[82.2412,26.748],[82.225,26.8074],[82.1855,26.8315],[82.0397,26.8067],[81.9774,26.7786],[81.8049,26.8638],[81.7526,26.8662],[81.5626,26.7672],[81.6006,26.7008],[81.5608,26.6419],[81.7343,26.5432],[81.9276,26.5115],[82.1097,26.4708],[82.221,26.4075]]]},"properties":{"name":"Faizabad"}},
{"type":"Feature","geometry":{"type":"Polygon","coordinates":[[[82.6804,26.2556],[82.7353,26.2477],[82.8375,26.1809],[82.8866,26.2519],[82.8743,26.3112],[82.9324,26.3929],[83.1111,26.2846],[83.1349,26.385],[83.0707,26.408],[83.0246,26.4741],[82.8247,26.5698],[82.714,26.5552],[82.6416,26.6017],[82.5795,26.6042],[82.4785,26.6524],[82.4308,26.5463],[82.3391,26.5768],[82.2792,26.4544],[82.221,26.4075],[82.3873,26.3756],[82.4701,26.2834],[82.6804,26.2556]]]},"properties":{"name":"Ambedkar Nagar"}},
{"type":"Feature","geometry":{"type":"Polygon","coordinates":[[[84.454,25.8882],[84.3598,25.9576],[84.3,25.9465],[84.0577,26.0975],[83.8985,26.1272],[83.811,26.1908],[83.7953,26.1079],[83.6822,26.071],[83.6892,26.0097],[83.7764,26.0007],[83.7984,25.9228],[83.7325,25.8564],[83.8193,25.7831],[83.9554,25.7461],[83.9227,25.6334],[83.9293,25.56],[84.0489,25.6215],[84.1027,25.7186],[84.1758,25.7201],[84.2253,25.6625],[84.2872,25.6601],[84.3626,25.7421],[84.5244,25.6763],[84.5637,25.735],[84.6386,25.727],[84.6283,25.7927],[84.5368,25.8762],[84.454,25.8882]]]},"properties":{"name":"Ballia"}},
{"type":"Feature","geometry":{"type":"Polygon","coordinates":[[[80.0278,26.9538],[79.953,26.9178],[79.897,26.8234],[79.9426,26.7962],[80.0275,26.6067],[80.099,26.5876],[80.1836,26.4961],[80.1416,26.439],[80.1459,26.3556],[80.1826,26.3118],[80.0136,26.2523],[79.9687,26.1522],[79.9698,26.0709],[80.0956,26.078],[80.0852,25.9987],[80.2371,25.9226],[80.2634,26.0485],[80.3247,26.1136],[80.5214,26.1882],[80.5673,26.2268],[80.5336,26.3577],[80.3482,26.4858],[80.2968,26.5478],[80.3043,26.6058],[80.2335,26.6874],[80.1334,26.7429],[80.1072,26.8717],[80.052,26.9191],[80.0278,26.9538]]]},"properties":{"name":"Kanpur Nagar"}},
{"type":"Feature","geometry":{"type":"Polygon","coordinates":[[[82.672,25.2484],[82.6937,25.3947],[82.5149,25.4419],[82.5031,25.4748],[82.3304,25.5362],[82.3107,25.4613],[82.3193,25.3406],[82.2217,25.2736],[82.2049,25.1906],[82.269,25.1824],[82.2947,25.2742],[82.3608,25.2143],[82.4016,25.2598],[82.5392,25.239],[82.672,25.2484]]]},"properties":{"name":"Sant Ravidas Nagar (Bhadohi)"}},
{"type":"Feature","geometry":{"type":"Polygon","coordinates":[[[82.4797,27.1561],[82.5675,27.0754],[82.6306,27.1243],[82.7591,27.1051],[82.8812,27.0349],[82.9474,27.0207],[83.0344,27.0959],[83.1275,27.1017],[83.1301,27.1414],[83.1674,27.2177],[83.2924,27.3366],[83.2723,27.3837],[83.1645,27.4577],[83.0342,27.4489],[82.9295,27.5012],[82.7399,27.5024],[82.7607,27.4318],[82.6692,27.4066],[82.5744,27.4089],[82.4935,27.3596],[82.4694,27.3105],[82.4797,27.1561]]]},"properties":{"name":"Siddharthnagar"}},
{"type":"Feature","geometry":{"type":"Polygon","coordinates":[[[79.3378,26.9384],[79.3164,26.652],[79.2597,26.619],[79.2328,26.5397],[79.2889,26.4824],[79.2333,26.4278],[79.2931,26.4425],[79.3421,26.4015],[79.4825,26.425],[79.5041,26.3639],[79.6398,26.5081],[79.6428,26.6063],[79.7236,26.6656],[79.7218,26.7511],[79.7595,26.7834],[79.6112,26.8922],[79.5609,26.8607],[79.4521,26.9286],[79.3378,26.9384]]]},"properties":{"name":"Auraiya"}},
{"type":"Feature","geometry":{"type":"Polygon","coordinates":[[[82.8247,26.5698],[83.0246,26.4741],[83.0707,26.408],[83.0967,26.4839],[83.1548,26.5423],[83.1287,26.6591],[83.0856,26.7006],[83.1362,26.8701],[83.2172,26.8842],[83.2068,27.0171],[83.153,27.011],[83.1275,27.1017],[83.0344,27.0959],[82.9474,27.0207],[82.8812,27.0349],[82.8069,26.8433],[82.942,26.7321],[82.951,26.673],[82.8247,26.5698]]]},"properties":{"name":"Sant Kabir Nagar"}},
{"type":"Feature","geometry":{"type":"Polygon","coordinates":[[[81.5502,25.2902],[81.6614,25.38],[81.6735,25.4988],[81.6145,25.593],[81.4706,25.6327],[81.369,25.7122],[81.4029,25.7424],[81.337,25.8103],[81.2014,25.7195],[81.2261,25.5951],[81.2632,25.5444],[81.1928,25.4526],[81.1517,25.3972],[81.2578,25.3339],[81.3432,25.3468],[81.3894,25.2721],[81.4605,25.2589],[81.5502,25.2902]]]},"properties":{"name":"Kaushambi"}},
{"type":"Feature","geometry":{"type":"Polygon","coordinates":[[[78.9358,25.9502],[79.0294,25.9416],[79.1183,25.8246],[79.3205,25.7697],[79.3984,25.7964],[79.4451,25.7883],[79.5084,25.8565],[79.6992,25.9455],[79.8211,25.8973],[79.9548,26.007],[79.9219,26.0909],[79.7872,26.1086],[79.7306,26.1843],[79.6526,26.2424],[79.5495,26.2753],[79.5041,26.3639],[79.4825,26.425],[79.3421,26.4015],[79.2931,26.4425],[79.2333,26.4278],[79.1358,26.4393],[79.0897,26.4],[79.1255,26.3481],[79.011,26.1914],[78.9513,26.1338],[79.0117,26.0765],[78.9528,26.0316],[78.9358,25.9502]]]},"properties":{"name":"Jalaun"}},
{"type":"Feature","geometry":{"type":"Polygon","coordinates":[[[82.672,25.2484],[82.817,25.2574],[82.8099,25.1885],[82.9188,25.2133],[82.9881,25.2028],[83.0341,25.2417],[83.0901,25.3303],[83.1761,25.3532],[83.1908,25.4192],[83.1307,25.4442],[83.1796,25.5105],[83.0891,25.4919],[83.0723,25.5509],[83.0217,25.5756],[82.7345,25.5457],[82.6937,25.3947],[82.672,25.2484]]]},"properties":{"name":"Varanasi"}},
{"type":"Feature","geometry":{"type":"Polygon","coordinates":[[[82.0538,26.0594],[81.787,26.0264],[81.7705,26.068],[81.6196,26.1784],[81.5413,26.119],[81.5718,25.9734],[81.4478,25.9371],[81.3353,25.8702],[81.337,25.8103],[81.4029,25.7424],[81.369,25.7122],[81.4706,25.6327],[81.6145,25.593],[81.751,25.6687],[81.7549,25.7337],[81.9079,25.7123],[82.0212,25.7433],[82.0281,25.6963],[82.1107,25.6542],[82.1561,25.6793],[82.1968,25.7395],[82.1786,25.8249],[82.2586,25.8337],[82.3467,25.9151],[82.3686,25.9792],[82.4323,26.009],[82.2479,26.0571],[82.1868,26.0413],[82.1063,26.0748],[82.0538,26.0594]]]},"properties":{"name":"Pratapgarh"}},
{"type":"Feature","geometry":{"type":"Polygon","coordinates":[[[79.9687,26.1522],[79.9219,26.0909],[79.9548,26.007],[79.8211,25.8973],[79.6992,25.9455],[79.5084,25.8565],[79.4451,25.7883],[79.3984,25.7964],[79.362,25.6466],[79.4108,25.5453],[79.3894,25.522],[79.5354,25.4834],[79.6427,25.4844],[79.6604,25.5419],[79.7439,25.5469],[79.8277,25.5916],[79.9755,25.595],[80.0201,25.5383],[80.1943,25.466],[80.2148,25.5544],[80.3176,25.6452],[80.3478,25.7168],[80.2626,25.8058],[80.3505,25.8989],[80.2371,25.9226],[80.0852,25.9987],[80.0956,26.078],[79.9698,26.0709],[79.9687,26.1522]]]},"properties":{"name":"Hamirpur"}},
{"type":"Feature","geometry":{"type":"Polygon","coordinates":[[[81.5082,27.0591],[81.8049,26.8638],[81.9774,26.7786],[82.0397,26.8067],[82.1855,26.8315],[82.225,26.8074],[82.2437,26.9346],[82.3212,26.9758],[82.4873,26.9052],[82.5904,27.0016],[82.5675,27.0754],[82.4797,27.1561],[82.4118,27.0782],[82.3389,27.0539],[82.2174,27.1789],[82.2792,27.2753],[82.1164,27.37],[82.0775,27.4106],[81.9804,27.4372],[81.9329,27.4205],[81.9216,27.3306],[81.8364,27.2793],[81.7326,27.3305],[81.6703,27.2388],[81.6326,27.1377],[81.5701,27.1235],[81.5082,27.0591]]]},"properties":{"name":"Gonda"}},
{"type":"Feature","geometry":{"type":"Polygon","coordinates":[[[79.7595,26.7834],[79.7218,26.7511],[79.7236,26.6656],[79.6428,26.6063],[79.6398,26.5081],[79.5041,26.3639],[79.5495,26.2753],[79.6526,26.2424],[79.7306,26.1843],[79.7872,26.1086],[79.9219,26.0909],[79.9687,26.1522],[80.0136,26.2523],[80.1826,26.3118],[80.1459,26.3556],[80.1416,26.439],[80.1836,26.4961],[80.099,26.5876],[80.0275,26.6067],[79.9426,26.7962],[79.897,26.8234],[79.8471,26.7748],[79.7595,26.7834]]]},"properties":{"name":"Kanpur Dehat"}},
{"type":"Feature","geometry":{"type":"Polygon","coordinates":[[[82.4323,26.009],[82.3686,25.9792],[82.3467,25.9151],[82.2586,25.8337],[82.1786,25.8249],[82.1968,25.7395],[82.1561,25.6793],[82.1211,25.6436],[82.1827,25.5815],[82.2524,25.5797],[82.3304,25.5362],[82.5031,25.4748],[82.5149,25.4419],[82.6937,25.3947],[82.7345,25.5457],[83.0217,25.5756],[83.0723,25.5509],[83.0672,25.6516],[83.0043,25.7084],[82.9459,25.7044],[82.8991,25.7729],[82.8355,25.7663],[82.7867,25.8253],[82.6808,26.1068],[82.6823,26.1514],[82.6009,26.1962],[82.5666,26.1416],[82.445,26.1328],[82.4848,26.0011],[82.4323,26.009]]]},"properties":{"name":"Jaunpur"}},
{"type":"Feature","geometry":{"type":"Polygon","coordinates":[[[81.4125,27.3366],[81.3772,27.2696],[81.3209,27.2735],[81.2972,27.3371],[81.1838,27.2462],[81.1188,27.2746],[81.0775,27.228],[80.9707,27.2401],[80.9295,27.159],[81.0123,27.1406],[81.0002,27.0001],[81.1571,26.8138],[81.2192,26.7062],[81.1662,26.5926],[81.1906,26.6046],[81.3442,26.5441],[81.3834,26.5871],[81.5362,26.5411],[81.5608,26.6419],[81.6006,26.7008],[81.5626,26.7672],[81.7526,26.8662],[81.8049,26.8638],[81.5082,27.0591],[81.4524,27.1219],[81.4125,27.3366]]]},"properties":{"name":"Bara Banki"}},
{"type":"Feature","geometry":{"type":"Polygon","coordinates":[[[80.1045,25.3472],[80.1943,25.466],[80.0201,25.5383],[79.9755,25.595],[79.8277,25.5916],[79.7439,25.5469],[79.6604,25.5419],[79.6427,25.4844],[79.5354,25.4834],[79.3894,25.522],[79.3,25.3762],[79.2853,25.3204],[79.3722,25.2568],[79.4422,25.2372],[79.3915,25.162],[79.3942,25.1141],[79.49,25.0766],[79.5619,25.1668],[79.6751,25.1178],[79.7593,25.1333],[79.8259,25.1056],[79.8685,25.1379],[79.8801,25.2484],[80.0051,25.2645],[80.0358,25.3396],[80.1045,25.3472]]]},"properties":{"name":"Mahoba"}},
{"type":"Feature","geometry":{"type":"Polygon","coordinates":[[[83.8628,27.3467],[83.615,27.4695],[83.3889,27.4797],[83.4056,27.4189],[83.3525,27.34],[83.2924,27.3366],[83.1674,27.2177],[83.1301,27.1414],[83.1777,27.0876],[83.3227,27.0535],[83.3313,26.981],[83.4469,26.9752],[83.5446,26.8805],[83.5715,26.9328],[83.7285,26.9533],[83.7599,27.0855],[83.8055,27.1169],[83.8434,27.2478],[83.9079,27.2758],[83.8628,27.3467]]]},"properties":{"name":"Mahrajganj"}},
{"type":"Feature","geometry":{"type":"Polygon","coordinates":[[[82.3016,24.604],[82.3938,24.5955],[82.4302,24.6998],[82.525,24.6734],[82.55,24.6949],[82.5475,24.8081],[82.5829,24.8305],[82.6592,24.7849],[82.8253,24.8547],[82.9551,24.8394],[83.0007,24.9043],[83.0713,24.9235],[83.0704,25.0674],[83.1314,25.061],[83.1692,25.1869],[83.0341,25.2417],[82.9881,25.2028],[82.9188,25.2133],[82.8099,25.1885],[82.817,25.2574],[82.672,25.2484],[82.5392,25.239],[82.4016,25.2598],[82.3608,25.2143],[82.2947,25.2742],[82.269,25.1824],[82.3275,25.0759],[82.3068,25.022],[82.1691,24.8908],[82.1083,24.8075],[82.2135,24.7841],[82.3056,24.6513],[82.3016,24.604]]]},"properties":{"name":"Mirzapur"}},
{"type":"Feature","geometry":{"type":"Polygon","coordinates":[[[83.9079,27.2758],[83.8434,27.2478],[83.8055,27.1169],[83.7599,27.0855],[83.7285,26.9533],[83.5715,26.9328],[83.5446,26.8805],[83.6201,26.7533],[83.6316,26.6571],[83.6832,26.7001],[83.7916,26.7072],[83.8744,26.7476],[83.9068,26.6912],[84.0578,26.5479],[84.0938,26.608],[84.1611,26.636],[84.2812,26.597],[84.4193,26.6312],[84.3347,26.6818],[84.2379,26.8672],[84.1402,26.8527],[84.0614,26.8889],[84.0338,27.0418],[83.9481,27.108],[83.9949,27.1787],[83.9079,27.2758]]]},"properties":{"name":"Kushinagar"}},
{"type":"Feature","geometry":{"type":"Polygon","coordinates":[[[84.0578,26.5479],[83.9068,26.6912],[83.8744,26.7476],[83.7916,26.7072],[83.6832,26.7001],[83.6316,26.6571],[83.6019,26.5147],[83.5004,26.4943],[83.4796,26.4618],[83.5348,26.3841],[83.6673,26.314],[83.6346,26.2231],[83.7417,26.2625],[83.811,26.1908],[83.8985,26.1272],[84.0577,26.0975],[84.0118,26.176],[84.1661,26.2587],[84.1786,26.3614],[84.0704,26.3877],[84.0246,26.4394],[83.9113,26.4477],[83.9159,26.5042],[84.0578,26.5479]]]},"properties":{"name":"Deoria"}},
{"type":"Feature","geometry":{"type":"Polygon","coordinates":[[[80.052,26.9191],[80.1072,26.8717],[80.1334,26.7429],[80.2335,26.6874],[80.3043,26.6058],[80.2968,26.5478],[80.3482,26.4858],[80.5336,26.3577],[80.5673,26.2268],[80.6147,26.1517],[80.6764,26.1214],[80.732,26.1763],[80.8195,26.2128],[80.888,26.292],[80.8322,26.3491],[81.0382,26.3753],[80.9849,26.4734],[81.0002,26.5351],[80.8922,26.598],[80.8431,26.6631],[80.6994,26.6889],[80.6811,26.8607],[80.6277,26.8888],[80.6004,26.984],[80.5608,27.0109],[80.3846,26.9304],[80.3394,26.9485],[80.3051,27.025],[80.1745,26.9587],[80.1091,26.9918],[80.052,26.9191]]]},"properties":{"name":"Unnao"}},
{"type":"Feature","geometry":{"type":"Polygon","coordinates":[[[81.1928,25.4526],[81.2632,25.5444],[81.2261,25.5951],[81.2014,25.7195],[81.337,25.8103],[81.2337,25.8612],[81.2028,25.9352],[81.1166,25.955],[81.0413,26.0475],[80.9404,26.0658],[80.8266,26.0306],[80.6764,26.1214],[80.6147,26.1517],[80.5673,26.2268],[80.5214,26.1882],[80.3247,26.1136],[80.2634,26.0485],[80.2371,25.9226],[80.3505,25.8989],[80.4572,25.8987],[80.5569,25.8623],[80.4726,25.8063],[80.6,25.7077],[80.7202,25.6809],[80.7967,25.696],[80.9369,25.6873],[80.9481,25.621],[81.0198,25.633],[81.0224,25.5444],[81.1916,25.4877],[81.1928,25.4526]]]},"properties":{"name":"Fatehpur"}},
{"type":"Feature","geometry":{"type":"Polygon","coordinates":[[[83.51,26.278],[83.4488,26.1296],[83.3494,26.0342],[83.3333,25.8473],[83.3555,25.8133],[83.5874,25.8793],[83.7325,25.8564],[83.7984,25.9228],[83.7764,26.0007],[83.6892,26.0097],[83.6822,26.071],[83.7953,26.1079],[83.811,26.1908],[83.7417,26.2625],[83.6346,26.2231],[83.51,26.278]]]},"properties":{"name":"Mau"}},
{"type":"Feature","geometry":{"type":"Polygon","coordinates":[[[81.0002,26.5351],[80.9849,26.4734],[81.0382,26.3753],[80.8322,26.3491],[80.888,26.292],[80.8195,26.2128],[80.732,26.1763],[80.6764,26.1214],[80.8266,26.0306],[80.9404,26.0658],[81.0413,26.0475],[81.1166,25.955],[81.2028,25.9352],[81.2337,25.8612],[81.337,25.8103],[81.3353,25.8702],[81.4478,25.9371],[81.5718,25.9734],[81.5413,26.119],[81.6196,26.1784],[81.6122,26.2198],[81.4457,26.1942],[81.367,26.2189],[81.4308,26.3118],[81.3442,26.5441],[81.1906,26.6046],[81.1662,26.5926],[81.0514,26.502],[81.0002,26.5351]]]},"properties":{"name":"Rae Bareli"}},
{"type":"Feature","geometry":{"type":"Polygon","coordinates":[[[81.9276,26.5115],[81.7343,26.5432],[81.5608,26.6419],[81.5362,26.5411],[81.3834,26.5871],[81.3442,26.5441],[81.4308,26.3118],[81.367,26.2189],[81.4457,26.1942],[81.6122,26.2198],[81.6196,26.1784],[81.7705,26.068],[81.787,26.0264],[82.0538,26.0594],[82.0761,26.0878],[82.0265,26.1687],[81.9259,26.2195],[81.8372,26.3096],[81.879,26.3782],[81.9489,26.4141],[81.9276,26.5115]]]},"properties":{"name":"Amethi"}},
{"type":"Feature","geometry":{"type":"Polygon","coordinates":[[[77.7041,28.7388],[77.6938,28.8749],[77.5947,28.8785],[77.4622,28.9203],[77.4247,28.88],[77.4085,28.7764],[77.3083,28.7911],[77.2203,28.8301],[77.2073,28.7886],[77.2076,28.7885],[77.2959,28.7046],[77.3238,28.6762],[77.3304,28.6312],[77.5412,28.6152],[77.5379,28.662],[77.6244,28.7179],[77.7041,28.7388]]]},"properties":{"name":"Ghaziabad"}},
{"type":"Feature","geometry":{"type":"Polygon","coordinates":[[[77.8245,29.6682],[77.7447,29.6037],[77.6671,29.574],[77.601,29.6223],[77.4895,29.6323],[77.4243,29.3857],[77.4396,29.3584],[77.3254,29.2537],[77.4113,29.2449],[77.5081,29.19],[77.5898,29.2558],[77.6658,29.2499],[77.8045,29.1803],[77.8694,29.2223],[77.9272,29.2085],[78.0378,29.2617],[78.1377,29.2533],[78.0659,29.4018],[77.9941,29.4931],[78.0222,29.5556],[77.9871,29.6572],[77.9435,29.708],[77.8245,29.6682]]]},"properties":{"name":"Muzaffarnagar"}},
{"type":"Feature","geometry":{"type":"Polygon","coordinates":[[[77.4838,28.0782],[77.6745,28.1084],[77.6863,28.1601],[77.6147,28.3007],[77.6462,28.383],[77.6202,28.4336],[77.6986,28.5448],[77.6785,28.5759],[77.5412,28.6152],[77.3304,28.6312],[77.2992,28.5753],[77.3435,28.5147],[77.4782,28.4189],[77.5057,28.3624],[77.5057,28.2506],[77.5502,28.1793],[77.4838,28.0782]]]},"properties":{"name":"Gautam Buddha Nagar"}},
{"type":"Feature","geometry":{"type":"Polygon","coordinates":[[[77.5884,30.3776],[77.5835,30.3072],[77.4812,30.184],[77.4355,30.1638],[77.4068,30.0877],[77.2973,30.0529],[77.2302,29.9395],[77.1236,29.7504],[77.1502,29.689],[77.3006,29.6705],[77.3424,29.6449],[77.454,29.6709],[77.4895,29.6323],[77.601,29.6223],[77.6671,29.574],[77.7447,29.6037],[77.8245,29.6682],[77.717,29.8808],[77.7494,29.977],[77.9634,30.2389],[77.8492,30.2677],[77.7237,30.3266],[77.65,30.4008],[77.5807,30.3948],[77.5884,30.3776]]]},"properties":{"name":"Saharanpur"}},
{"type":"Feature","geometry":{"type":"Polygon","coordinates":[[[79.1358,26.4393],[79.2333,26.4278],[79.2889,26.4824],[79.2328,26.5397],[79.2597,26.619],[79.3164,26.652],[79.3378,26.9384],[79.3276,26.9605],[79.1932,27.0006],[79.0804,26.9981],[79.0303,26.9692],[78.831,26.9824],[78.749,26.9139],[78.852,26.8095],[78.7799,26.7585],[78.8746,26.6981],[79.0096,26.6711],[78.9912,26.5886],[79.0734,26.4813],[79.1358,26.4393]]]},"properties":{"name":"Etawah"}},
{"type":"Feature","geometry":{"type":"Polygon","coordinates":[[[78.5485,26.7644],[78.685,26.788],[78.7799,26.7585],[78.852,26.8095],[78.749,26.9139],[78.5935,26.925],[78.5737,26.963],[78.4877,26.9661],[78.4221,27.0501],[78.3647,27.0793],[78.2426,27.072],[78.2092,27.1051],[78.2226,27.2991],[78.2865,27.3128],[78.2974,27.3823],[78.1985,27.4028],[78.1372,27.3648],[78.0827,27.392],[77.9909,27.2838],[77.9511,27.2828],[77.848,27.2881],[77.7812,27.2335],[77.6482,27.2414],[77.6636,27.1699],[77.5532,27.11],[77.6075,27.0232],[77.7123,26.9946],[77.5883,26.9253],[77.4909,26.8982],[77.4258,26.8373],[77.4565,26.7412],[77.5291,26.8164],[77.617,26.8289],[77.7245,26.8757],[77.7738,26.9323],[77.8802,26.8998],[78.0511,26.9097],[78.1483,26.9506],[78.2418,26.9279],[78.2188,26.8305],[78.3714,26.8655],[78.3921,26.8208],[78.5485,26.7644]]]},"properties":{"name":"Agra"}},
{"type":"Feature","geometry":{"type":"Polygon","coordinates":[[[79.7081,11.8886],[79.69,11.8039],[79.6753,11.8077],[79.4561,11.8712],[79.4409,11.7836],[79.4455,11.6652],[79.3833,11.6799],[79.2977,11.6355],[79.2117,11.6353],[79.1854,11.5876],[79.1178,11.5993],[78.9219,11.5569],[78.8763,11.5062],[78.9655,11.4023],[79.1085,11.4024],[79.1455,11.3854],[79.1774,11.3746],[79.3705,11.4204],[79.4992,11.3048],[79.5143,11.2275],[79.4603,11.1505],[79.5256,11.1832],[79.5994,11.2187],[79.6441,11.284],[79.8135,11.4191],[79.7601,11.5485],[79.7612,11.6212],[79.7969,11.7889],[79.8073,11.8313],[79.809,11.8368],[79.7081,11.8886]]]},"properties":{"name":"Cuddalore"}},
{"type":"Feature","geometry":{"type":"Polygon","coordinates":[[[78.991,9.9466],[79.0466,9.8612],[79.1146,9.8475],[79.1545,9.9317],[79.267,10.0377],[79.2297,10.1415],[79.1666,10.1639],[79.1177,10.2381],[79.1501,10.344],[79.1325,10.4271],[79.1527,10.5295],[79.1926,10.562],[79.1284,10.6346],[78.9842,10.684],[78.9089,10.6722],[78.8719,10.7072],[78.7599,10.6643],[78.6896,10.7328],[78.5961,10.6578],[78.5262,10.6744],[78.4571,10.6082],[78.4989,10.4855],[78.4997,10.3876],[78.5258,10.2571],[78.6278,10.2674],[78.7087,10.1749],[78.8112,10.2127],[78.8175,10.1704],[78.9288,10.1156],[78.9405,10.0146],[78.991,9.9466]]]},"properties":{"name":"Pudukkottai"}},
{"type":"Feature","geometry":{"type":"Polygon","coordinates":[[[78.5949,12.7869],[78.6625,12.7225],[78.7841,12.8524],[78.8976,12.8638],[78.9078,12.7773],[78.7732,12.681],[78.8593,12.6277],[78.8988,12.6886],[78.9813,12.6671],[79.0755,12.7528],[79.2104,12.779],[79.2094,12.784],[79.1836,12.8197],[79.1812,12.9187],[79.2644,13.0145],[79.1869,13.0373],[79.1654,13.0202],[78.9919,13.0889],[78.8129,13.0876],[78.7144,13.068],[78.6322,12.9857],[78.6377,12.931],[78.5949,12.7869]]]},"properties":{"name":"Vellore"}},
{"type":"Feature","geometry":{"type":"Polygon","coordinates":[[[80.1901,13.0264],[80.1977,13.0285],[80.2667,12.9726],[80.3038,13.1423],[80.2033,13.1269],[80.1901,13.0264]]]},"properties":{"name":"Chennai"}},
{"type":"Feature","geometry":{"type":"Polygon","coordinates":[[[79.8061,10.9029],[79.7373,10.9354],[79.6823,10.9215],[79.6568,10.8358],[79.7109,10.7876],[79.668,10.6558],[79.6488,10.3174],[79.7765,10.2727],[79.8839,10.3056],[79.8648,10.4412],[79.8522,10.8247],[79.8061,10.9029]]]},"properties":{"name":"Nagapattinam"}},
{"type":"Feature","geometry":{"type":"Polygon","coordinates":[[[79.8405,11.9562],[79.8623,12.0171],[79.886,12.0646],[80.0094,12.2558],[79.9005,12.2304],[79.7837,12.3412],[79.6856,12.3173],[79.6452,12.3463],[79.4503,12.3791],[79.4025,12.4357],[79.2483,12.4466],[79.2577,12.2747],[79.2146,12.1671],[79.271,12.1288],[79.2358,12.063],[79.1676,12.0327],[78.9951,12.0521],[79.1356,11.9702],[79.2137,11.9755],[79.2865,11.9421],[79.3017,11.8277],[79.4409,11.7836],[79.4561,11.8712],[79.6753,11.8077],[79.69,11.8039],[79.7081,11.8886],[79.7572,11.9468],[79.8405,11.9562]]]},"properties":{"name":"Viluppuram"}},
{"type":"Feature","geometry":{"type":"Polygon","coordinates":[[[79.6452,12.3463],[79.6856,12.3173],[79.7837,12.3412],[79.9005,12.2304],[80.0094,12.2558],[80.1552,12.4621],[80.1673,12.5285],[80.2553,12.7819],[80.2667,12.9726],[80.1977,13.0285],[80.1223,12.9834],[80.0548,12.8794],[80.0518,12.8334],[79.9531,12.7853],[79.9064,12.793],[79.9266,12.6385],[79.8137,12.6122],[79.7475,12.5311],[79.7362,12.4289],[79.6452,12.3463]]]},"properties":{"name":"Kancheepuram"}},
{"type":"Feature","geometry":{"type":"Polygon","coordinates":[[[77.0964,8.2905],[77.2982,8.1429],[77.4488,8.0936],[77.5508,8.0776],[77.592,8.1428],[77.545,8.2101],[77.5674,8.2817],[77.5456,8.3938],[77.4934,8.3817],[77.4482,8.4996],[77.271,8.5808],[77.2672,8.5111],[77.1418,8.3321],[77.0964,8.2905]]]},"properties":{"name":"Kanniyakumari"}},
{"type":"Feature","geometry":{"type":"Polygon","coordinates":[[[78.2833,9.2765],[78.226,9.2973],[78.1707,9.3693],[78.0436,9.3648],[78.0459,9.3059],[77.958,9.2509],[77.7733,9.2376],[77.7436,9.2674],[77.6795,9.1062],[77.7243,9.0017],[77.7025,8.9269],[77.7632,8.9244],[77.8411,8.8164],[77.784,8.5831],[77.8136,8.5702],[77.8509,8.3639],[77.893,8.3254],[77.9776,8.3358],[78.0678,8.3729],[78.0725,8.4291],[78.1305,8.4966],[78.1374,8.6917],[78.1616,8.7333],[78.1681,8.875],[78.2164,8.9666],[78.3902,9.0961],[78.2767,9.1423],[78.2833,9.2765]]]},"properties":{"name":"Thoothukkudi"}},
{"type":"Feature","geometry":{"type":"Polygon","coordinates":[[[82.1083,24.8075],[82.1691,24.8908],[82.3068,25.022],[82.3275,25.0759],[82.269,25.1824],[82.2049,25.1906],[82.2217,25.2736],[82.3193,25.3406],[82.3107,25.4613],[82.3304,25.5362],[82.2524,25.5797],[82.1827,25.5815],[82.1211,25.6436],[82.1561,25.6793],[82.1107,25.6542],[82.0281,25.6963],[82.0212,25.7433],[81.9079,25.7123],[81.7549,25.7337],[81.751,25.6687],[81.6145,25.593],[81.6735,25.4988],[81.6614,25.38],[81.5502,25.2902],[81.5433,25.1832],[81.5718,25.1892],[81.6559,25.067],[81.7929,25.0019],[81.9096,24.9775],[81.9096,24.8787],[81.9459,24.8386],[82.0132,24.8482],[82.1083,24.8075]]]},"properties":{"name":"Allahabad"}},
{"type":"Feature","geometry":{"type":"Polygon","coordinates":[[[83.5429,25.3134],[83.5045,25.4065],[83.4136,25.4871],[83.3402,25.4636],[83.2841,25.507],[83.1796,25.5105],[83.1307,25.4442],[83.1908,25.4192],[83.1761,25.3532],[83.0901,25.3303],[83.0341,25.2417],[83.1692,25.1869],[83.1314,25.061],[83.0704,25.0674],[83.0713,24.9235],[83.0899,24.7798],[83.187,24.7148],[83.2888,24.7295],[83.3948,24.7829],[83.3316,25.0464],[83.3607,25.1501],[83.4175,25.2475],[83.4685,25.2502],[83.5429,25.3134]]]},"properties":{"name":"Chandauli"}},
{"type":"Feature","geometry":{"type":"Polygon","coordinates":[[[79.2853,25.3204],[79.3,25.3762],[79.3894,25.522],[79.4108,25.5453],[79.362,25.6466],[79.3984,25.7964],[79.3205,25.7697],[79.1183,25.8246],[79.0294,25.9416],[78.9358,25.9502],[78.8847,25.9104],[78.8492,25.8154],[78.7688,25.7156],[78.8194,25.6694],[78.8026,25.6125],[78.6849,25.589],[78.6565,25.5606],[78.4447,25.5593],[78.4271,25.4855],[78.3037,25.36],[78.3619,25.2412],[78.4503,25.124],[78.5585,25.212],[78.5284,25.2831],[78.6065,25.4108],[78.7262,25.3411],[78.7732,25.4251],[78.734,25.4556],[78.9355,25.5521],[78.946,25.4802],[78.8234,25.3088],[78.8865,25.1549],[78.9559,25.2163],[79.0746,25.1676],[79.1459,25.1122],[79.2851,25.1144],[79.3254,25.1468],[79.27,25.263],[79.2853,25.3204]]]},"properties":{"name":"Jhansi"}},
{"type":"Feature","geometry":{"type":"Polygon","coordinates":[[[80.4766,24.9707],[80.5517,24.9989],[80.5547,25.0598],[80.6126,25.0919],[80.7228,25.064],[80.6889,25.1308],[80.7675,25.2056],[80.7802,25.3301],[80.8646,25.3743],[80.9439,25.4695],[81.027,25.504],[81.0224,25.5444],[81.0198,25.633],[80.9481,25.621],[80.9369,25.6873],[80.7967,25.696],[80.7202,25.6809],[80.6,25.7077],[80.4726,25.8063],[80.5569,25.8623],[80.4572,25.8987],[80.3505,25.8989],[80.2626,25.8058],[80.3478,25.7168],[80.3176,25.6452],[80.2148,25.5544],[80.1943,25.466],[80.1045,25.3472],[80.1993,25.4013],[80.3177,25.3851],[80.3229,25.308],[80.4336,25.175],[80.3569,25.1362],[80.3534,25.0546],[80.2756,25.0233],[80.3224,24.9996],[80.3942,25.0612],[80.4766,24.9707]]]},"properties":{"name":"Banda"}},
{"type":"Feature","geometry":{"type":"Polygon","coordinates":[[[82.8053,23.961],[82.9613,23.8723],[83.135,23.8896],[83.1972,23.9207],[83.2237,23.989],[83.2856,24.024],[83.3312,24.1008],[83.442,24.3468],[83.3892,24.4547],[83.4008,24.5003],[83.5053,24.5283],[83.5226,24.5473],[83.5211,24.6778],[83.3948,24.7829],[83.2888,24.7295],[83.187,24.7148],[83.0899,24.7798],[83.0713,24.9235],[83.0007,24.9043],[82.9551,24.8394],[82.8253,24.8547],[82.6592,24.7849],[82.5829,24.8305],[82.5475,24.8081],[82.55,24.6949],[82.525,24.6734],[82.5421,24.6453],[82.6661,24.6986],[82.7298,24.6327],[82.776,24.6392],[82.8092,24.5463],[82.7236,24.5527],[82.7347,24.4257],[82.7724,24.3463],[82.7461,24.1629],[82.6668,24.1208],[82.7687,24.0476],[82.8053,23.961]]]},"properties":{"name":"Sonbhadra"}},
{"type":"Feature","geometry":{"type":"Polygon","coordinates":[[[78.2675,24.4495],[78.3692,24.3739],[78.3326,24.3254],[78.3923,24.2689],[78.4415,24.2935],[78.5067,24.3901],[78.5853,24.3529],[78.6242,24.292],[78.7057,24.2305],[78.7595,24.2397],[78.7915,24.1812],[78.8652,24.2096],[78.974,24.3497],[78.9925,24.4178],[78.9878,24.4428],[78.9516,24.5468],[78.889,24.6354],[78.7773,24.5868],[78.7472,24.6556],[78.7796,24.6997],[78.7718,24.8568],[78.6783,24.8964],[78.6383,24.9566],[78.647,25.0614],[78.5585,25.212],[78.4503,25.124],[78.3399,25.0884],[78.3347,24.9948],[78.1716,24.8664],[78.1749,24.8425],[78.2193,24.8068],[78.2748,24.6651],[78.2675,24.4495]]]},"properties":{"name":"Lalitpur"}},
{"type":"Feature","geometry":{"type":"Polygon","coordinates":[[[83.9293,25.56],[83.9227,25.6334],[83.9554,25.7461],[83.8193,25.7831],[83.7325,25.8564],[83.5874,25.8793],[83.3555,25.8133],[83.221,25.7491],[83.1482,25.6534],[83.0672,25.6516],[83.0723,25.5509],[83.0891,25.4919],[83.1796,25.5105],[83.2841,25.507],[83.3402,25.4636],[83.4136,25.4871],[83.5045,25.4065],[83.5429,25.3134],[83.6283,25.3269],[83.7177,25.3935],[83.762,25.389],[83.8416,25.4485],[83.9293,25.56]]]},"properties":{"name":"Ghazipur"}},
{"type":"Feature","geometry":{"type":"Polygon","coordinates":[[[78.2322,12.7638],[78.132,12.781],[78.0331,12.8519],[77.9438,12.8234],[77.8929,12.8687],[77.8361,12.8692],[77.8203,12.8532],[77.7608,12.6975],[77.6783,12.6607],[77.5995,12.6582],[77.589,12.5171],[77.6359,12.4874],[77.6147,12.364],[77.4737,12.2458],[77.5223,12.1941],[77.6076,12.2065],[77.7507,12.1586],[77.872,12.2819],[77.8832,12.3613],[77.9576,12.3879],[77.981,12.5424],[78.1439,12.4561],[78.1701,12.35],[78.2379,12.3373],[78.2545,12.2691],[78.3324,12.2621],[78.3948,12.1983],[78.4572,12.1748],[78.6351,12.1771],[78.6527,12.2589],[78.6177,12.3385],[78.5165,12.4056],[78.437,12.3974],[78.4097,12.6253],[78.3804,12.6235],[78.2391,12.7005],[78.2322,12.7638]]]},"properties":{"name":"Krishnagiri"}},
{"type":"Feature","geometry":{"type":"Polygon","coordinates":[[[76.8475,11.5836],[76.9412,11.5771],[77.0081,11.5448],[76.9603,11.3791],[77.0492,11.4017],[77.1503,11.334],[77.2208,11.3381],[77.3342,11.3103],[77.4502,11.3048],[77.519,11.2045],[77.4781,11.1775],[77.5183,11.1078],[77.6271,11.1214],[77.7769,11.0555],[77.867,11.0226],[77.9328,11.0687],[77.8902,11.081],[77.8629,11.2456],[77.809,11.2659],[77.6841,11.4204],[77.6969,11.4596],[77.7342,11.512],[77.7406,11.6102],[77.6916,11.6601],[77.7232,11.7932],[77.6695,11.8221],[77.6765,11.9504],[77.5356,11.9323],[77.4653,11.9008],[77.4422,11.7827],[77.2527,11.8123],[77.1246,11.7714],[77.107,11.7327],[77.0147,11.8124],[76.9097,11.7924],[76.8398,11.6384],[76.8475,11.5836]]]},"properties":{"name":"Erode"}},
{"type":"Feature","geometry":{"type":"Polygon","coordinates":[[[77.0536,10.2617],[77.0957,10.3096],[77.0535,10.4094],[77.0917,10.5854],[77.166,10.5897],[77.1341,10.7555],[77.1698,10.8025],[77.2752,10.7887],[77.2906,10.8549],[77.256,10.901],[77.1796,10.9253],[77.1556,10.9969],[77.1662,11.0681],[77.241,11.1095],[77.1638,11.1741],[77.1503,11.334],[77.0492,11.4017],[76.9603,11.3791],[76.8575,11.3452],[76.7075,11.2403],[76.6967,11.1666],[76.7516,11.119],[76.6584,10.9379],[76.7442,10.8901],[76.8293,10.8711],[76.9098,10.7803],[76.8851,10.6389],[76.8422,10.5944],[76.8303,10.4478],[76.8393,10.3377],[76.9054,10.2526],[76.9954,10.2296],[77.0536,10.2617]]]},"properties":{"name":"Coimbatore"}},
{"type":"Feature","geometry":{"type":"Polygon","coordinates":[[[76.7075,11.2403],[76.8575,11.3452],[76.9603,11.3791],[77.0081,11.5448],[76.9412,11.5771],[76.8475,11.5836],[76.7613,11.6156],[76.4669,11.6152],[76.4321,11.6675],[76.43,11.6333],[76.2414,11.5266],[76.2664,11.4812],[76.3704,11.4561],[76.4577,11.3898],[76.5479,11.3601],[76.5234,11.2705],[76.4477,11.2029],[76.6036,11.2062],[76.7075,11.2403]]]},"properties":{"name":"The Nilgiris"}},
{"type":"Feature","geometry":{"type":"Polygon","coordinates":[[[75.6869,23.7572],[75.6899,23.8158],[75.8563,23.8906],[75.979,23.9293],[75.9634,24.0217],[76.0468,24.0702],[76.1383,24.0915],[76.1271,24.2015],[76.2194,24.2129],[76.3571,24.2449],[76.4186,24.2034],[76.4677,24.2249],[76.5216,24.1626],[76.6209,24.2587],[76.7071,24.2447],[76.6787,24.1893],[76.7956,24.1217],[76.882,24.1321],[76.9488,24.1947],[76.8748,24.2724],[76.8419,24.3565],[76.8462,24.4385],[76.7576,24.4487],[76.7063,24.4083],[76.6367,24.4143],[76.5377,24.5143],[76.5321,24.6626],[76.4798,24.6646],[76.4439,24.7832],[76.4455,24.8308],[76.3661,24.8713],[76.2282,24.8322],[76.1839,24.6646],[76.0695,24.6758],[76.0825,24.5768],[75.9243,24.5399],[75.907,24.4423],[75.7391,24.3997],[75.7683,24.307],[75.8163,24.2969],[75.7465,24.136],[75.7826,24.0585],[75.7649,23.9944],[75.7031,23.9656],[75.5168,24.0453],[75.467,23.9774],[75.4624,23.9145],[75.5629,23.8566],[75.5598,23.8181],[75.6543,23.7986],[75.6869,23.7572]]]},"properties":{"name":"Jhalawar"}},
{"type":"Feature","geometry":{"type":"Polygon","coordinates":[[[76.8537,28.2206],[76.7959,28.1484],[76.7164,28.1278],[76.5645,27.9659],[76.4976,28.0538],[76.4765,28.1485],[76.4016,28.145],[76.3124,28.178],[76.335,28.1334],[76.3226,28.0158],[76.2618,28.0675],[76.1914,28.0563],[76.1594,27.9871],[76.17,27.9033],[76.2269,27.8332],[76.2605,27.7],[76.2034,27.6221],[76.2479,27.4884],[76.2348,27.4176],[76.1255,27.2381],[76.2138,27.1254],[76.2892,27.0872],[76.3651,27.0562],[76.4339,27.1332],[76.4951,27.1136],[76.6221,27.1773],[76.6444,27.0948],[76.7092,27.1157],[76.8084,27.105],[76.9017,27.1628],[76.9656,27.1461],[77.0972,27.1715],[77.1415,27.3463],[77.0464,27.3771],[77.0267,27.4964],[77.0647,27.5282],[76.9371,27.6124],[76.9789,27.6541],[76.899,27.6778],[76.903,27.7753],[76.9437,27.8536],[76.9315,27.953],[76.9662,28.1285],[76.8537,28.2206]]]},"properties":{"name":"Alwar"}},
{"type":"Feature","geometry":{"type":"Polygon","coordinates":[[[77.3097,25.0794],[77.393,25.1172],[77.4129,25.2214],[77.3561,25.2669],[77.2764,25.4041],[77.2238,25.3329],[77.1631,25.3085],[77.198,25.2188],[77.1667,25.1983],[77.0309,25.2969],[76.9648,25.2924],[76.8489,25.3258],[76.7787,25.3112],[76.6082,25.3843],[76.58,25.432],[76.5623,25.4141],[76.332,25.3746],[76.2889,25.2467],[76.2547,25.2379],[76.2188,25.0844],[76.325,24.959],[76.4222,24.9773],[76.5762,24.8585],[76.4439,24.7832],[76.4798,24.6646],[76.5321,24.6626],[76.5377,24.5143],[76.6367,24.4143],[76.7063,24.4083],[76.7576,24.4487],[76.8462,24.4385],[76.8197,24.53],[76.9236,24.5312],[76.9653,24.4559],[77.0557,24.5221],[77.065,24.638],[77.0248,24.7105],[76.9573,24.761],[76.9116,24.7407],[76.8065,24.8152],[76.9545,24.8683],[76.8776,24.95],[76.875,25.0065],[76.9895,25.0729],[77.0832,25.0533],[77.1757,25.109],[77.2685,25.1145],[77.3097,25.0794]]]},"properties":{"name":"Baran"}},
{"type":"Feature","geometry":{"type":"Polygon","coordinates":[[[78.2188,26.8305],[78.2418,26.9279],[78.1483,26.9506],[78.0511,26.9097],[77.8802,26.8998],[77.7738,26.9323],[77.7245,26.8757],[77.617,26.8289],[77.5291,26.8164],[77.4565,26.7412],[77.3497,26.7116],[77.3885,26.6335],[77.3588,26.5939],[77.2278,26.531],[77.2633,26.4288],[77.3116,26.4396],[77.3739,26.3662],[77.5138,26.4075],[77.6792,26.5042],[77.8325,26.5611],[78.0008,26.697],[78.0967,26.681],[78.1124,26.7949],[78.2188,26.8305]]]},"properties":{"name":"Dhaulpur"}},
{"type":"Feature","geometry":{"type":"Polygon","coordinates":[[[76.8476,26.0328],[76.7784,26.1128],[76.6786,26.1621],[76.6244,26.249],[76.7453,26.3201],[76.9375,26.475],[76.9267,26.5483],[76.8623,26.6013],[76.7387,26.5324],[76.6509,26.5643],[76.47,26.6692],[76.4076,26.5528],[76.4824,26.4987],[76.3945,26.388],[76.3238,26.4543],[76.2513,26.4409],[76.1814,26.4857],[76.1045,26.2392],[75.9934,26.2202],[75.9953,26.1157],[76.0696,26.1304],[76.1169,26.0564],[76.0773,26.0136],[76.1469,25.9663],[76.2512,26.0195],[76.2503,25.9136],[76.223,25.8623],[76.3228,25.8091],[76.3651,25.7386],[76.4466,25.7695],[76.5006,25.843],[76.573,25.8349],[76.6478,25.9014],[76.7398,25.8976],[76.8014,25.9392],[76.8476,26.0328]]]},"properties":{"name":"Sawai Madhopur"}},
{"type":"Feature","geometry":{"type":"Polygon","coordinates":[[[74.7743,23.5408],[74.7739,23.5891],[74.6742,23.6656],[74.5904,23.6261],[74.5316,23.6355],[74.5472,23.862],[74.4809,23.9244],[74.3851,23.9061],[74.2397,23.8148],[74.1487,23.7816],[74.1195,23.6101],[74.0334,23.5446],[74.0135,23.4415],[73.9605,23.38],[74.0009,23.3348],[74.1345,23.2631],[74.1252,23.1772],[74.1813,23.1505],[74.2483,23.1766],[74.3214,23.0608],[74.39,23.1101],[74.4662,23.0832],[74.5346,23.0994],[74.6688,23.1992],[74.7389,23.2257],[74.7009,23.2698],[74.6317,23.2611],[74.5351,23.3073],[74.5737,23.4203],[74.6132,23.459],[74.7743,23.5408]]]},"properties":{"name":"Banswara"}},
{"type":"Feature","geometry":{"type":"Polygon","coordinates":[[[77.1145,26.2164],[77.2705,26.2677],[77.3739,26.3662],[77.3116,26.4396],[77.2633,26.4288],[77.2278,26.531],[77.3588,26.5939],[77.3885,26.6335],[77.3497,26.7116],[77.2949,26.7796],[77.0783,26.8607],[76.9578,26.8152],[76.9437,26.9103],[76.8261,26.9665],[76.6193,26.7764],[76.5408,26.7723],[76.47,26.6692],[76.6509,26.5643],[76.7387,26.5324],[76.8623,26.6013],[76.9267,26.5483],[76.9375,26.475],[76.7453,26.3201],[76.6244,26.249],[76.6786,26.1621],[76.7784,26.1128],[76.8476,26.0328],[76.9022,26.0929],[77.0015,26.1326],[77.1145,26.2164]]]},"properties":{"name":"Karauli"}},
{"type":"Feature","geometry":{"type":"Polygon","coordinates":[[[79.2988,18.1435],[79.2574,18.0633],[79.2552,17.98],[79.1622,17.9562],[79.0016,17.8373],[78.9273,17.8729],[78.8813,17.8068],[78.9891,17.7893],[79.0157,17.7204],[79.1246,17.6683],[79.1621,17.5794],[79.3082,17.5565],[79.408,17.5043],[79.5308,17.52],[79.5476,17.6278],[79.4869,17.7057],[79.5288,17.7951],[79.4996,17.8836],[79.4568,17.8764],[79.2791,18.0112],[79.3755,18.0206],[79.4618,18.0789],[79.4473,18.153],[79.2988,18.1435]]]},"properties":{"name":"Jangaon"}},
{"type":"Feature","geometry":{"type":"Polygon","coordinates":[[[81.767,17.9022],[81.6656,17.8815],[81.6199,17.8241],[81.3937,17.8151],[81.2627,17.8204],[81.1682,17.8607],[81.0822,17.7944],[81.0129,17.8462],[80.9744,18.0509],[80.9823,18.1561],[80.8703,18.1398],[80.7428,18.1785],[80.7925,18.25],[80.7211,18.4121],[80.6089,18.551],[80.5185,18.6214],[80.458,18.6319],[80.3896,18.5994],[80.3936,18.5918],[80.3813,18.4744],[80.4656,18.4482],[80.4702,18.3248],[80.6882,18.1552],[80.5986,18.0832],[80.5006,18.1399],[80.457,18.0678],[80.3956,18.0827],[80.3313,18.0055],[80.2778,17.9689],[80.284,17.9099],[80.2315,17.7732],[80.275,17.6933],[80.2131,17.66],[80.2274,17.6029],[80.3844,17.56],[80.4749,17.5125],[80.4415,17.4554],[80.4558,17.3935],[80.5177,17.3887],[80.5129,17.3078],[80.6271,17.3649],[80.6985,17.2793],[80.8746,17.403],[80.8889,17.2555],[80.9144,17.2102],[80.9942,17.1885],[81.1719,17.2419],[81.1993,17.3365],[81.2762,17.3293],[81.3393,17.4013],[81.3943,17.3645],[81.4427,17.3843],[81.5071,17.4993],[81.5118,17.5989],[81.6318,17.7717],[81.6834,17.7761],[81.8031,17.8531],[81.767,17.9022]]]},"properties":{"name":"Bhadradri"}},
{"type":"Feature","geometry":{"type":"Polygon","coordinates":[[[78.5513,17.3662],[78.5409,17.515],[78.3942,17.4575],[78.478,17.3102],[78.5513,17.3662]]]},"properties":{"name":"Hydrabad"}},
{"type":"Feature","geometry":{"type":"Polygon","coordinates":[[[79.9213,19.1534],[79.6742,19.2109],[79.6114,19.2822],[79.52,19.258],[79.5343,19.1923],[79.48,19.1766],[79.3415,19.2108],[79.3073,19.0952],[79.2073,19.0595],[78.9477,19.2505],[78.8946,19.1516],[78.9538,19.0721],[79.0786,19.0252],[79.1121,18.9545],[79.1917,18.8768],[79.32,18.8237],[79.3895,18.8718],[79.5197,18.7937],[79.6559,18.7315],[79.6834,18.6889],[79.8106,18.7267],[79.8511,18.8107],[79.9013,18.8353],[79.9463,18.8634],[79.9332,19.0466],[79.8652,19.1081],[79.9213,19.1534]]]},"properties":{"name":"Mancherial"}},
{"type":"Feature","geometry":{"type":"Polygon","coordinates":[[[79.4473,18.153],[79.5839,18.2626],[79.5801,18.4262],[79.4903,18.3941],[79.3921,18.4173],[79.2922,18.4726],[79.2315,18.4566],[79.1691,18.6475],[79.1096,18.6666],[79.0429,18.6333],[78.9954,18.6666],[78.9335,18.5476],[79.0107,18.3946],[79.1256,18.2843],[79.158,18.1663],[79.2988,18.1435],[79.4473,18.153]]]},"properties":{"name":"Karimnagar"}},
{"type":"Feature","geometry":{"type":"Polygon","coordinates":[[[77.736,18.5553],[77.7696,18.4721],[77.9029,18.5054],[77.9933,18.4768],[78.0784,18.5089],[78.1605,18.4697],[78.1979,18.5018],[78.2658,18.4483],[78.3889,18.459],[78.4656,18.4215],[78.5438,18.458],[78.5592,18.5373],[78.659,18.6007],[78.6598,18.6445],[78.6427,18.7285],[78.5854,18.7389],[78.5519,18.8249],[78.5343,18.9443],[78.37,18.9873],[78.3043,18.9469],[78.2381,19.0049],[78.074,18.9376],[78.0342,18.8821],[77.9489,18.8445],[77.842,18.8096],[77.791,18.6966],[77.7373,18.6782],[77.736,18.5553]]]},"properties":{"name":"Nizamabad"}},
{"type":"Feature","geometry":{"type":"Polygon","coordinates":[[[78.5615,18.1852],[78.4565,18.1336],[78.3891,18.1254],[78.3272,18.2009],[78.2836,18.1498],[78.2186,18.1794],[78.1415,18.0773],[77.9543,18.1155],[77.8671,18.0673],[77.8207,17.9603],[77.9242,17.921],[77.9242,17.8782],[78.0456,17.8924],[78.092,17.8139],[78.199,17.7818],[78.2454,17.6961],[78.3204,17.6783],[78.3275,17.739],[78.447,17.708],[78.5196,17.6979],[78.5381,17.8603],[78.5345,18.0174],[78.5774,18.0566],[78.5615,18.1852]]]},"properties":{"name":"Medak"}},
{"type":"Feature","geometry":{"type":"Polygon","coordinates":[[[78.3942,17.4575],[78.3326,17.5039],[78.2635,17.4198],[78.0859,17.4979],[78.0524,17.4608],[77.9959,17.3596],[78.056,17.1967],[77.9235,17.0632],[78.0036,16.9789],[78.1862,17.015],[78.204,16.9258],[78.2932,16.9496],[78.3654,16.7848],[78.4515,16.7801],[78.5705,16.8086],[78.599,16.7729],[78.7156,16.7491],[78.7976,16.7798],[78.7941,16.827],[78.7285,16.8721],[78.839,17.0435],[78.8398,17.1258],[78.7951,17.1737],[78.8275,17.2372],[78.7478,17.2976],[78.7435,17.3711],[78.5513,17.3662],[78.478,17.3102],[78.3942,17.4575]]]},"properties":{"name":"Rangareddy"}},
{"type":"Feature","geometry":{"type":"Polygon","coordinates":[[[79.687,16.6964],[79.6651,16.8788],[79.6008,17.093],[79.5223,17.2215],[79.4509,17.3071],[79.4357,17.3605],[79.2558,17.3529],[79.2231,17.2756],[79.1576,17.2845],[79.0238,17.2548],[79,17.1596],[78.9078,17.0585],[78.839,17.0435],[78.7285,16.8721],[78.7941,16.827],[78.7976,16.7798],[78.758,16.7075],[78.6745,16.6493],[78.7186,16.5822],[78.683,16.5387],[78.8053,16.5186],[78.9134,16.5512],[79.2197,16.3706],[79.2386,16.5269],[79.2743,16.569],[79.4349,16.5903],[79.5056,16.6383],[79.687,16.6964]]]},"properties":{"name":"Nalgonda"}},
{"type":"Feature","geometry":{"type":"Polygon","coordinates":[[[79.2004,16.2307],[79.2335,16.2581],[79.2197,16.3706],[78.9134,16.5512],[78.8053,16.5186],[78.683,16.5387],[78.7186,16.5822],[78.6745,16.6493],[78.758,16.7075],[78.7976,16.7798],[78.7156,16.7491],[78.599,16.7729],[78.5705,16.8086],[78.4515,16.7801],[78.3654,16.7848],[78.3438,16.6789],[78.2665,16.7146],[78.1832,16.7176],[78.1118,16.5927],[78.1633,16.4415],[78.2311,16.4379],[78.3204,16.3665],[78.2419,16.2951],[78.2026,16.1952],[78.2383,16.1559],[78.1883,16.081],[78.2026,16.0274],[78.2658,16.012],[78.413,16.0879],[78.5545,16.0634],[78.6111,16.1037],[78.7469,16.0287],[78.816,16.0539],[78.8807,16.1179],[78.9214,16.1166],[78.9161,16.1986],[79.0283,16.252],[79.2004,16.2307]]]},"properties":{"name":"Nagarkurnool"}},
{"type":"Feature","geometry":{"type":"Polygon","coordinates":[[[78.8502,19.7607],[78.5317,19.823],[78.4029,19.8376],[78.3894,19.8803],[78.3153,19.9137],[78.373,19.7823],[78.3505,19.7149],[78.2909,19.691],[78.3161,19.6056],[78.3141,19.4581],[78.1926,19.3972],[78.2021,19.3331],[78.2578,19.2641],[78.3946,19.1511],[78.6801,19.3117],[78.7931,19.2582],[78.8836,19.2951],[78.8764,19.3593],[78.8193,19.3855],[78.9709,19.5525],[78.975,19.6513],[78.8647,19.6582],[78.8502,19.7607]]]},"properties":{"name":"Adilabad"}},
{"type":"Feature","geometry":{"type":"Polygon","coordinates":[[[78.9709,19.5525],[78.8193,19.3855],[78.8764,19.3593],[78.8836,19.2951],[78.9477,19.2505],[79.2073,19.0595],[79.3073,19.0952],[79.3415,19.2108],[79.48,19.1766],[79.5343,19.1923],[79.52,19.258],[79.6114,19.2822],[79.6742,19.2109],[79.9213,19.1534],[79.9273,19.2302],[79.9801,19.4046],[79.9181,19.4957],[79.8352,19.5402],[79.7923,19.5966],[79.6281,19.568],[79.6076,19.5109],[79.4771,19.5003],[79.2616,19.6136],[79.243,19.5293],[79.1954,19.4613],[79.1091,19.5303],[78.9709,19.5525]]]},"properties":{"name":"Komaram Bheem"}},
{"type":"Feature","geometry":{"type":"Polygon","coordinates":[[[77.9489,18.8445],[78.0342,18.8821],[78.074,18.9376],[78.2381,19.0049],[78.3043,18.9469],[78.37,18.9873],[78.5343,18.9443],[78.6876,19.028],[78.7598,19.0149],[78.8266,19.0563],[78.9113,19.0341],[78.9538,19.0721],[78.8946,19.1516],[78.9477,19.2505],[78.8836,19.2951],[78.7931,19.2582],[78.6801,19.3117],[78.3946,19.1511],[78.2578,19.2641],[78.2021,19.3331],[78.1884,19.2434],[78.0505,19.2725],[77.9535,19.3428],[77.8653,19.3036],[77.8497,19.1159],[77.766,19.0637],[77.7717,18.9832],[77.8583,18.9542],[77.9039,18.87],[77.9489,18.8445]]]},"properties":{"name":"Nirmal"}},
{"type":"Feature","geometry":{"type":"Polygon","coordinates":[[[77.6033,18.2756],[77.7253,18.2611],[77.7732,18.1913],[77.9063,18.1949],[77.9543,18.1155],[78.1415,18.0773],[78.2186,18.1794],[78.2836,18.1498],[78.3272,18.2009],[78.3891,18.1254],[78.4565,18.1336],[78.5615,18.1852],[78.5691,18.2305],[78.5231,18.2857],[78.5438,18.458],[78.4656,18.4215],[78.3889,18.459],[78.2658,18.4483],[78.1979,18.5018],[78.1605,18.4697],[78.0784,18.5089],[77.9933,18.4768],[77.9029,18.5054],[77.7696,18.4721],[77.736,18.5553],[77.6619,18.5296],[77.6015,18.5498],[77.5314,18.3419],[77.5541,18.2939],[77.6033,18.2756]]]},"properties":{"name":"Kamareddy"}},
{"type":"Feature","geometry":{"type":"Polygon","coordinates":[[[78.9538,19.0721],[78.9113,19.0341],[78.8266,19.0563],[78.7598,19.0149],[78.6876,19.028],[78.5343,18.9443],[78.5519,18.8249],[78.5854,18.7389],[78.6427,18.7285],[78.6598,18.6445],[78.8907,18.5999],[78.9335,18.5476],[78.9954,18.6666],[79.0429,18.6333],[79.1096,18.6666],[79.1476,18.7522],[79.2856,18.7665],[79.32,18.8237],[79.1917,18.8768],[79.1121,18.9545],[79.0786,19.0252],[78.9538,19.0721]]]},"properties":{"name":"Jagtial"}},
{"type":"Feature","geometry":{"type":"Polygon","coordinates":[[[80.2752,18.7231],[80.1141,18.6826],[80.0197,18.7715],[79.9393,18.789],[79.9013,18.8353],[79.8511,18.8107],[79.8106,18.7267],[79.83,18.6447],[79.7497,18.5822],[79.66,18.4738],[79.5801,18.4262],[79.5839,18.2626],[79.5929,18.2508],[79.7019,18.271],[79.734,18.205],[79.8414,18.1434],[79.8315,18.1824],[79.8743,18.2949],[79.8778,18.3639],[80.0598,18.4009],[80.1747,18.3487],[80.2189,18.3902],[80.2294,18.5526],[80.3444,18.596],[80.2752,18.7231]]]},"properties":{"name":"Jayashankar"}},
{"type":"Feature","geometry":{"type":"Polygon","coordinates":[[[79.32,18.8237],[79.2856,18.7665],[79.1476,18.7522],[79.1096,18.6666],[79.1691,18.6475],[79.2315,18.4566],[79.2922,18.4726],[79.3921,18.4173],[79.4903,18.3941],[79.5801,18.4262],[79.66,18.4738],[79.7497,18.5822],[79.83,18.6447],[79.8106,18.7267],[79.6834,18.6889],[79.6559,18.7315],[79.5197,18.7937],[79.3895,18.8718],[79.32,18.8237]]]},"properties":{"name":"Peddapalli"}},
{"type":"Feature","geometry":{"type":"Polygon","coordinates":[[[78.9335,18.5476],[78.8907,18.5999],[78.6598,18.6445],[78.659,18.6007],[78.5592,18.5373],[78.5438,18.458],[78.5231,18.2857],[78.5691,18.2305],[78.6511,18.2516],[78.7589,18.2293],[78.7802,18.2655],[78.8983,18.2399],[78.9652,18.2507],[79.0176,18.3124],[79.0107,18.3946],[78.9335,18.5476]]]},"properties":{"name":"Rajanna Sircilla"}},
{"type":"Feature","geometry":{"type":"Polygon","coordinates":[[[77.4442,17.5849],[77.6904,17.5095],[77.7748,17.6028],[77.8565,17.6441],[78.0524,17.4608],[78.0859,17.4979],[78.2635,17.4198],[78.3326,17.5039],[78.3551,17.5243],[78.3878,17.666],[78.447,17.708],[78.3275,17.739],[78.3204,17.6783],[78.2454,17.6961],[78.199,17.7818],[78.092,17.8139],[78.0456,17.8924],[77.9242,17.8782],[77.9242,17.921],[77.8207,17.9603],[77.8671,18.0673],[77.9543,18.1155],[77.9063,18.1949],[77.7732,18.1913],[77.7253,18.2611],[77.6033,18.2756],[77.5743,18.1919],[77.6021,18.1547],[77.6111,18.021],[77.6579,17.9725],[77.6211,17.9061],[77.5303,17.83],[77.5437,17.7288],[77.4546,17.6946],[77.4442,17.5849]]]},"properties":{"name":"Sangareddy"}},
{"type":"Feature","geometry":{"type":"Polygon","coordinates":[[[79.2988,18.1435],[79.158,18.1663],[79.1256,18.2843],[79.0107,18.3946],[79.0176,18.3124],[78.9652,18.2507],[78.8983,18.2399],[78.7802,18.2655],[78.7589,18.2293],[78.6511,18.2516],[78.5691,18.2305],[78.5615,18.1852],[78.5774,18.0566],[78.5345,18.0174],[78.5381,17.8603],[78.5196,17.6979],[78.6162,17.6698],[78.6644,17.6966],[78.7205,17.6675],[78.7755,17.6767],[78.8813,17.8068],[78.9273,17.8729],[79.0016,17.8373],[79.1622,17.9562],[79.2552,17.98],[79.2574,18.0633],[79.2988,18.1435]]]},"properties":{"name":"Siddipet"}},
{"type":"Feature","geometry":{"type":"Polygon","coordinates":[[[80.8679,17.06],[80.8641,17.1204],[80.9185,17.1515],[80.9144,17.2102],[80.8889,17.2555],[80.8746,17.403],[80.6985,17.2793],[80.6271,17.3649],[80.5129,17.3078],[80.5177,17.3887],[80.4558,17.3935],[80.4415,17.4554],[80.4749,17.5125],[80.3844,17.56],[80.2274,17.6029],[80.1611,17.3951],[80.0549,17.348],[79.987,17.4015],[79.8967,17.3727],[79.8726,17.3342],[79.7932,17.3206],[79.8803,17.2687],[79.8759,17.1874],[79.9708,17.1221],[80.0626,17.0181],[80.0545,16.9734],[80.2043,17.0262],[80.271,17.019],[80.3282,16.8796],[80.4319,16.8382],[80.4655,16.7991],[80.572,16.7721],[80.5637,16.8339],[80.5932,16.9355],[80.4515,16.9537],[80.4551,17.0256],[80.5054,17.1098],[80.569,17.1466],[80.693,17.0776],[80.8323,17.0469],[80.8679,17.06]]]},"properties":{"name":"Khammam"}},
{"type":"Feature","geometry":{"type":"Polygon","coordinates":[[[79.5308,17.52],[79.6296,17.4923],[79.759,17.4316],[79.7932,17.3206],[79.8726,17.3342],[79.8967,17.3727],[79.987,17.4015],[80.0549,17.348],[80.1611,17.3951],[80.2274,17.6029],[80.2131,17.66],[80.275,17.6933],[80.2315,17.7732],[80.284,17.9099],[80.2778,17.9689],[80.3313,18.0055],[80.2087,18.0212],[80.132,18.0872],[80.0196,18.1122],[79.9847,17.8979],[79.9323,17.8265],[79.9228,17.7504],[79.8038,17.7076],[79.6896,17.6885],[79.6373,17.6267],[79.5476,17.6278],[79.5308,17.52]]]},"properties":{"name":"Mahabubabad"}},
{"type":"Feature","geometry":{"type":"Polygon","coordinates":[[[79.5476,17.6278],[79.6373,17.6267],[79.6896,17.6885],[79.8038,17.7076],[79.9228,17.7504],[79.9323,17.8265],[79.9847,17.8979],[80.0196,18.1122],[79.9589,18.0765],[79.825,18.0908],[79.8414,18.1434],[79.734,18.205],[79.7019,18.271],[79.5929,18.2508],[79.624,18.1831],[79.6202,18.0959],[79.6944,18.0445],[79.6392,17.9855],[79.6487,17.8808],[79.5859,17.797],[79.5288,17.7951],[79.4869,17.7057],[79.5476,17.6278]]]},"properties":{"name":"Warangal (R)"}},
{"type":"Feature","geometry":{"type":"Polygon","coordinates":[[[79.5288,17.7951],[79.5859,17.797],[79.6487,17.8808],[79.6392,17.9855],[79.6944,18.0445],[79.6202,18.0959],[79.624,18.1831],[79.5929,18.2508],[79.5839,18.2626],[79.4473,18.153],[79.4618,18.0789],[79.3755,18.0206],[79.2791,18.0112],[79.4568,17.8764],[79.4996,17.8836],[79.5288,17.7951]]]},"properties":{"name":"Warangal (U)"}},
{"type":"Feature","geometry":{"type":"Polygon","coordinates":[[[80.0545,16.9734],[80.0626,17.0181],[79.9708,17.1221],[79.8759,17.1874],[79.8803,17.2687],[79.7932,17.3206],[79.759,17.4316],[79.6296,17.4923],[79.5308,17.52],[79.408,17.5043],[79.4357,17.3605],[79.4509,17.3071],[79.5223,17.2215],[79.6008,17.093],[79.6651,16.8788],[79.687,16.6964],[79.7835,16.7376],[79.8705,16.7065],[79.9514,16.6412],[80.0567,16.7536],[80.0785,16.822],[80.0004,16.8714],[80.0545,16.9734]]]},"properties":{"name":"Suryapet"}},
{"type":"Feature","geometry":{"type":"Polygon","coordinates":[[[78.8813,17.8068],[78.7755,17.6767],[78.7205,17.6675],[78.6882,17.5788],[78.7117,17.4894],[78.7609,17.4449],[78.7435,17.3711],[78.7478,17.2976],[78.8275,17.2372],[78.7951,17.1737],[78.8398,17.1258],[78.839,17.0435],[78.9078,17.0585],[79,17.1596],[79.0238,17.2548],[79.1576,17.2845],[79.2231,17.2756],[79.2558,17.3529],[79.4357,17.3605],[79.408,17.5043],[79.3082,17.5565],[79.1621,17.5794],[79.1246,17.6683],[79.0157,17.7204],[78.9891,17.7893],[78.8813,17.8068]]]},"properties":{"name":"Yadadri Bhongiri"}},
{"type":"Feature","geometry":{"type":"Polygon","coordinates":[[[78.5513,17.3662],[78.7435,17.3711],[78.7609,17.4449],[78.7117,17.4894],[78.6882,17.5788],[78.7205,17.6675],[78.6644,17.6966],[78.6162,17.6698],[78.5196,17.6979],[78.447,17.708],[78.3878,17.666],[78.3551,17.5243],[78.3326,17.5039],[78.3942,17.4575],[78.5409,17.515],[78.5513,17.3662]]]},"properties":{"name":"Medchal"}},
{"type":"Feature","geometry":{"type":"Polygon","coordinates":[[[77.428,17.1182],[77.4414,17.1175],[77.5041,17.0117],[77.4686,16.9318],[77.5172,16.9417],[77.5763,16.8942],[77.6277,16.9189],[77.6429,17.0008],[77.749,17.0243],[77.7933,16.9836],[77.9494,16.9398],[78.0036,16.9789],[77.9235,17.0632],[78.056,17.1967],[77.9959,17.3596],[78.0524,17.4608],[77.8565,17.6441],[77.7748,17.6028],[77.6904,17.5095],[77.5772,17.4333],[77.5254,17.3659],[77.4608,17.3488],[77.3643,17.1656],[77.428,17.1182]]]},"properties":{"name":"Vikarabad"}},
{"type":"Feature","geometry":{"type":"Polygon","coordinates":[[[78.2037,15.9192],[78.1276,16.0132],[78.0812,16.0167],[78.0241,16.0774],[77.9706,16.0738],[77.9135,16.1845],[77.76,16.3237],[77.627,16.3399],[77.5955,16.3408],[77.5391,16.2681],[77.4928,16.2552],[77.492,16.1213],[77.515,15.9267],[77.6896,15.8801],[77.8055,15.8717],[77.8941,15.9024],[78.1081,15.8348],[78.1717,15.856],[78.2037,15.9192]]]},"properties":{"name":"Jogulamba"}},
{"type":"Feature","geometry":{"type":"Polygon","coordinates":[[[78.2658,16.012],[78.2026,16.0274],[78.1883,16.081],[78.2383,16.1559],[78.2026,16.1952],[78.2419,16.2951],[78.3204,16.3665],[78.2311,16.4379],[78.1633,16.4415],[78.1118,16.5927],[78.0196,16.6076],[77.9809,16.4916],[77.8114,16.4083],[77.7428,16.4067],[77.7073,16.4469],[77.627,16.3399],[77.76,16.3237],[77.9135,16.1845],[77.9706,16.0738],[78.0241,16.0774],[78.0812,16.0167],[78.1276,16.0132],[78.2037,15.9192],[78.25,15.944],[78.2658,16.012]]]},"properties":{"name":"Wanaparthy"}},
{"type":"Feature","geometry":{"type":"Polygon","coordinates":[[[78.0036,16.9789],[77.9494,16.9398],[77.7933,16.9836],[77.749,17.0243],[77.7622,16.9777],[77.734,16.8797],[77.7417,16.7402],[77.7991,16.6186],[77.7446,16.5707],[77.7592,16.5264],[77.7428,16.4067],[77.8114,16.4083],[77.9809,16.4916],[78.0196,16.6076],[78.1118,16.5927],[78.1832,16.7176],[78.2665,16.7146],[78.3438,16.6789],[78.3654,16.7848],[78.2932,16.9496],[78.204,16.9258],[78.1862,17.015],[78.0036,16.9789]]]},"properties":{"name":"Mahabubnagar"}},
{"type":"Feature","geometry":{"type":"Polygon","coordinates":[[[95.6356,27.2306],[95.5336,27.2646],[95.4898,27.2428],[95.4565,27.1296],[95.3714,27.0958],[95.3931,27.0497],[95.3598,26.8954],[95.4342,26.8534],[95.4962,26.7718],[95.5475,26.8418],[95.6149,26.8209],[95.6488,26.8803],[95.721,26.903],[95.6893,26.9905],[95.6443,27.0049],[95.6844,27.1687],[95.6356,27.2306]]]},"properties":{"name":"Tirap"}},
{"type":"Feature","geometry":{"type":"Polygon","coordinates":[[[95.7843,27.7342],[95.7972,27.6019],[95.8803,27.547],[96.0156,27.5567],[96.1246,27.6241],[96.2362,27.5689],[96.3152,27.5622],[96.2867,27.6287],[96.2915,27.77],[96.2366,27.8647],[96.08,27.844],[95.8803,27.7556],[95.7843,27.7342]]]},"properties":{"name":"Namsai"}},
{"type":"Feature","geometry":{"type":"Polygon","coordinates":[[[95.2191,28.1488],[95.2212,28.0854],[95.0709,28.0313],[94.9343,28.0518],[94.8746,27.9416],[94.9093,27.8552],[94.8957,27.8491],[94.8944,27.8486],[94.8612,27.7296],[95.3168,27.8667],[95.3845,27.8374],[95.4677,27.8625],[95.5263,27.8931],[95.5068,27.9563],[95.567,28.0526],[95.576,28.2579],[95.4145,28.3073],[95.342,28.2761],[95.3311,28.2256],[95.2191,28.1488]]]},"properties":{"name":"East Siang"}},
{"type":"Feature","geometry":{"type":"Polygon","coordinates":[[[93.464,28.272],[93.4818,28.1371],[93.5706,28.0787],[93.6008,27.9812],[93.6906,27.9625],[93.6542,27.7741],[93.5725,27.7873],[93.5226,27.7343],[93.5285,27.6349],[93.5435,27.6119],[93.5993,27.6276],[93.7746,27.7375],[93.7744,27.7881],[93.8724,27.8042],[93.9723,27.9736],[93.8936,28.0529],[93.8574,28.2327],[93.7222,28.3046],[93.635,28.3021],[93.5714,28.258],[93.464,28.272]]]},"properties":{"name":"Kra Daadi"}},
{"type":"Feature","geometry":{"type":"Polygon","coordinates":[[[95.37,27.1055],[95.3442,27.1809],[95.2351,27.1955],[95.1406,27.1371],[94.9933,27.1331],[94.9356,27.1998],[94.835,27.0942],[94.8256,27.009],[94.7683,26.9359],[94.9282,26.9443],[94.9845,26.9129],[95.0856,26.9473],[95.1766,27.0214],[95.2469,27.0245],[95.37,27.1055]]]},"properties":{"name":"Charaideo"}},
{"type":"Feature","geometry":{"type":"Polygon","coordinates":[[[94.5381,27.0688],[94.5486,27.0833],[94.5536,27.0952],[94.5637,27.1008],[94.5945,27.1339],[94.5429,27.2226],[94.5427,27.2225],[94.5083,27.1205],[94.4381,27.1193],[94.3075,27.0724],[94.1102,26.97],[94.0832,26.9992],[93.858,26.8383],[93.7748,26.7923],[93.7634,26.784],[93.877,26.7231],[93.9912,26.7664],[94.0153,26.8307],[94.2811,26.8716],[94.4024,26.9477],[94.5381,27.0688]]]},"properties":{"name":"Majuli"}},
{"type":"Feature","geometry":{"type":"Polygon","coordinates":[[[93.3915,26.9576],[93.2678,26.9537],[93.0624,26.9197],[93.0837,26.7419],[93.1608,26.599],[93.2456,26.6839],[93.3079,26.6983],[93.348,26.7317],[93.5098,26.7605],[93.6501,26.7051],[93.7036,26.7702],[93.7634,26.784],[93.7748,26.7923],[93.7435,26.9585],[93.6988,26.9919],[93.6763,26.9682],[93.4688,26.9363],[93.3915,26.9576]]]},"properties":{"name":"Biswanath"}},
{"type":"Feature","geometry":{"type":"Polygon","coordinates":[[[93.0517,26.0854],[93.0494,26.0874],[92.9447,26.1364],[92.9315,26.1452],[92.934,26.1467],[92.9353,26.1506],[92.9431,26.201],[92.802,26.2023],[92.7664,26.1778],[92.7312,26.0649],[92.7291,26.0589],[92.729,26.0588],[92.7636,25.9882],[92.7698,25.9869],[92.7645,25.962],[92.7998,25.9629],[92.8708,25.8667],[92.9859,25.8754],[93.0713,25.7748],[93.144,25.7141],[93.1439,25.7133],[93.1438,25.7132],[93.2216,25.7255],[93.244,25.837],[93.1867,25.9025],[93.1069,26.0703],[93.0517,26.0854]]]},"properties":{"name":"Hojai"}},
{"type":"Feature","geometry":{"type":"Polygon","coordinates":[[[92.1648,25.6834],[92.1659,25.677],[92.1649,25.6679],[92.1702,25.665],[92.2372,25.7069],[92.3521,25.7332],[92.3682,25.7397],[92.4321,25.7302],[92.4978,25.6251],[92.5575,25.61],[92.5872,25.551],[92.6603,25.5809],[92.6663,25.5732],[92.7496,25.6004],[92.8211,25.7402],[92.9313,25.8032],[93.0713,25.7748],[92.9859,25.8754],[92.8708,25.8667],[92.7998,25.9629],[92.7645,25.962],[92.7698,25.9869],[92.7636,25.9882],[92.729,26.0588],[92.5925,25.9647],[92.5968,26.069],[92.546,26.105],[92.5349,26.0958],[92.4335,26.1155],[92.4252,26.115],[92.4048,26.1182],[92.4071,26.1259],[92.4013,26.1388],[92.3023,26.0749],[92.1663,25.963],[92.1805,25.8687],[92.1537,25.8114],[92.1648,25.6834]]]},"properties":{"name":"Karbi Anglong West"}},
{"type":"Feature","geometry":{"type":"Polygon","coordinates":[[[90.1786,26.0746],[90.084,26.0473],[89.8632,25.8925],[89.8223,25.822],[89.8328,25.7403],[89.8838,25.6172],[89.8508,25.4769],[89.8894,25.5583],[90.0051,25.5846],[89.9172,25.7166],[89.9553,25.8112],[90.0116,25.8471],[90.1219,25.9614],[90.1767,26.001],[90.1786,26.0746]]]},"properties":{"name":"South Salmara-Mankachar"}},
{"type":"Feature","geometry":{"type":"Polygon","coordinates":[[[76.1467,23.5657],[76.2366,23.5733],[76.2024,23.7059],[76.4081,23.7036],[76.3851,23.8028],[76.2993,23.9019],[76.3036,23.9613],[76.2553,24.0385],[76.1926,24.0724],[76.2392,24.1269],[76.2194,24.2129],[76.1271,24.2015],[76.1383,24.0915],[76.0468,24.0702],[75.9634,24.0217],[75.979,23.9293],[75.8563,23.8906],[75.6899,23.8158],[75.6869,23.7572],[75.6924,23.745],[75.7323,23.7545],[75.8188,23.6691],[75.8805,23.5561],[75.995,23.5701],[76.1114,23.542],[76.1467,23.5657]]]},"properties":{"name":"Agar"}},
{"type":"Feature","geometry":{"type":"Polygon","coordinates":[[[93.0139,24.3997],[93.0429,24.3157],[93.0281,24.2187],[92.9661,24.0974],[92.9688,24.0949],[93.0627,24.0911],[93.1022,24.0401],[93.1678,24.055],[93.2546,24.0286],[93.3152,24.042],[93.4007,24.0732],[93.3815,24.1105],[93.4123,24.204],[93.4953,24.2772],[93.4739,24.3867],[93.3559,24.4115],[93.4129,24.517],[93.391,24.5716],[93.2959,24.5646],[93.2633,24.5154],[93.1881,24.5192],[93.2152,24.6276],[93.2057,24.6898],[93.132,24.705],[93.1103,24.6021],[93.0591,24.5719],[93.0139,24.3997]]]},"properties":{"name":"Pherzawl"}},
{"type":"Feature","geometry":{"type":"Polygon","coordinates":[[[93.2057,24.6898],[93.2152,24.6276],[93.1881,24.5192],[93.2633,24.5154],[93.2959,24.5646],[93.391,24.5716],[93.429,24.634],[93.4901,24.5923],[93.5683,24.5819],[93.7081,24.6262],[93.6698,24.7621],[93.6803,24.7945],[93.5749,24.8422],[93.545,24.8103],[93.438,24.8308],[93.3608,24.8064],[93.3208,24.7066],[93.246,24.6659],[93.2057,24.6898]]]},"properties":{"name":"Noney"}},
{"type":"Feature","geometry":{"type":"Polygon","coordinates":[[[94.265,24.0979],[94.2723,24.1605],[94.4172,24.438],[94.4103,24.4775],[94.3681,24.5453],[94.2478,24.6259],[94.1911,24.6294],[94.1297,24.627],[94.084,24.523],[94.0316,24.5127],[94.0079,24.4515],[94.1018,24.4208],[94.1997,24.2628],[94.2077,24.1342],[94.265,24.0979]]]},"properties":{"name":"Tengnoupal"}},
{"type":"Feature","geometry":{"type":"Polygon","coordinates":[[[94.1565,24.9606],[94.1533,24.761],[94.1911,24.6294],[94.2478,24.6259],[94.3681,24.5453],[94.4103,24.4775],[94.476,24.573],[94.6135,24.7083],[94.6452,24.8482],[94.6949,24.8938],[94.7112,24.9961],[94.7493,25.0526],[94.7404,25.1392],[94.7114,25.1502],[94.7332,25.1036],[94.5903,25.0836],[94.5075,25.0156],[94.3306,24.9908],[94.2615,24.9481],[94.1565,24.9606]]]},"properties":{"name":"Kamjong"}},
{"type":"Feature","geometry":{"type":"Polygon","coordinates":[[[93.9201,25.3895],[94.0011,25.3415],[93.9799,25.293],[94.0428,25.1761],[94.19,25.174],[94.2967,25.2504],[94.3683,25.35],[94.3711,25.3992],[94.4857,25.5995],[94.4055,25.5382],[94.3236,25.509],[94.2083,25.5018],[94.1953,25.5502],[94.0248,25.5644],[93.939,25.5505],[93.8505,25.5541],[93.8104,25.4623],[93.9201,25.3895]]]},"properties":{"name":"Senapati"}},
{"type":"Feature","geometry":{"type":"Polygon","coordinates":[[[94.0079,24.4515],[94.0316,24.5127],[93.9086,24.5622],[93.8749,24.5479],[93.86,24.4516],[93.8621,24.3153],[93.8713,24.2889],[93.9262,24.4078],[94.0079,24.4515]]]},"properties":{"name":"Kakching"}},
{"type":"Feature","geometry":{"type":"Polygon","coordinates":[[[93.0591,24.5719],[93.1103,24.6021],[93.132,24.705],[93.163,24.7733],[93.2134,24.7859],[93.2124,24.8587],[93.1911,24.8031],[93.1109,24.7992],[93.1028,24.6723],[93.0591,24.5719]]]},"properties":{"name":"Jiribam"}},
{"type":"Feature","geometry":{"type":"Polygon","coordinates":[[[76.9669,28.6973],[77.1804,28.6636],[77.1941,28.6874],[77.1451,28.6954],[76.9624,28.8159],[76.9511,28.8182],[76.9669,28.6973]]]},"properties":{"name":"North West"}},
{"type":"Feature","geometry":{"type":"Polygon","coordinates":[[[77.1195,28.489],[77.1849,28.5523],[77.2489,28.6123],[77.1739,28.6335],[77.0954,28.6098],[77.0578,28.5532],[77.0928,28.5138],[77.1195,28.489]]]},"properties":{"name":"New Delhi"}},
{"type":"Feature","geometry":{"type":"Polygon","coordinates":[[[77.3238,28.6762],[77.2445,28.6619],[77.2539,28.6134],[77.2992,28.5753],[77.3304,28.6312],[77.3238,28.6762]]]},"properties":{"name":"East"}},
{"type":"Feature","geometry":{"type":"Polygon","coordinates":[[[77.0928,28.5138],[77.0578,28.5532],[77.0954,28.6098],[77.0592,28.6013],[76.9544,28.6617],[76.8856,28.6277],[76.8453,28.5504],[76.8862,28.5008],[77.0071,28.5414],[77.0928,28.5138]]]},"properties":{"name":"South West"}},
{"type":"Feature","geometry":{"type":"Polygon","coordinates":[[[76.9544,28.6617],[77.0592,28.6013],[77.0954,28.6098],[77.1739,28.6335],[77.1804,28.6636],[76.9669,28.6973],[76.9544,28.6617]]]},"properties":{"name":"West"}},
{"type":"Feature","geometry":{"type":"Polygon","coordinates":[[[77.1752,28.4045],[77.2502,28.4242],[77.265,28.485],[77.1849,28.5523],[77.1195,28.489],[77.1752,28.4045]]]},"properties":{"name":"South"}},
{"type":"Feature","geometry":{"type":"Polygon","coordinates":[[[76.9624,28.8159],[77.1451,28.6954],[77.1941,28.6874],[77.2073,28.7886],[77.2203,28.8301],[77.2076,28.8569],[77.0611,28.8709],[76.9624,28.8159]]]},"properties":{"name":"North "}},
{"type":"Feature","geometry":{"type":"Polygon","coordinates":[[[77.2076,28.7885],[77.2323,28.6733],[77.2959,28.7046],[77.2076,28.7885]]]},"properties":{"name":"North East"}},
{"type":"Feature","geometry":{"type":"Polygon","coordinates":[[[77.3435,28.5147],[77.2992,28.5753],[77.2539,28.6134],[77.2489,28.6123],[77.1849,28.5523],[77.265,28.485],[77.3435,28.5147]]]},"properties":{"name":"South East"}},
{"type":"Feature","geometry":{"type":"Polygon","coordinates":[[[77.2073,28.7886],[77.1941,28.6874],[77.1804,28.6636],[77.1739,28.6335],[77.2489,28.6123],[77.2539,28.6134],[77.2445,28.6619],[77.2323,28.6733],[77.2076,28.7885],[77.2073,28.7886]]]},"properties":{"name":"Central"}},
{"type":"Feature","geometry":{"type":"Polygon","coordinates":[[[77.2959,28.7046],[77.2323,28.6733],[77.2445,28.6619],[77.3238,28.6762],[77.2959,28.7046]]]},"properties":{"name":"Shahdara"}},
{"type":"Feature","geometry":{"type":"Polygon","coordinates":[[[89.8581,26.4287],[89.8816,26.6131],[89.8614,26.7038],[89.7815,26.6994],[89.6474,26.7475],[89.642,26.7829],[89.5334,26.819],[89.3214,26.8528],[89.2599,26.8167],[89.1171,26.825],[89.0467,26.6525],[89.1273,26.522],[89.1863,26.5],[89.3936,26.4651],[89.4585,26.4902],[89.5308,26.4773],[89.5543,26.4257],[89.6994,26.4211],[89.7663,26.4642],[89.8374,26.4124],[89.8581,26.4287]]]},"properties":{"name":"Alipurduar"}},
{"type":"Feature","geometry":{"type":"Polygon","coordinates":[[[86.7274,22.2198],[86.72,22.1481],[86.9616,22.0882],[87.0385,21.9941],[87.0022,21.9126],[87.0988,21.8655],[87.0977,21.913],[87.2295,21.9617],[87.2297,21.9621],[87.1376,22.1299],[87.2242,22.2343],[87.1667,22.3364],[87.177,22.3957],[87.1057,22.4292],[87.0797,22.4797],[87.111,22.5417],[87.0917,22.6355],[87.1266,22.6743],[87.0769,22.7287],[87.0203,22.6681],[86.9267,22.627],[86.7739,22.7267],[86.6118,22.7993],[86.56,22.7116],[86.6411,22.6594],[86.6565,22.5797],[86.7607,22.5782],[86.8032,22.5029],[86.7685,22.4271],[86.8433,22.4056],[86.8046,22.2182],[86.7274,22.2198]]]},"properties":{"name":"Jhargram"}},
{"type":"Feature","geometry":{"type":"Polygon","coordinates":[[[86.7994,23.8329],[86.8248,23.7633],[86.8007,23.6958],[86.899,23.6404],[87.017,23.6347],[87.1243,23.5761],[87.2138,23.556],[87.2547,23.5163],[87.4479,23.4045],[87.4824,23.4511],[87.4788,23.5335],[87.5427,23.6073],[87.4553,23.6095],[87.4025,23.695],[87.2653,23.7499],[87.1529,23.7466],[87.0893,23.8075],[86.9015,23.8814],[86.8509,23.8234],[86.7994,23.8329]]]},"properties":{"name":"Paschim Barddhaman"}},
{"type":"Feature","geometry":{"type":"Polygon","coordinates":[[[88.438,27.0817],[88.4232,26.9618],[88.4842,26.8753],[88.6101,26.8791],[88.6683,26.9263],[88.7668,26.9244],[88.8175,26.9902],[88.878,26.9646],[88.876,27.1087],[88.7579,27.1481],[88.5979,27.1943],[88.5273,27.178],[88.438,27.0817]]]},"properties":{"name":"Kalimpong"}},
{"type":"Feature","geometry":{"type":"Polygon","coordinates":[[[77.4765,16.7955],[77.4764,16.7915],[77.44,16.7822],[77.4213,16.6675],[77.4691,16.5891],[77.3711,16.489],[77.2397,16.4728],[77.2893,16.4079],[77.4167,16.3678],[77.4865,16.383],[77.5955,16.3408],[77.627,16.3399],[77.7073,16.4469],[77.7428,16.4067],[77.7592,16.5264],[77.7446,16.5707],[77.7991,16.6186],[77.7417,16.7402],[77.734,16.8797],[77.7622,16.9777],[77.749,17.0243],[77.6429,17.0008],[77.6277,16.9189],[77.5763,16.8942],[77.5172,16.9417],[77.4686,16.9318],[77.4569,16.8861],[77.4765,16.7955]]]},"properties":{"name":"Narayanpet"}},
{"type":"Feature","geometry":{"type":"Polygon","coordinates":[[[80.3444,18.596],[80.2294,18.5526],[80.2189,18.3902],[80.1747,18.3487],[80.0598,18.4009],[79.8778,18.3639],[79.8743,18.2949],[79.8315,18.1824],[79.8414,18.1434],[79.825,18.0908],[79.9589,18.0765],[80.0196,18.1122],[80.132,18.0872],[80.2087,18.0212],[80.3313,18.0055],[80.3956,18.0827],[80.457,18.0678],[80.5006,18.1399],[80.5986,18.0832],[80.6882,18.1552],[80.4702,18.3248],[80.4656,18.4482],[80.3813,18.4744],[80.3936,18.5918],[80.365,18.6033],[80.3444,18.596]]]},"properties":{"name":"Mulugu"}},
{"type":"Feature","geometry":{"type":"Polygon","coordinates":[[[78.8865,25.1549],[78.8234,25.3088],[78.946,25.4802],[78.9355,25.5521],[78.734,25.4556],[78.7732,25.4251],[78.7262,25.3411],[78.6065,25.4108],[78.5284,25.2831],[78.5585,25.212],[78.647,25.0614],[78.7335,25.0896],[78.8286,25.0864],[78.8865,25.1549]]]},"properties":{"name":"Niwari"}},
{"type":"Feature","geometry":{"type":"Polygon","coordinates":[[[92.786,27.1909],[92.7481,27.2087],[92.6096,27.1474],[92.5919,27.0998],[92.6523,27.0233],[92.7707,27.0314],[92.8739,27.0059],[93.0205,26.9148],[93.0624,26.9197],[93.2678,26.9537],[93.3915,26.9576],[93.4283,26.9917],[93.3798,27.0822],[93.2477,27.1592],[93.3418,27.1989],[93.2454,27.2718],[93.3016,27.3472],[93.2134,27.3836],[93.1454,27.3605],[93.1224,27.2981],[92.9848,27.257],[92.9996,27.1589],[92.8443,27.1404],[92.786,27.1909]]]},"properties":{"name":"Pakke Kessang"}},
{"type":"Feature","geometry":{"type":"Polygon","coordinates":[[[93.9723,27.9736],[93.8724,27.8042],[93.917,27.7907],[93.9085,27.6113],[94.0191,27.5272],[93.962,27.489],[94.0885,27.483],[94.1305,27.5147],[94.2111,27.4951],[94.2659,27.5084],[94.2184,27.606],[94.3108,27.7779],[94.1526,27.8849],[94.0771,27.8655],[94.0474,27.9647],[93.9723,27.9736]]]},"properties":{"name":"Kamle"}},
{"type":"Feature","geometry":{"type":"Polygon","coordinates":[[[94.7526,28.5506],[94.7485,28.7002],[94.6185,28.8021],[94.5249,28.8285],[94.4398,28.8855],[94.3733,28.888],[94.3742,28.9569],[94.2678,29.0163],[94.1821,29.0109],[94.1382,28.9131],[93.9829,28.832],[93.9661,28.7036],[93.9313,28.6638],[93.9982,28.5735],[94.1068,28.5168],[94.1533,28.4358],[94.2392,28.4495],[94.3224,28.4104],[94.327,28.3658],[94.4054,28.3355],[94.5392,28.4641],[94.7526,28.5506]]]},"properties":{"name":"Shi Yomi"}},
{"type":"Feature","geometry":{"type":"Polygon","coordinates":[[[94.4875,28.0088],[94.5889,27.8929],[94.6693,27.9052],[94.7834,27.8002],[94.886,27.8457],[94.8909,27.8474],[94.8944,27.8486],[94.8957,27.8491],[94.9093,27.8552],[94.8746,27.9416],[94.9343,28.0518],[94.9193,28.0611],[94.8269,28.0243],[94.6483,28.1],[94.5482,28.0751],[94.4875,28.0088]]]},"properties":{"name":"Leparada"}},
{"type":"Feature","geometry":{"type":"Polygon","coordinates":[[[94.8944,27.8486],[94.8909,27.8474],[94.886,27.8457],[94.7834,27.8002],[94.6693,27.9052],[94.5889,27.8929],[94.3108,27.7779],[94.2184,27.606],[94.3683,27.5735],[94.4217,27.598],[94.5008,27.5739],[94.6845,27.6597],[94.7432,27.6597],[94.8612,27.7296],[94.8944,27.8486]]]},"properties":{"name":"Lower Siang"}},
{"type":"Feature","geometry":{"type":"Polygon","coordinates":[[[92.9098,22.7908],[92.9826,22.7612],[93.0869,22.7907],[93.1411,22.9304],[93.1184,23.0023],[92.8598,23.1651],[92.8898,22.9558],[92.8714,22.8617],[92.9098,22.7908]]]},"properties":{"name":"Hnahthial"}},
{"type":"Feature","geometry":{"type":"Polygon","coordinates":[[[93.3567,23.9258],[93.3152,24.042],[93.2546,24.0286],[93.1678,24.055],[93.1022,24.0401],[93.0627,24.0911],[92.9688,24.0949],[92.9668,24.0964],[92.9889,24.027],[92.9697,23.8731],[93.0136,23.7434],[93.0115,23.6747],[93.099,23.6421],[93.1538,23.6612],[93.1946,23.7261],[93.2465,23.7297],[93.3447,23.8491],[93.3567,23.9258]]]},"properties":{"name":"Saitual"}},
{"type":"Feature","geometry":{"type":"Polygon","coordinates":[[[93.357,23.3157],[93.3828,23.4217],[93.3052,23.4203],[93.2667,23.483],[93.2629,23.6793],[93.2465,23.7297],[93.1946,23.7261],[93.1538,23.6612],[93.099,23.6421],[93.0115,23.6747],[93.0115,23.4857],[93.0309,23.3411],[93.1234,23.3225],[93.2555,23.3843],[93.2654,23.337],[93.357,23.3157]]]},"properties":{"name":"Khawzawl"}},
{"type":"Feature","geometry":{"type":"Polygon","coordinates":[[[78.4097,12.6253],[78.437,12.3974],[78.5165,12.4056],[78.6177,12.3385],[78.6527,12.2589],[78.7107,12.3022],[78.8593,12.6277],[78.7732,12.681],[78.9078,12.7773],[78.8976,12.8638],[78.7841,12.8524],[78.6625,12.7225],[78.5949,12.7869],[78.5945,12.7849],[78.5941,12.7827],[78.5645,12.709],[78.4698,12.674],[78.4097,12.6253]]]},"properties":{"name":"Tirupathur"}},
{"type":"Feature","geometry":{"type":"Polygon","coordinates":[[[79.1869,13.0373],[79.2644,13.0145],[79.1812,12.9187],[79.1836,12.8197],[79.2094,12.784],[79.2098,12.7851],[79.2555,12.8231],[79.324,12.7436],[79.4517,12.6711],[79.4905,12.8735],[79.5608,12.8507],[79.5734,12.9006],[79.7859,13.0232],[79.7326,13.0963],[79.7362,13.1655],[79.6554,13.2094],[79.6365,13.1486],[79.57,13.1351],[79.4246,13.1456],[79.3476,13.0616],[79.2865,13.1339],[79.239,13.1475],[79.1869,13.0373]]]},"properties":{"name":"Ranipet"}},
{"type":"Feature","geometry":{"type":"Polygon","coordinates":[[[79.7475,12.5311],[79.8137,12.6122],[79.9266,12.6385],[79.9064,12.793],[79.9531,12.7853],[80.0518,12.8334],[80.0548,12.8794],[80.1223,12.9834],[80.1977,13.0285],[80.1901,13.0264],[80.1307,13.0527],[80.0339,13.0519],[79.9442,13.0081],[79.896,12.9476],[79.8254,12.9644],[79.7859,13.0232],[79.5734,12.9006],[79.5608,12.8507],[79.6403,12.8174],[79.7469,12.7439],[79.739,12.6896],[79.6489,12.6688],[79.6709,12.5933],[79.7242,12.5895],[79.7475,12.5311]]]},"properties":{"name":"Chengalputtu"}},
{"type":"Feature","geometry":{"type":"Polygon","coordinates":[[[78.7188,11.9807],[78.7249,11.9165],[78.6275,11.8647],[78.6952,11.8467],[78.6415,11.7611],[78.6515,11.6647],[78.8048,11.6862],[78.7799,11.6048],[78.8454,11.5208],[78.8763,11.5062],[78.9219,11.5569],[79.1178,11.5993],[79.1854,11.5876],[79.2117,11.6353],[79.2977,11.6355],[79.3833,11.6799],[79.4455,11.6652],[79.4409,11.7836],[79.3017,11.8277],[79.2865,11.9421],[79.2137,11.9755],[79.1356,11.9702],[78.9951,12.0521],[78.7611,12.0105],[78.7188,11.9807]]]},"properties":{"name":"Kallakurichi"}},
{"type":"Feature","geometry":{"type":"Polygon","coordinates":[[[79.8549,10.9852],[79.8572,11.1648],[79.8377,11.3529],[79.8135,11.4191],[79.6441,11.284],[79.5994,11.2187],[79.5256,11.1832],[79.5743,11.1462],[79.5158,11.0412],[79.5156,10.9689],[79.6317,10.9865],[79.6915,11.0171],[79.7638,11.0025],[79.8013,10.9886],[79.8549,10.9852]]]},"properties":{"name":"Mayiladuthurai"}},
{"type":"Feature","geometry":{"type":"Polygon","coordinates":[[[77.2092,9.0719],[77.1499,9.0216],[77.2584,8.878],[77.3061,8.7931],[77.3867,8.7447],[77.447,8.7437],[77.4816,8.8701],[77.5657,8.8798],[77.6402,8.9613],[77.7025,8.9269],[77.7243,9.0017],[77.6795,9.1062],[77.7436,9.2674],[77.6261,9.2931],[77.5924,9.3452],[77.4771,9.3417],[77.4308,9.4011],[77.3412,9.4186],[77.3379,9.3615],[77.285,9.2727],[77.2695,9.1532],[77.2092,9.0719]]]},"properties":{"name":"Tenkasi"}},
{"type":"Feature","geometry":{"type":"Polygon","coordinates":[[[81.733,22.6723],[81.7547,22.5932],[81.8369,22.5762],[81.8692,22.6123],[81.9546,22.6171],[81.9971,22.5816],[82.1567,22.5423],[82.244,22.6561],[82.1782,22.6658],[82.1543,22.7396],[82.1595,22.8503],[82.2242,22.9409],[82.1798,22.9709],[82.1781,23.0408],[82.1235,23.1036],[81.9232,23.0384],[81.9489,22.9582],[81.864,22.8878],[81.7769,22.8733],[81.7958,22.7645],[81.733,22.6723]]]},"properties":{"name":"Gaurella Pendra Marwahi"}}
]}