{"type":"FeatureCollection", "features": [
{"type":"Feature","geometry":{"type":"LineString","coordinates":[[75.4613,36.8416],[75.4018,36.8254],[75.3729,36.8171],[75.3399,36.8171],[75.3275,36.8212],[75.2657,36.8419],[75.2079,36.8501],[75.1543,36.879],[75.1378,36.879],[75.1213,36.8625],[75.1089,36.8584],[75.043,36.8625],[75.0223,36.8542],[74.9935,36.8584],[74.977,36.8377],[74.9811,36.8295],[74.9398,36.8047],[74.9151,36.7965],[74.8697,36.7924],[74.8491,36.78],[74.8367,36.7635],[74.8244,36.7511]]},"properties":{"scalerank":4,"featurecla":"Road","type":"Major Highway","sov_a3":"","note":"","edited":"New in version 2.0.0","name":"","namealt":"","namealtt":"","routeraw":"","question":0,"length_km":80,"toll":0,"ne_part":"global_basic","label":"","label2":"","local":"","localtype":"","localalt":"","labelrank":0,"ignore":0,"add":0,"rwdb_rd_id":29192,"orig_fid":11607,"prefix":"","uident":0,"continent":"Asia","expressway":1,"level":"","min_zoom":4,"min_label":7}},
{"type":"Feature","geometry":{"type":"LineString","coordinates":[[74.8244,36.7511],[74.8037,36.7346]]},"properties":{"scalerank":5,"featurecla":"Road","type":"Major Highway","sov_a3":"","note":"","edited":"New in version 2.0.0","name":"","namealt":"","namealtt":"","routeraw":"","question":0,"length_km":3,"toll":0,"ne_part":"global_basic","label":"","label2":"","local":"","localtype":"","localalt":"","labelrank":0,"ignore":0,"add":0,"rwdb_rd_id":29224,"orig_fid":11629,"prefix":"","uident":0,"continent":"Asia","expressway":1,"level":"","min_zoom":5,"min_label":8}},
{"type":"Feature","geometry":{"type":"LineString","coordinates":[[74.8161,36.6934],[74.8037,36.7305],[74.8037,36.7346]]},"properties":{"scalerank":4,"featurecla":"Road","type":"Major Highway","sov_a3":"","note":"","edited":"New in version 2.0.0","name":"","namealt":"","namealtt":"","routeraw":"","question":0,"length_km":4,"toll":0,"ne_part":"global_basic","label":"","label2":"","local":"","localtype":"","localalt":"","labelrank":0,"ignore":0,"add":0,"rwdb_rd_id":29306,"orig_fid":11685,"prefix":"","uident":0,"continent":"Asia","expressway":1,"level":"","min_zoom":4,"min_label":7}},
{"type":"Feature","geometry":{"type":"LineString","coordinates":[[74.8821,36.4624],[74.8697,36.4789],[74.8491,36.5037],[74.8037,36.5408],[74.7955,36.5532],[74.7955,36.5697],[74.8037,36.5779],[74.8326,36.5862],[74.8532,36.5985],[74.8615,36.615],[74.8161,36.6934]]},"properties":{"scalerank":4,"featurecla":"Road","type":"Major Highway","sov_a3":"","note":"","edited":"New in version 2.0.0","name":"","namealt":"","namealtt":"","routeraw":"","question":0,"length_km":32,"toll":0,"ne_part":"global_basic","label":"","label2":"","local":"","localtype":"","localalt":"","labelrank":0,"ignore":0,"add":0,"rwdb_rd_id":29662,"orig_fid":11937,"prefix":"","uident":0,"continent":"Asia","expressway":1,"level":"","min_zoom":4,"min_label":7}},
{"type":"Feature","geometry":{"type":"LineString","coordinates":[[74.6511,36.3181],[74.6841,36.3263],[74.7254,36.3263],[74.8285,36.3181],[74.8532,36.3181],[74.8615,36.3263],[74.8491,36.3593],[74.8574,36.3758],[74.8739,36.4006],[74.8739,36.4253],[74.8821,36.4418],[74.8821,36.4624]]},"properties":{"scalerank":4,"featurecla":"Road","type":"Major Highway","sov_a3":"","note":"","edited":"New in version 2.0.0","name":"","namealt":"","namealtt":"","routeraw":"","question":0,"length_km":37,"toll":0,"ne_part":"global_basic","label":"","label2":"","local":"","localtype":"","localalt":"","labelrank":0,"ignore":0,"add":0,"rwdb_rd_id":29881,"orig_fid":12087,"prefix":"","uident":0,"continent":"Asia","expressway":1,"level":"","min_zoom":4,"min_label":7}},
{"type":"Feature","geometry":{"type":"LineString","coordinates":[[74.3995,35.8891],[74.3789,35.918],[74.3707,35.9634],[74.3624,35.9757],[74.3171,36.0005],[74.3006,36.0211],[74.2923,36.0376],[74.2882,36.0706],[74.2923,36.1036],[74.2841,36.1325],[74.2758,36.149],[74.2882,36.182],[74.2882,36.2026],[74.2964,36.2232],[74.3088,36.2438],[74.3253,36.2562],[74.3542,36.2562],[74.4367,36.2397],[74.4697,36.2397],[74.4862,36.2397],[74.515,36.2562],[74.548,36.2521],[74.5645,36.2562],[74.5851,36.2851],[74.5975,36.2933],[74.6511,36.3181]]},"properties":{"scalerank":4,"featurecla":"Road","type":"Major Highway","sov_a3":"","note":"","edited":"New in version 2.0.0","name":"","namealt":"","namealtt":"","routeraw":"","question":0,"length_km":80,"toll":0,"ne_part":"global_basic","label":"","label2":"","local":"","localtype":"","localalt":"","labelrank":0,"ignore":0,"add":0,"rwdb_rd_id":30441,"orig_fid":12478,"prefix":"","uident":0,"continent":"Asia","expressway":1,"level":"","min_zoom":4,"min_label":7}},
{"type":"Feature","geometry":{"type":"LineString","coordinates":[[74.5851,35.7695],[74.5563,35.819],[74.5233,35.8396],[74.4325,35.8685],[74.4119,35.8768],[74.3995,35.8891]]},"properties":{"scalerank":4,"featurecla":"Road","type":"Major Highway","sov_a3":"","note":"","edited":"New in version 2.0.0","name":"","namealt":"","namealtt":"","routeraw":"","question":0,"length_km":24,"toll":0,"ne_part":"global_basic","label":"","label2":"","local":"","localtype":"","localalt":"","labelrank":0,"ignore":0,"add":0,"rwdb_rd_id":30590,"orig_fid":12576,"prefix":"","uident":0,"continent":"Asia","expressway":1,"level":"","min_zoom":4,"min_label":7}},
{"type":"Feature","geometry":{"type":"LineString","coordinates":[[74.581,35.6912],[74.5934,35.7118],[74.6099,35.7159],[74.5975,35.7489],[74.5851,35.7695]]},"properties":{"scalerank":4,"featurecla":"Road","type":"Major Highway","sov_a3":"","note":"","edited":"New in version 2.0.0","name":"","namealt":"","namealtt":"","routeraw":"","question":0,"length_km":10,"toll":0,"ne_part":"global_basic","label":"","label2":"","local":"","localtype":"","localalt":"","labelrank":0,"ignore":0,"add":0,"rwdb_rd_id":30675,"orig_fid":12636,"prefix":"","uident":0,"continent":"Asia","expressway":1,"level":"","min_zoom":4,"min_label":7}},
{"type":"Feature","geometry":{"type":"LineString","coordinates":[[74.1438,35.3818],[74.1603,35.3736],[74.181,35.3736],[74.2057,35.3777],[74.2511,35.3942],[74.2717,35.3983],[74.2923,35.3983],[74.3088,35.3901],[74.3542,35.3777],[74.3748,35.3859],[74.4037,35.4107],[74.4367,35.4561],[74.4532,35.4726],[74.4944,35.4891],[74.5315,35.4932],[74.5769,35.5097],[74.5934,35.5221],[74.5975,35.5344],[74.5975,35.555],[74.5851,35.5922],[74.5728,35.6458],[74.5728,35.6747],[74.581,35.6912]]},"properties":{"scalerank":4,"featurecla":"Road","type":"Major Highway","sov_a3":"","note":"","edited":"New in version 2.0.0","name":"","namealt":"","namealtt":"","routeraw":"","question":0,"length_km":71,"toll":0,"ne_part":"global_basic","label":"","label2":"","local":"","localtype":"","localalt":"","labelrank":0,"ignore":0,"add":0,"rwdb_rd_id":31142,"orig_fid":12946,"prefix":"","uident":0,"continent":"Asia","expressway":1,"level":"","min_zoom":4,"min_label":7}},
{"type":"Feature","geometry":{"type":"LineString","coordinates":[[75.8761,35.2168],[75.8637,35.2333],[75.839,35.287],[75.8266,35.3035],[75.806,35.3035],[75.74,35.2787],[75.6946,35.2705],[75.6575,35.2746],[75.6245,35.2828],[75.5833,35.3035],[75.5296,35.3365],[75.4843,35.3695],[75.4059,35.4396],[75.3894,35.4478],[75.3523,35.4561],[75.3358,35.4726],[75.3193,35.5221],[75.3028,35.5427],[75.2987,35.555],[75.2863,35.5715],[75.2574,35.5757],[75.2286,35.5798],[75.1873,35.5757],[75.1337,35.5839],[75.0925,35.5798],[75.0636,35.5839],[75.0512,35.6045],[75.0512,35.6417],[75.0388,35.6499],[75.0058,35.6458],[74.9811,35.6499],[74.9522,35.6705],[74.9357,35.6912],[74.8945,35.7159],[74.8615,35.7242],[74.8409,35.7324],[74.8326,35.7324],[74.8161,35.7406],[74.7831,35.7406],[74.7707,35.7448],[74.7625,35.7695],[74.7501,35.7819],[74.746,35.8273],[74.7419,35.8479],[74.7254,35.8603],[74.7006,35.8561],[74.68,35.8479],[74.6594,35.8479],[74.6388,35.8396],[74.614,35.819],[74.614,35.7943],[74.6223,35.7736],[74.5851,35.7695]]},"properties":{"scalerank":5,"featurecla":"Road","type":"Major Highway","sov_a3":"","note":"","edited":"New in version 2.0.0","name":"","namealt":"","namealtt":"","routeraw":"","question":0,"length_km":178,"toll":0,"ne_part":"global_basic","label":"","label2":"","local":"","localtype":"","localalt":"","labelrank":0,"ignore":0,"add":0,"rwdb_rd_id":31377,"orig_fid":13098,"prefix":"","uident":0,"continent":"Asia","expressway":1,"level":"","min_zoom":5,"min_label":8}},
{"type":"Feature","geometry":{"type":"LineString","coordinates":[[73.7916,35.4768],[73.8056,35.4726],[73.851,35.4684],[73.9046,35.4602],[73.9459,35.4354],[74.0242,35.4066],[74.0613,35.3942],[74.1026,35.3942],[74.1438,35.3818]]},"properties":{"scalerank":4,"featurecla":"Road","type":"Major Highway","sov_a3":"","note":"","edited":"New in version 2.0.0","name":"","namealt":"","namealtt":"","routeraw":"","question":0,"length_km":195,"toll":0,"ne_part":"global_basic","label":"","label2":"","local":"","localtype":"","localalt":"","labelrank":0,"ignore":0,"add":0,"rwdb_rd_id":32009,"orig_fid":13478,"prefix":"","uident":0,"continent":"Asia","expressway":1,"level":"","min_zoom":4,"min_label":7}},
{"type":"Feature","geometry":{"type":"LineString","coordinates":[[75.6121,32.272],[75.6369,32.2349],[75.6451,32.2143],[75.6451,32.1978],[75.6163,32.1524],[75.5956,32.0823],[75.5998,32.0452],[75.6163,32.008],[75.6286,31.9544],[75.6451,31.8884],[75.6657,31.8472],[75.6699,31.8142],[75.6534,31.7523],[75.6492,31.6863],[75.6492,31.6492],[75.6451,31.6204],[75.6328,31.5585],[75.6163,31.509],[75.6121,31.4801],[75.6163,31.4224],[75.6121,31.377],[75.6121,31.3275],[75.608,31.3151]]},"properties":{"scalerank":5,"featurecla":"Road","type":"Major Highway","sov_a3":"","note":"","edited":"New in version 2.0.0","name":"","namealt":"","namealtt":"","routeraw":"","question":0,"length_km":95,"toll":0,"ne_part":"global_basic","label":"","label2":"","local":"","localtype":"","localalt":"","labelrank":0,"ignore":0,"add":0,"rwdb_rd_id":38219,"orig_fid":16585,"prefix":"","uident":0,"continent":"Asia","expressway":1,"level":"","min_zoom":5,"min_label":8}},
{"type":"Feature","geometry":{"type":"LineString","coordinates":[[75.608,31.3151],[75.6864,31.2657],[75.74,31.2492],[75.7565,31.2327],[75.7689,31.212],[75.773,31.1955],[75.773,31.1625],[75.7689,31.113],[75.7771,31.0759],[75.7771,31.0471],[75.7689,31.0058],[75.773,30.9893],[75.7895,30.9769],[75.8225,30.9604],[75.8513,30.9027]]},"properties":{"scalerank":3,"featurecla":"Road","type":"Major Highway","sov_a3":"","note":"","edited":"New in version 2.0.0","name":"","namealt":"","namealtt":"","routeraw":"","question":0,"length_km":55,"toll":0,"ne_part":"global_basic","label":"","label2":"","local":"","localtype":"","localalt":"","labelrank":0,"ignore":0,"add":0,"rwdb_rd_id":38940,"orig_fid":16981,"prefix":"","uident":0,"continent":"Asia","expressway":1,"level":"","min_zoom":3,"min_label":6}},
{"type":"Feature","geometry":{"type":"LineString","coordinates":[[75.8513,30.9027],[75.9132,30.8697],[75.9421,30.8532],[76.1318,30.7501],[76.1648,30.7377],[76.2308,30.7006],[76.305,30.6552],[76.371,30.6222],[76.4205,30.5892],[76.4535,30.5686],[76.4865,30.5521],[76.5566,30.5233],[76.6061,30.4903]]},"properties":{"scalerank":3,"featurecla":"Road","type":"Major Highway","sov_a3":"","note":"","edited":"New in version 2.0.0","name":"","namealt":"","namealtt":"","routeraw":"","question":0,"length_km":93,"toll":0,"ne_part":"global_basic","label":"","label2":"","local":"","localtype":"","localalt":"","labelrank":0,"ignore":0,"add":0,"rwdb_rd_id":39703,"orig_fid":17404,"prefix":"","uident":0,"continent":"Asia","expressway":1,"level":"","min_zoom":3,"min_label":6}},
{"type":"Feature","geometry":{"type":"LineString","coordinates":[[76.6061,30.4903],[76.6721,30.4573],[76.734,30.4119],[76.8,30.3789]]},"properties":{"scalerank":3,"featurecla":"Road","type":"Major Highway","sov_a3":"","note":"","edited":"New in version 2.0.0","name":"","namealt":"","namealtt":"","routeraw":"","question":0,"length_km":24,"toll":0,"ne_part":"global_basic","label":"","label2":"","local":"","localtype":"","localalt":"","labelrank":0,"ignore":0,"add":0,"rwdb_rd_id":39936,"orig_fid":17520,"prefix":"","uident":0,"continent":"Asia","expressway":1,"level":"","min_zoom":3,"min_label":6}},
{"type":"Feature","geometry":{"type":"LineString","coordinates":[[76.8,30.3789],[76.8165,30.3665],[76.8412,30.3335],[76.8453,30.317],[76.8536,30.2758],[76.8536,30.2222],[76.8577,30.1809],[76.8701,30.1438],[76.8742,30.1067],[76.8866,30.0201],[76.8948,29.983],[76.8948,29.9665]]},"properties":{"scalerank":3,"featurecla":"Road","type":"Major Highway","sov_a3":"","note":"","edited":"New in version 2.0.0","name":"","namealt":"","namealtt":"","routeraw":"","question":0,"length_km":42,"toll":0,"ne_part":"global_basic","label":"","label2":"","local":"","localtype":"","localalt":"","labelrank":0,"ignore":0,"add":0,"rwdb_rd_id":40615,"orig_fid":17913,"prefix":"","uident":0,"continent":"Asia","expressway":1,"level":"","min_zoom":3,"min_label":6}},
{"type":"Feature","geometry":{"type":"LineString","coordinates":[[76.8948,29.9665],[76.9154,29.8881],[76.9361,29.8345],[76.9649,29.7809],[76.9773,29.7602],[76.9814,29.7437],[76.9773,29.6942]]},"properties":{"scalerank":3,"featurecla":"Road","type":"Major Highway","sov_a3":"","note":"","edited":"New in version 2.0.0","name":"","namealt":"","namealtt":"","routeraw":"","question":0,"length_km":28,"toll":0,"ne_part":"global_basic","label":"","label2":"","local":"","localtype":"","localalt":"","labelrank":0,"ignore":0,"add":0,"rwdb_rd_id":40923,"orig_fid":18081,"prefix":"","uident":0,"continent":"Asia","expressway":1,"level":"","min_zoom":3,"min_label":6}},
{"type":"Feature","geometry":{"type":"LineString","coordinates":[[76.9773,29.6942],[76.9856,29.6654],[76.9856,29.5911],[76.9814,29.5416],[76.9691,29.4633],[76.9649,29.4303],[76.9691,29.3932]]},"properties":{"scalerank":3,"featurecla":"Road","type":"Major Highway","sov_a3":"","note":"","edited":"New in version 2.0.0","name":"","namealt":"","namealtt":"","routeraw":"","question":0,"length_km":29,"toll":0,"ne_part":"global_basic","label":"","label2":"","local":"","localtype":"","localalt":"","labelrank":0,"ignore":0,"add":0,"rwdb_rd_id":41286,"orig_fid":18299,"prefix":"","uident":0,"continent":"Asia","expressway":1,"level":"","min_zoom":3,"min_label":6}},
{"type":"Feature","geometry":{"type":"LineString","coordinates":[[76.9691,29.3932],[76.9814,29.3354],[76.9979,29.2818],[77.0144,29.2282],[77.0227,29.1952],[77.0309,29.1581],[77.0516,29.1045],[77.0598,29.0508],[77.0804,28.9972],[77.0928,28.9766]]},"properties":{"scalerank":3,"featurecla":"Road","type":"Major Highway","sov_a3":"","note":"","edited":"New in version 2.0.0","name":"","namealt":"","namealtt":"","routeraw":"","question":0,"length_km":43,"toll":0,"ne_part":"global_basic","label":"","label2":"","local":"","localtype":"","localalt":"","labelrank":0,"ignore":0,"add":0,"rwdb_rd_id":41858,"orig_fid":18676,"prefix":"","uident":0,"continent":"Asia","expressway":1,"level":"","min_zoom":3,"min_label":6}},
{"type":"Feature","geometry":{"type":"LineString","coordinates":[[77.0928,28.9766],[77.1134,28.9106],[77.134,28.8529],[77.1505,28.7992],[77.1712,28.7456],[77.2,28.6631]]},"properties":{"scalerank":3,"featurecla":"Road","type":"Major Highway","sov_a3":"","note":"","edited":"New in version 2.0.0","name":"","namealt":"","namealtt":"","routeraw":"","question":0,"length_km":33,"toll":0,"ne_part":"global_basic","label":"","label2":"","local":"","localtype":"","localalt":"","labelrank":0,"ignore":0,"add":0,"rwdb_rd_id":42205,"orig_fid":18882,"prefix":"","uident":0,"continent":"Asia","expressway":1,"level":"","min_zoom":3,"min_label":6}},
{"type":"Feature","geometry":{"type":"LineString","coordinates":[[77.0268,28.461],[77.0433,28.4775],[77.0598,28.4899],[77.1258,28.56],[77.1794,28.6178],[77.2042,28.6425]]},"properties":{"scalerank":3,"featurecla":"Road","type":"Major Highway","sov_a3":"","note":"","edited":"New in version 2.0.0","name":"","namealt":"","namealtt":"","routeraw":"","question":0,"length_km":27,"toll":0,"ne_part":"global_basic","label":"","label2":"","local":"","localtype":"","localalt":"","labelrank":0,"ignore":0,"add":0,"rwdb_rd_id":42441,"orig_fid":19021,"prefix":"","uident":0,"continent":"Asia","expressway":1,"level":"","min_zoom":3,"min_label":6}},
{"type":"Feature","geometry":{"type":"LineString","coordinates":[[76.7463,28.2136],[76.7793,28.2383],[76.833,28.2837],[76.8618,28.3167],[76.9113,28.3621],[77.0103,28.4445],[77.0268,28.461]]},"properties":{"scalerank":3,"featurecla":"Road","type":"Major Highway","sov_a3":"","note":"","edited":"New in version 2.0.0","name":"","namealt":"","namealtt":"","routeraw":"","question":0,"length_km":40,"toll":0,"ne_part":"global_basic","label":"","label2":"","local":"","localtype":"","localalt":"","labelrank":0,"ignore":0,"add":0,"rwdb_rd_id":42749,"orig_fid":19219,"prefix":"","uident":0,"continent":"Asia","expressway":1,"level":"","min_zoom":3,"min_label":6}},
{"type":"Feature","geometry":{"type":"LineString","coordinates":[[77.2042,28.6425],[77.2413,28.5971],[77.266,28.56],[77.3114,28.4858],[77.3196,28.4652],[77.3279,28.4322],[77.332,28.3786],[77.3238,28.3332],[77.299,28.2878],[77.2908,28.2548],[77.2908,28.2218],[77.299,28.1806],[77.3114,28.1558]]},"properties":{"scalerank":3,"featurecla":"Road","type":"Major Highway","sov_a3":"","note":"","edited":"New in version 2.0.0","name":"","namealt":"","namealtt":"","routeraw":"","question":0,"length_km":53,"toll":0,"ne_part":"global_basic","label":"","label2":"","local":"","localtype":"","localalt":"","labelrank":0,"ignore":0,"add":0,"rwdb_rd_id":42816,"orig_fid":19261,"prefix":"","uident":0,"continent":"Asia","expressway":1,"level":"","min_zoom":3,"min_label":6}},
{"type":"Feature","geometry":{"type":"LineString","coordinates":[[76.5937,28.0898],[76.602,28.1022],[76.6432,28.1435],[76.6597,28.1517],[76.7298,28.2053],[76.7463,28.2136]]},"properties":{"scalerank":3,"featurecla":"Road","type":"Major Highway","sov_a3":"","note":"","edited":"New in version 2.0.0","name":"","namealt":"","namealtt":"","routeraw":"","question":0,"length_km":21,"toll":0,"ne_part":"global_basic","label":"","label2":"","local":"","localtype":"","localalt":"","labelrank":0,"ignore":0,"add":0,"rwdb_rd_id":42880,"orig_fid":19300,"prefix":"","uident":0,"continent":"Asia","expressway":1,"level":"","min_zoom":3,"min_label":6}},
{"type":"Feature","geometry":{"type":"LineString","coordinates":[[76.2019,27.7145],[76.2184,27.7393],[76.239,27.8135],[76.2514,27.8465],[76.2638,27.863],[76.2885,27.8919],[76.3215,27.9207],[76.3628,27.9496],[76.4659,28.0156],[76.4865,28.0239],[76.5278,28.0486],[76.5855,28.0816],[76.5937,28.0898]]},"properties":{"scalerank":3,"featurecla":"Road","type":"Major Highway","sov_a3":"","note":"","edited":"New in version 2.0.0","name":"","namealt":"","namealtt":"","routeraw":"","question":0,"length_km":60,"toll":0,"ne_part":"global_basic","label":"","label2":"","local":"","localtype":"","localalt":"","labelrank":0,"ignore":0,"add":0,"rwdb_rd_id":43286,"orig_fid":19508,"prefix":"","uident":0,"continent":"Asia","expressway":1,"level":"","min_zoom":3,"min_label":6}},
{"type":"Feature","geometry":{"type":"LineString","coordinates":[[77.3114,28.1558],[77.3238,28.1311],[77.3361,28.094],[77.3403,28.0445],[77.3279,27.9909],[77.332,27.9579],[77.3403,27.9207],[77.3609,27.8836],[77.4063,27.8135],[77.4351,27.7805],[77.4681,27.7599],[77.497,27.7351],[77.5094,27.7186],[77.5506,27.6609],[77.5754,27.6238],[77.5919,27.6114],[77.662,27.533],[77.6785,27.4959]]},"properties":{"scalerank":3,"featurecla":"Road","type":"Major Highway","sov_a3":"","note":"","edited":"New in version 2.0.0","name":"","namealt":"","namealtt":"","routeraw":"","question":0,"length_km":81,"toll":0,"ne_part":"global_basic","label":"","label2":"","local":"","localtype":"","localalt":"","labelrank":0,"ignore":0,"add":0,"rwdb_rd_id":43469,"orig_fid":19633,"prefix":"","uident":0,"continent":"Asia","expressway":1,"level":"","min_zoom":3,"min_label":6}},
{"type":"Feature","geometry":{"type":"LineString","coordinates":[[75.9916,27.4011],[75.9751,27.4134],[75.9833,27.4299],[76.0287,27.4671],[76.0534,27.5001],[76.0741,27.5495],[76.0782,27.5619],[76.0988,27.6073],[76.1194,27.632],[76.1318,27.6444],[76.1854,27.6815],[76.2019,27.7145]]},"properties":{"scalerank":3,"featurecla":"Road","type":"Major Highway","sov_a3":"","note":"","edited":"New in version 2.0.0","name":"","namealt":"","namealtt":"","routeraw":"","question":0,"length_km":42,"toll":0,"ne_part":"global_basic","label":"","label2":"","local":"","localtype":"","localalt":"","labelrank":0,"ignore":0,"add":0,"rwdb_rd_id":43557,"orig_fid":19688,"prefix":"","uident":0,"continent":"Asia","expressway":1,"level":"","min_zoom":3,"min_label":6}},
{"type":"Feature","geometry":{"type":"LineString","coordinates":[[78.0002,27.199],[77.9754,27.2031],[77.9424,27.2196],[77.8641,27.2402],[77.8311,27.2608],[77.8146,27.2815],[77.7981,27.3062],[77.7816,27.3227],[77.7692,27.331],[77.7156,27.3433],[77.6991,27.3516],[77.695,27.3722],[77.6991,27.3969],[77.6991,27.4258],[77.7032,27.4588],[77.6908,27.4794],[77.6826,27.4959]]},"properties":{"scalerank":3,"featurecla":"Road","type":"Major Highway","sov_a3":"","note":"","edited":"New in version 2.0.0","name":"","namealt":"","namealtt":"","routeraw":"","question":0,"length_km":53,"toll":0,"ne_part":"global_basic","label":"","label2":"","local":"","localtype":"","localalt":"","labelrank":0,"ignore":0,"add":0,"rwdb_rd_id":43779,"orig_fid":19824,"prefix":"","uident":0,"continent":"Asia","expressway":1,"level":"","min_zoom":3,"min_label":6}},
{"type":"Feature","geometry":{"type":"LineString","coordinates":[[75.7936,26.902],[75.8101,26.9103],[75.8513,26.9515],[75.8761,26.9886],[75.9008,27.0299],[75.9256,27.0587],[75.9545,27.1],[75.9668,27.1371],[75.971,27.1536],[75.9586,27.2031],[75.9586,27.2402],[75.9586,27.2773],[75.9462,27.3268],[75.9462,27.3433],[75.971,27.3887],[75.9916,27.4011]]},"properties":{"scalerank":3,"featurecla":"Road","type":"Major Highway","sov_a3":"","note":"","edited":"New in version 2.0.0","name":"","namealt":"","namealtt":"","routeraw":"","question":0,"length_km":59,"toll":0,"ne_part":"global_basic","label":"","label2":"","local":"","localtype":"","localalt":"","labelrank":0,"ignore":0,"add":0,"rwdb_rd_id":44033,"orig_fid":19973,"prefix":"","uident":0,"continent":"Asia","expressway":1,"level":"","min_zoom":3,"min_label":6}},
{"type":"Feature","geometry":{"type":"LineString","coordinates":[[81.2296,26.9268],[81.1141,26.8979],[81.0481,26.8773],[81.0192,26.8731],[80.9368,26.8649]]},"properties":{"scalerank":3,"featurecla":"Road","type":"Major Highway","sov_a3":"","note":"","edited":"New in version 2.0.0","name":"","namealt":"","namealtt":"","routeraw":"","question":0,"length_km":33,"toll":0,"ne_part":"global_basic","label":"","label2":"","local":"","localtype":"","localalt":"","labelrank":0,"ignore":0,"add":0,"rwdb_rd_id":44068,"orig_fid":20004,"prefix":"","uident":0,"continent":"Asia","expressway":1,"level":"","min_zoom":3,"min_label":6}},
{"type":"Feature","geometry":{"type":"LineString","coordinates":[[82.1576,26.7824],[82.0916,26.7742],[82.0009,26.7618],[81.8895,26.77],[81.8524,26.7742],[81.7864,26.7824],[81.7451,26.7824],[81.6709,26.7783],[81.6049,26.7783],[81.576,26.7824],[81.543,26.7948],[81.4152,26.8608],[81.3574,26.8896],[81.3121,26.9103],[81.2296,26.9268]]},"properties":{"scalerank":3,"featurecla":"Road","type":"Major Highway","sov_a3":"","note":"","edited":"New in version 2.0.0","name":"","namealt":"","namealtt":"","routeraw":"","question":0,"length_km":106,"toll":0,"ne_part":"global_basic","label":"","label2":"","local":"","localtype":"","localalt":"","labelrank":0,"ignore":0,"add":0,"rwdb_rd_id":44151,"orig_fid":20058,"prefix":"","uident":0,"continent":"Asia","expressway":1,"level":"","min_zoom":3,"min_label":6}},
{"type":"Feature","geometry":{"type":"LineString","coordinates":[[88.3772,26.7164],[88.3978,26.7205],[88.4226,26.7205],[88.4597,26.7123],[88.468,26.7412],[88.4556,26.803],[88.4638,26.8649],[88.4762,26.8731]]},"properties":{"scalerank":3,"featurecla":"Road","type":"Major Highway","sov_a3":"","note":"","edited":"New in version 2.0.0","name":"","namealt":"","namealtt":"","routeraw":"","question":0,"length_km":26,"toll":0,"ne_part":"global_basic","label":"","label2":"","local":"","localtype":"","localalt":"","labelrank":0,"ignore":0,"add":0,"rwdb_rd_id":44198,"orig_fid":20085,"prefix":"","uident":0,"continent":"Asia","expressway":1,"level":"","min_zoom":3,"min_label":6}},
{"type":"Feature","geometry":{"type":"LineString","coordinates":[[88.2947,26.5927],[88.3772,26.7164]]},"properties":{"scalerank":3,"featurecla":"Road","type":"Major Highway","sov_a3":"","note":"","edited":"New in version 2.0.0","name":"","namealt":"","namealtt":"","routeraw":"","question":0,"length_km":15,"toll":0,"ne_part":"global_basic","label":"","label2":"","local":"","localtype":"","localalt":"","labelrank":0,"ignore":0,"add":0,"rwdb_rd_id":44290,"orig_fid":20147,"prefix":"","uident":0,"continent":"Asia","expressway":1,"level":"","min_zoom":3,"min_label":6}},
{"type":"Feature","geometry":{"type":"LineString","coordinates":[[88.2947,26.5927],[88.3153,26.6298],[88.3195,26.6504],[88.3236,26.6999],[88.3277,26.704]]},"properties":{"scalerank":3,"featurecla":"Road","type":"Major Highway","sov_a3":"","note":"","edited":"New in version 2.0.0","name":"","namealt":"","namealtt":"","routeraw":"","question":0,"length_km":12,"toll":0,"ne_part":"global_basic","label":"","label2":"","local":"","localtype":"","localalt":"","labelrank":0,"ignore":0,"add":0,"rwdb_rd_id":44291,"orig_fid":20148,"prefix":"","uident":0,"continent":"Asia","expressway":1,"level":"","min_zoom":3,"min_label":6}},
{"type":"Feature","geometry":{"type":"LineString","coordinates":[[74.8615,26.5803],[74.8986,26.5844],[74.9192,26.5886],[74.9976,26.6009],[75.0595,26.6051],[75.0801,26.6133],[75.1213,26.638],[75.1378,26.6463],[75.1997,26.6587],[75.2409,26.6834],[75.2863,26.7205],[75.311,26.737],[75.3523,26.7618],[75.4142,26.7824],[75.4801,26.8072],[75.5296,26.8195],[75.5668,26.8278],[75.6451,26.8484],[75.6699,26.8566],[75.7359,26.8938],[75.7565,26.8979],[75.7936,26.902]]},"properties":{"scalerank":3,"featurecla":"Road","type":"Major Highway","sov_a3":"","note":"","edited":"New in version 2.0.0","name":"","namealt":"","namealtt":"","routeraw":"","question":0,"length_km":110,"toll":0,"ne_part":"global_basic","label":"","label2":"","local":"","localtype":"","localalt":"","labelrank":0,"ignore":0,"add":0,"rwdb_rd_id":44300,"orig_fid":20155,"prefix":"","uident":0,"continent":"Asia","expressway":1,"level":"","min_zoom":3,"min_label":6}},
{"type":"Feature","geometry":{"type":"LineString","coordinates":[[77.9754,26.4896],[77.963,26.5102],[77.9548,26.5267],[77.9383,26.5927],[77.9301,26.6133],[77.9094,26.638],[77.8888,26.6669],[77.8847,26.6917],[77.8847,26.7288],[77.8847,26.7865],[77.8888,26.8154],[77.8971,26.8484],[77.9094,26.8731],[77.9342,26.9061],[77.9424,26.9226],[77.9507,26.9598],[77.9548,26.9969],[77.9672,27.0299],[78.0167,27.133],[78.029,27.166],[78.0249,27.1783],[78.0002,27.199]]},"properties":{"scalerank":3,"featurecla":"Road","type":"Major Highway","sov_a3":"","note":"","edited":"New in version 2.0.0","name":"","namealt":"","namealtt":"","routeraw":"","question":0,"length_km":78,"toll":0,"ne_part":"global_basic","label":"","label2":"","local":"","localtype":"","localalt":"","labelrank":0,"ignore":0,"add":0,"rwdb_rd_id":44385,"orig_fid":20217,"prefix":"","uident":0,"continent":"Asia","expressway":1,"level":"","min_zoom":3,"min_label":6}},
{"type":"Feature","geometry":{"type":"LineString","coordinates":[[80.9368,26.8649],[80.9368,26.8484],[80.9161,26.8154],[80.8831,26.7783],[80.8584,26.7412],[80.8501,26.7205],[80.8171,26.671],[80.8007,26.6463],[80.78,26.6422],[80.747,26.6257],[80.7058,26.6133],[80.648,26.6051],[80.6233,26.6009],[80.5862,26.5844],[80.5326,26.5556],[80.4748,26.5267],[80.4253,26.5061],[80.3882,26.4731],[80.3428,26.4524]]},"properties":{"scalerank":4,"featurecla":"Road","type":"Major Highway","sov_a3":"","note":"","edited":"New in version 2.0.0","name":"","namealt":"","namealtt":"","routeraw":"","question":0,"length_km":82,"toll":0,"ne_part":"global_basic","label":"","label2":"","local":"","localtype":"","localalt":"","labelrank":0,"ignore":0,"add":0,"rwdb_rd_id":44418,"orig_fid":20240,"prefix":"","uident":0,"continent":"Asia","expressway":1,"level":"","min_zoom":4,"min_label":7}},
{"type":"Feature","geometry":{"type":"LineString","coordinates":[[91.6149,26.4318],[91.5736,26.436],[91.5241,26.4483],[91.5118,26.4483],[91.454,26.4401],[91.4252,26.4401],[91.3963,26.4566],[91.3798,26.4731],[91.3633,26.5061],[91.3509,26.5226],[91.3303,26.5226],[91.2849,26.5184],[91.2354,26.5061],[91.2148,26.5019],[91.1694,26.5102],[91.1323,26.4978],[91.0622,26.4607],[91.0292,26.4277],[91.0045,26.4195],[90.9591,26.4277],[90.9385,26.4442],[90.9179,26.4524],[90.9014,26.4524],[90.8684,26.4442],[90.8395,26.436],[90.8271,26.4401],[90.8106,26.4524],[90.79,26.4731],[90.7776,26.4731],[90.7364,26.4689],[90.7116,26.4813],[90.6869,26.4772],[90.6498,26.4854],[90.6291,26.4854],[90.6168,26.4813]]},"properties":{"scalerank":3,"featurecla":"Road","type":"Major Highway","sov_a3":"","note":"","edited":"New in version 2.0.0","name":"","namealt":"","namealtt":"","routeraw":"","question":0,"length_km":120,"toll":0,"ne_part":"global_basic","label":"","label2":"","local":"","localtype":"","localalt":"","labelrank":0,"ignore":0,"add":0,"rwdb_rd_id":44446,"orig_fid":20261,"prefix":"","uident":0,"continent":"Asia","expressway":1,"level":"","min_zoom":3,"min_label":6}},
{"type":"Feature","geometry":{"type":"LineString","coordinates":[[84.9333,26.5473],[84.9292,26.5432],[84.888,26.5267],[84.8426,26.5143],[84.789,26.4566],[84.7725,26.4401],[84.7766,26.4236],[84.7766,26.403],[84.7683,26.3906],[84.7395,26.3658],[84.7147,26.3535],[84.7106,26.3576],[84.69,26.4071],[84.6817,26.4112],[84.6199,26.4071],[84.5291,26.4236],[84.4879,26.4401],[84.4136,26.4813],[84.3848,26.5184],[84.3477,26.5514],[84.327,26.5597],[84.3105,26.5803],[84.2899,26.6051],[84.2528,26.6298],[84.2322,26.6422],[84.1951,26.6834],[84.1456,26.6875],[84.1167,26.6875],[84.0837,26.6793],[84.0631,26.6793],[84.0383,26.6917],[83.993,26.6999],[83.9765,26.7082],[83.9228,26.7453],[83.9105,26.7453],[83.8568,26.7329],[83.8197,26.7288],[83.7909,26.7288],[83.7496,26.7329],[83.6259,26.7329],[83.5269,26.7329],[83.465,26.7412],[83.4197,26.7412],[83.399,26.7412],[83.3289,26.7329],[83.2877,26.7329],[83.2176,26.7494],[83.1763,26.7453],[83.1062,26.7618],[83.0732,26.7618],[83.0031,26.77],[82.999,26.7783],[82.9783,26.7865],[82.9577,26.7907],[82.9454,26.7907],[82.9124,26.77],[82.8876,26.7659],[82.867,26.77],[82.8381,26.7865],[82.8092,26.7948],[82.7474,26.7907],[82.6979,26.77],[82.6443,26.7618],[82.5989,26.7577],[82.5205,26.77],[82.4999,26.7783],[82.471,26.7907],[82.4174,26.7742],[82.3721,26.7783],[82.3061,26.803],[82.2772,26.8113],[82.2236,26.8319],[82.203,26.7824],[82.1576,26.7824]]},"properties":{"scalerank":3,"featurecla":"Road","type":"Major Highway","sov_a3":"","note":"","edited":"New in version 2.0.0","name":"","namealt":"","namealtt":"","routeraw":"","question":0,"length_km":340,"toll":0,"ne_part":"global_basic","label":"","label2":"","local":"","localtype":"","localalt":"","labelrank":0,"ignore":0,"add":0,"rwdb_rd_id":44498,"orig_fid":20292,"prefix":"","uident":0,"continent":"Asia","expressway":1,"level":"","min_zoom":3,"min_label":6}},
{"type":"Feature","geometry":{"type":"LineString","coordinates":[[89.4496,26.3452],[89.4207,26.3493],[89.4083,26.37],[89.3836,26.4236],[89.3712,26.4483],[89.363,26.4731],[89.3794,26.4978],[89.3671,26.5019],[89.2433,26.5143],[89.2103,26.5143],[89.1897,26.5267],[89.1567,26.5762],[89.1526,26.6051],[89.1609,26.638],[89.1609,26.6628],[89.1526,26.6999],[89.132,26.704],[89.1072,26.7082],[89.066,26.6999],[89.0412,26.6999],[89.033,26.6834],[89.033,26.6628],[89.033,26.6298],[89.0165,26.6133],[89.0206,26.5927],[89.0083,26.5803],[88.9918,26.5844],[88.9175,26.5597],[88.8928,26.5597],[88.8227,26.5638],[88.8103,26.5803],[88.7938,26.6051],[88.7814,26.6422],[88.7773,26.6587],[88.7773,26.6958],[88.7855,26.7288],[88.802,26.7618],[88.8144,26.8236],[88.8103,26.8525],[88.7979,26.869],[88.7814,26.869],[88.7113,26.8566],[88.6494,26.8608],[88.6082,26.8731],[88.5628,26.869],[88.5092,26.8731],[88.4762,26.8731]]},"properties":{"scalerank":3,"featurecla":"Road","type":"Major Highway","sov_a3":"","note":"","edited":"New in version 2.0.0","name":"","namealt":"","namealtt":"","routeraw":"","question":0,"length_km":177,"toll":0,"ne_part":"global_basic","label":"","label2":"","local":"","localtype":"","localalt":"","labelrank":0,"ignore":0,"add":0,"rwdb_rd_id":44509,"orig_fid":20300,"prefix":"","uident":0,"continent":"Asia","expressway":1,"level":"","min_zoom":3,"min_label":6}},
{"type":"Feature","geometry":{"type":"LineString","coordinates":[[91.7304,26.3411],[91.6974,26.3452],[91.6603,26.3411],[91.6603,26.3576],[91.6396,26.3741],[91.6355,26.3823],[91.6273,26.4236],[91.6149,26.4318]]},"properties":{"scalerank":3,"featurecla":"Road","type":"Major Highway","sov_a3":"","note":"","edited":"New in version 2.0.0","name":"","namealt":"","namealtt":"","routeraw":"","question":0,"length_km":19,"toll":0,"ne_part":"global_basic","label":"","label2":"","local":"","localtype":"","localalt":"","labelrank":0,"ignore":0,"add":0,"rwdb_rd_id":44514,"orig_fid":20305,"prefix":"","uident":0,"continent":"Asia","expressway":1,"level":"","min_zoom":3,"min_label":6}},
{"type":"Feature","geometry":{"type":"LineString","coordinates":[[88.2824,26.3246],[88.3112,26.3535],[88.3071,26.3782],[88.2824,26.4071],[88.27,26.4277],[88.2494,26.4566],[88.2411,26.4731],[88.2452,26.4937],[88.2617,26.5391],[88.2865,26.5721],[88.2947,26.5927]]},"properties":{"scalerank":3,"featurecla":"Road","type":"Major Highway","sov_a3":"","note":"","edited":"New in version 2.0.0","name":"","namealt":"","namealtt":"","routeraw":"","question":0,"length_km":32,"toll":0,"ne_part":"global_basic","label":"","label2":"","local":"","localtype":"","localalt":"","labelrank":0,"ignore":0,"add":0,"rwdb_rd_id":44523,"orig_fid":20312,"prefix":"","uident":0,"continent":"Asia","expressway":1,"level":"","min_zoom":3,"min_label":6}},
{"type":"Feature","geometry":{"type":"LineString","coordinates":[[78.161,26.2091],[78.1651,26.2132],[78.1486,26.2504],[78.1198,26.2916],[78.0744,26.3493],[78.0579,26.3823],[78.0455,26.4153],[78.0249,26.4483],[77.9754,26.4896]]},"properties":{"scalerank":3,"featurecla":"Road","type":"Major Highway","sov_a3":"","note":"","edited":"New in version 2.0.0","name":"","namealt":"","namealtt":"","routeraw":"","question":0,"length_km":36,"toll":0,"ne_part":"global_basic","label":"","label2":"","local":"","localtype":"","localalt":"","labelrank":0,"ignore":0,"add":0,"rwdb_rd_id":44627,"orig_fid":20373,"prefix":"","uident":0,"continent":"Asia","expressway":1,"level":"","min_zoom":3,"min_label":6}},
{"type":"Feature","geometry":{"type":"LineString","coordinates":[[79.8108,26.205],[79.7819,26.2215],[79.7324,26.2627],[79.6953,26.2957],[79.6582,26.3411],[79.6252,26.37],[79.5221,26.4524],[79.5015,26.4648],[79.4437,26.4813],[79.3942,26.5061],[79.3571,26.5308],[79.3282,26.5514],[79.3159,26.5679],[79.254,26.6009],[79.1756,26.6587],[79.122,26.7123],[79.0931,26.7288],[79.0478,26.7494],[78.9859,26.7907],[78.9694,26.8072],[78.924,26.869],[78.8869,26.902],[78.7508,27.0092],[78.6807,27.0629],[78.6518,27.0794],[78.6106,27.0959],[78.5735,27.1082],[78.4745,27.1289],[78.4374,27.1412],[78.4167,27.1536],[78.3507,27.1866],[78.2848,27.2155],[78.2353,27.232],[78.2023,27.2402],[78.1322,27.2443],[78.1115,27.2402],[78.0785,27.2278],[78.0497,27.2113],[78.0002,27.199]]},"properties":{"scalerank":3,"featurecla":"Road","type":"Major Highway","sov_a3":"","note":"","edited":"New in version 2.0.0","name":"","namealt":"","namealtt":"","routeraw":"","question":0,"length_km":233,"toll":0,"ne_part":"global_basic","label":"","label2":"","local":"","localtype":"","localalt":"","labelrank":0,"ignore":0,"add":0,"rwdb_rd_id":44628,"orig_fid":20374,"prefix":"","uident":0,"continent":"Asia","expressway":1,"level":"","min_zoom":3,"min_label":6}},
{"type":"Feature","geometry":{"type":"LineString","coordinates":[[80.3263,26.4566],[80.2933,26.4607],[80.2109,26.4483],[80.1985,26.4442],[80.1449,26.4195],[80.0954,26.403],[80.0583,26.3947],[80.0335,26.3865],[80.0129,26.3823],[80.0005,26.3741],[79.9716,26.3452],[79.9304,26.3246],[79.8974,26.2998],[79.852,26.2586],[79.8108,26.205]]},"properties":{"scalerank":3,"featurecla":"Road","type":"Major Highway","sov_a3":"","note":"","edited":"New in version 2.0.0","name":"","namealt":"","namealtt":"","routeraw":"","question":0,"length_km":65,"toll":0,"ne_part":"global_basic","label":"","label2":"","local":"","localtype":"","localalt":"","labelrank":0,"ignore":0,"add":0,"rwdb_rd_id":44629,"orig_fid":20375,"prefix":"","uident":0,"continent":"Asia","expressway":1,"level":"","min_zoom":3,"min_label":6}},
{"type":"Feature","geometry":{"type":"LineString","coordinates":[[91.6685,26.2009],[91.7221,26.2091],[91.718,26.2215],[91.7097,26.2462],[91.7015,26.271],[91.7139,26.304],[91.7304,26.3411]]},"properties":{"scalerank":3,"featurecla":"Road","type":"Major Highway","sov_a3":"","note":"","edited":"New in version 2.0.0","name":"","namealt":"","namealtt":"","routeraw":"","question":0,"length_km":20,"toll":0,"ne_part":"global_basic","label":"","label2":"","local":"","localtype":"","localalt":"","labelrank":0,"ignore":0,"add":0,"rwdb_rd_id":44636,"orig_fid":20381,"prefix":"","uident":0,"continent":"Asia","expressway":1,"level":"","min_zoom":3,"min_label":6}},
{"type":"Feature","geometry":{"type":"LineString","coordinates":[[91.8706,26.0895],[91.8459,26.1019],[91.7922,26.1431],[91.7427,26.1802],[91.7304,26.1596],[91.718,26.1514],[91.6974,26.1472],[91.6726,26.1555]]},"properties":{"scalerank":3,"featurecla":"Road","type":"Major Highway","sov_a3":"","note":"","edited":"New in version 2.0.0","name":"","namealt":"","namealtt":"","routeraw":"","question":0,"length_km":26,"toll":0,"ne_part":"global_basic","label":"","label2":"","local":"","localtype":"","localalt":"","labelrank":0,"ignore":0,"add":0,"rwdb_rd_id":44731,"orig_fid":20440,"prefix":"","uident":0,"continent":"Asia","expressway":1,"level":"","min_zoom":3,"min_label":6}},
{"type":"Feature","geometry":{"type":"LineString","coordinates":[[90.559,26.4731],[90.5302,26.4689],[90.5178,26.4648],[90.46,26.4524],[90.4023,26.4401],[90.3281,26.4195],[90.2703,26.3988],[90.225,26.3782],[90.192,26.3617],[90.2002,26.3535],[90.2167,26.3081],[90.2373,26.2339],[90.2291,26.2297],[90.1961,26.238],[90.1383,26.2174],[90.1177,26.2009],[90.0847,26.1926],[90.0559,26.1679],[89.9981,26.106],[89.9734,26.0895],[89.9445,26.0977],[89.9197,26.1019],[89.9074,26.0977],[89.8703,26.0977],[89.8373,26.1019],[89.8125,26.1142],[89.796,26.1555],[89.7919,26.1967],[89.7919,26.2297],[89.7754,26.2792],[89.7713,26.3122],[89.7424,26.3163],[89.697,26.3163],[89.6434,26.3081],[89.5362,26.304],[89.4867,26.3081],[89.4784,26.3163],[89.4619,26.337],[89.4496,26.3452]]},"properties":{"scalerank":3,"featurecla":"Road","type":"Major Highway","sov_a3":"","note":"","edited":"New in version 2.0.0","name":"","namealt":"","namealtt":"","routeraw":"","question":0,"length_km":167,"toll":0,"ne_part":"global_basic","label":"","label2":"","local":"","localtype":"","localalt":"","labelrank":0,"ignore":0,"add":0,"rwdb_rd_id":44733,"orig_fid":20442,"prefix":"","uident":0,"continent":"Asia","expressway":1,"level":"","min_zoom":3,"min_label":6}},
{"type":"Feature","geometry":{"type":"LineString","coordinates":[[91.8706,26.0895],[91.8953,26.1101],[91.9118,26.1184],[91.9366,26.1184],[91.9696,26.1101],[92.0026,26.1142],[92.0232,26.1142],[92.0562,26.106],[92.1057,26.1101],[92.1346,26.1019],[92.1511,26.1019],[92.2088,26.1142],[92.2542,26.1225],[92.2748,26.1184],[92.2872,26.1019],[92.3119,26.0977],[92.3449,26.1184],[92.3532,26.1307],[92.3532,26.1472],[92.3655,26.1679],[92.415,26.1885],[92.4604,26.1967],[92.4893,26.2009],[92.5058,26.205],[92.514,26.2256],[92.5305,26.2421],[92.547,26.2504],[92.5883,26.271],[92.613,26.2875],[92.646,26.3122],[92.679,26.337],[92.6996,26.3535]]},"properties":{"scalerank":3,"featurecla":"Road","type":"Major Highway","sov_a3":"","note":"","edited":"New in version 2.0.0","name":"","namealt":"","namealtt":"","routeraw":"","question":0,"length_km":104,"toll":0,"ne_part":"global_basic","label":"","label2":"","local":"","localtype":"","localalt":"","labelrank":0,"ignore":0,"add":0,"rwdb_rd_id":44734,"orig_fid":20443,"prefix":"","uident":0,"continent":"Asia","expressway":1,"level":"","min_zoom":3,"min_label":6}},
{"type":"Feature","geometry":{"type":"LineString","coordinates":[[85.3829,26.0854],[85.3581,26.106],[85.3499,26.1142],[85.3499,26.1514],[85.3375,26.1679],[85.3128,26.1926],[85.2798,26.2215],[85.255,26.2339],[85.1767,26.2627],[85.1519,26.2833],[85.1313,26.3122],[85.0983,26.3658],[85.0736,26.3947],[85.0488,26.4401],[85.0323,26.4566],[84.9869,26.4937],[84.9416,26.5349],[84.9333,26.5473]]},"properties":{"scalerank":3,"featurecla":"Road","type":"Major Highway","sov_a3":"","note":"","edited":"New in version 2.0.0","name":"","namealt":"","namealtt":"","routeraw":"","question":0,"length_km":71,"toll":0,"ne_part":"global_basic","label":"","label2":"","local":"","localtype":"","localalt":"","labelrank":0,"ignore":0,"add":0,"rwdb_rd_id":44738,"orig_fid":20445,"prefix":"","uident":0,"continent":"Asia","expressway":1,"level":"","min_zoom":3,"min_label":6}},
{"type":"Feature","geometry":{"type":"LineString","coordinates":[[79.753,26.1101],[79.7324,26.1142],[79.7118,26.1101],[79.5881,26.0565],[79.4767,26.007],[79.4602,25.9946]]},"properties":{"scalerank":4,"featurecla":"Road","type":"Major Highway","sov_a3":"","note":"","edited":"New in version 2.0.0","name":"","namealt":"","namealtt":"","routeraw":"","question":0,"length_km":35,"toll":0,"ne_part":"global_basic","label":"","label2":"","local":"","localtype":"","localalt":"","labelrank":0,"ignore":0,"add":0,"rwdb_rd_id":44805,"orig_fid":20491,"prefix":"","uident":0,"continent":"Asia","expressway":1,"level":"","min_zoom":4,"min_label":7}},
{"type":"Feature","geometry":{"type":"LineString","coordinates":[[92.6996,26.3535],[92.7161,26.3122],[92.7244,26.2833],[92.745,26.2545],[92.7491,26.238],[92.7409,26.1967],[92.745,26.172],[92.7697,26.1555],[92.8027,26.1431],[92.8522,26.1307],[92.8605,26.1225],[92.8852,26.0854],[92.9182,26.0276],[92.9347,25.974],[92.943,25.9575],[92.9553,25.9534]]},"properties":{"scalerank":3,"featurecla":"Road","type":"Major Highway","sov_a3":"","note":"","edited":"New in version 2.0.0","name":"","namealt":"","namealtt":"","routeraw":"","question":0,"length_km":54,"toll":0,"ne_part":"global_basic","label":"","label2":"","local":"","localtype":"","localalt":"","labelrank":0,"ignore":0,"add":0,"rwdb_rd_id":44833,"orig_fid":20505,"prefix":"","uident":0,"continent":"Asia","expressway":1,"level":"","min_zoom":3,"min_label":6}},
{"type":"Feature","geometry":{"type":"LineString","coordinates":[[87.8328,25.8709],[87.8287,25.8874],[87.8493,25.9699],[87.8617,25.9905],[87.8823,26.0235],[87.94,26.0771],[87.973,26.1019],[88.0266,26.1307],[88.0596,26.1472],[88.1133,26.1885],[88.171,26.2339],[88.2122,26.271],[88.2535,26.2957],[88.2824,26.3246]]},"properties":{"scalerank":3,"featurecla":"Road","type":"Major Highway","sov_a3":"","note":"","edited":"New in version 2.0.0","name":"","namealt":"","namealtt":"","routeraw":"","question":0,"length_km":71,"toll":0,"ne_part":"global_basic","label":"","label2":"","local":"","localtype":"","localalt":"","labelrank":0,"ignore":0,"add":0,"rwdb_rd_id":44908,"orig_fid":20547,"prefix":"","uident":0,"continent":"Asia","expressway":1,"level":"","min_zoom":3,"min_label":6}},
{"type":"Feature","geometry":{"type":"LineString","coordinates":[[79.4602,25.9946],[79.419,25.9575],[79.3819,25.9328],[79.3365,25.9122],[79.2911,25.9039],[79.254,25.8915],[79.1921,25.8668],[79.089,25.8379],[79.0684,25.8255],[79.0436,25.8049],[78.99,25.7554],[78.9694,25.7389],[78.9282,25.6936],[78.8993,25.6647],[78.858,25.6069],[78.8457,25.5946],[78.8209,25.5739],[78.7921,25.5327],[78.7549,25.4997],[78.7054,25.4708],[78.6848,25.4667],[78.6436,25.4626],[78.6188,25.4626],[78.5817,25.4543]]},"properties":{"scalerank":4,"featurecla":"Road","type":"Major Highway","sov_a3":"","note":"","edited":"New in version 2.0.0","name":"","namealt":"","namealtt":"","routeraw":"","question":0,"length_km":115,"toll":0,"ne_part":"global_basic","label":"","label2":"","local":"","localtype":"","localalt":"","labelrank":0,"ignore":0,"add":0,"rwdb_rd_id":45344,"orig_fid":20746,"prefix":"","uident":0,"continent":"Asia","expressway":1,"level":"","min_zoom":4,"min_label":7}},
{"type":"Feature","geometry":{"type":"LineString","coordinates":[[78.5817,25.4543],[78.5817,25.4667],[78.5652,25.4873],[78.524,25.5286],[78.5033,25.5616],[78.4869,25.6193],[78.4662,25.6523],[78.4415,25.6936],[78.4085,25.7719],[78.3755,25.8379],[78.3549,25.8709],[78.3095,25.9493],[78.2683,26.007],[78.26,26.0276],[78.2435,26.0854],[78.2353,26.106],[78.2064,26.1349],[78.1693,26.1596],[78.161,26.1761],[78.161,26.2091]]},"properties":{"scalerank":3,"featurecla":"Road","type":"Major Highway","sov_a3":"","note":"","edited":"New in version 2.0.0","name":"","namealt":"","namealtt":"","routeraw":"","question":0,"length_km":91,"toll":0,"ne_part":"global_basic","label":"","label2":"","local":"","localtype":"","localalt":"","labelrank":0,"ignore":0,"add":0,"rwdb_rd_id":45345,"orig_fid":20747,"prefix":"","uident":0,"continent":"Asia","expressway":1,"level":"","min_zoom":3,"min_label":6}},
{"type":"Feature","geometry":{"type":"LineString","coordinates":[[81.8359,25.4502],[81.8111,25.4461],[81.7699,25.4502],[81.7163,25.4585],[81.6874,25.4708],[81.6462,25.4956],[81.5843,25.5245],[81.543,25.5575],[81.5101,25.5781],[81.4482,25.6028],[81.3574,25.6441],[81.308,25.6771],[81.2626,25.6936],[81.1883,25.7389],[81.1554,25.7554],[81.0852,25.7843],[80.9739,25.8503],[80.9491,25.8585],[80.8831,25.8957],[80.8213,25.9245],[80.7965,25.9451],[80.7264,26.0153],[80.6852,26.0524],[80.6604,26.0689],[80.6398,26.0895],[80.6027,26.1184],[80.5614,26.1637],[80.5367,26.1967],[80.4954,26.2916],[80.4666,26.337],[80.4542,26.3535],[80.4088,26.3988],[80.3593,26.4318],[80.3428,26.4524]]},"properties":{"scalerank":3,"featurecla":"Road","type":"Major Highway","sov_a3":"","note":"","edited":"New in version 2.0.0","name":"","namealt":"","namealtt":"","routeraw":"","question":0,"length_km":200,"toll":0,"ne_part":"global_basic","label":"","label2":"","local":"","localtype":"","localalt":"","labelrank":0,"ignore":0,"add":0,"rwdb_rd_id":45350,"orig_fid":20751,"prefix":"","uident":0,"continent":"Asia","expressway":1,"level":"","min_zoom":3,"min_label":6}},
{"type":"Feature","geometry":{"type":"LineString","coordinates":[[82.5618,25.2646],[82.4999,25.2687],[82.4174,25.2894],[82.3556,25.31],[82.3267,25.3182],[82.2442,25.3471],[82.2153,25.3554],[82.1411,25.3554],[82.0998,25.3636],[82.0792,25.3719],[82.038,25.409],[81.9967,25.4255],[81.9142,25.442],[81.8648,25.4543]]},"properties":{"scalerank":3,"featurecla":"Road","type":"Major Highway","sov_a3":"","note":"","edited":"New in version 2.0.0","name":"","namealt":"","namealtt":"","routeraw":"","question":0,"length_km":81,"toll":0,"ne_part":"global_basic","label":"","label2":"","local":"","localtype":"","localalt":"","labelrank":0,"ignore":0,"add":0,"rwdb_rd_id":45544,"orig_fid":20870,"prefix":"","uident":0,"continent":"Asia","expressway":1,"level":"","min_zoom":3,"min_label":6}},
{"type":"Feature","geometry":{"type":"LineString","coordinates":[[77.6537,25.4131],[77.6372,25.409],[77.6083,25.3842],[77.5671,25.3636],[77.5341,25.3471],[77.5094,25.3389],[77.4681,25.343],[77.3815,25.3224],[77.3196,25.2935],[77.299,25.2894],[77.2619,25.2811],[77.1794,25.2564],[77.134,25.2192],[77.101,25.1904],[77.0763,25.178],[77.0392,25.1615],[76.9608,25.1409],[76.9196,25.1368],[76.8577,25.1203],[76.8123,25.0955],[76.7958,25.0955],[76.7628,25.0955],[76.7257,25.0996],[76.6804,25.1203],[76.6474,25.1285],[76.5814,25.112],[76.5607,25.1038],[76.5236,25.0955],[76.4865,25.0955],[76.4288,25.1079],[76.3586,25.1161],[76.305,25.1326],[76.2679,25.1409],[76.2514,25.1491],[76.2349,25.1491],[76.1813,25.1615],[76.1442,25.1615],[76.1236,25.1615],[76.0823,25.1698],[75.9957,25.178],[75.9421,25.1904],[75.8843,25.1863],[75.839,25.1739]]},"properties":{"scalerank":4,"featurecla":"Road","type":"Major Highway","sov_a3":"","note":"","edited":"New in version 2.0.0","name":"","namealt":"","namealtt":"","routeraw":"","question":0,"length_km":211,"toll":0,"ne_part":"global_basic","label":"","label2":"","local":"","localtype":"","localalt":"","labelrank":0,"ignore":0,"add":0,"rwdb_rd_id":45711,"orig_fid":20970,"prefix":"","uident":0,"continent":"Asia","expressway":1,"level":"","min_zoom":4,"min_label":7}},
{"type":"Feature","geometry":{"type":"LineString","coordinates":[[73.9005,25.0666],[73.9211,25.0708],[73.9335,25.0831],[73.9789,25.1079],[73.9995,25.112],[74.0201,25.112],[74.0696,25.1038],[74.1026,25.1038],[74.1851,25.1161],[74.2016,25.1285],[74.2263,25.1533],[74.2552,25.1945],[74.2717,25.2069],[74.3088,25.211],[74.3789,25.1986],[74.3995,25.2027],[74.4614,25.2275],[74.4903,25.2522],[74.5109,25.2646],[74.5357,25.2687],[74.614,25.3141],[74.6388,25.3306]]},"properties":{"scalerank":4,"featurecla":"Road","type":"Major Highway","sov_a3":"","note":"","edited":"New in version 2.0.0","name":"","namealt":"","namealtt":"","routeraw":"","question":0,"length_km":91,"toll":0,"ne_part":"global_basic","label":"","label2":"","local":"","localtype":"","localalt":"","labelrank":0,"ignore":0,"add":0,"rwdb_rd_id":45731,"orig_fid":20985,"prefix":"","uident":0,"continent":"Asia","expressway":1,"level":"","min_zoom":4,"min_label":7}},
{"type":"Feature","geometry":{"type":"LineString","coordinates":[[84.0095,24.9553],[83.9723,24.9553],[83.927,24.9594],[83.9022,24.9677],[83.8568,24.9924],[83.8197,25.0172],[83.7867,25.0378],[83.7372,25.0666],[83.7207,25.0749],[83.6754,25.1161],[83.6341,25.1533],[83.5929,25.1615],[83.5516,25.2027],[83.5228,25.2151],[83.4485,25.2234],[83.3825,25.2357],[83.3124,25.2481],[83.2836,25.2522],[83.1804,25.2522],[83.1433,25.2605],[83.0815,25.3017],[83.0485,25.3141],[83.0072,25.3471],[82.9783,25.3265],[82.933,25.2935],[82.9124,25.2894],[82.834,25.277],[82.7969,25.2811],[82.768,25.2811],[82.7474,25.2687],[82.6484,25.2564],[82.6195,25.2564],[82.5618,25.2646]]},"properties":{"scalerank":3,"featurecla":"Road","type":"Major Highway","sov_a3":"","note":"","edited":"New in version 2.0.0","name":"","namealt":"","namealtt":"","routeraw":"","question":0,"length_km":174,"toll":0,"ne_part":"global_basic","label":"","label2":"","local":"","localtype":"","localalt":"","labelrank":0,"ignore":0,"add":0,"rwdb_rd_id":45868,"orig_fid":21080,"prefix":"","uident":0,"continent":"Asia","expressway":1,"level":"","min_zoom":3,"min_label":6}},
{"type":"Feature","geometry":{"type":"LineString","coordinates":[[84.0095,24.9553],[84.0259,24.9553],[84.0754,24.9429],[84.1249,24.9305],[84.1868,24.8934],[84.261,24.8357],[84.3105,24.7986],[84.3229,24.7738],[84.3477,24.7656],[84.3683,24.7532]]},"properties":{"scalerank":3,"featurecla":"Road","type":"Major Highway","sov_a3":"","note":"","edited":"New in version 2.0.0","name":"","namealt":"","namealtt":"","routeraw":"","question":0,"length_km":46,"toll":0,"ne_part":"global_basic","label":"","label2":"","local":"","localtype":"","localalt":"","labelrank":0,"ignore":0,"add":0,"rwdb_rd_id":46062,"orig_fid":21196,"prefix":"","uident":0,"continent":"Asia","expressway":1,"level":"","min_zoom":3,"min_label":6}},
{"type":"Feature","geometry":{"type":"LineString","coordinates":[[73.9005,25.0666],[73.884,25.0501],[73.851,25.0089],[73.8386,24.9842],[73.8263,24.9553],[73.8221,24.9264],[73.8098,24.8975],[73.785,24.8687],[73.7726,24.8398],[73.7685,24.8109],[73.752,24.7779],[73.7273,24.7532],[73.719,24.7367],[73.719,24.7243],[73.7355,24.6872],[73.7355,24.6707],[73.7066,24.6295],[73.6943,24.6006],[73.6943,24.5676]]},"properties":{"scalerank":4,"featurecla":"Road","type":"Major Highway","sov_a3":"","note":"","edited":"New in version 2.0.0","name":"","namealt":"","namealtt":"","routeraw":"","question":0,"length_km":59,"toll":0,"ne_part":"global_basic","label":"","label2":"","local":"","localtype":"","localalt":"","labelrank":0,"ignore":0,"add":0,"rwdb_rd_id":46243,"orig_fid":21289,"prefix":"","uident":0,"continent":"Asia","expressway":1,"level":"","min_zoom":4,"min_label":7}},
{"type":"Feature","geometry":{"type":"LineString","coordinates":[[84.3683,24.7532],[84.3889,24.7367],[84.4425,24.7078],[84.5168,24.6748],[84.6034,24.6418],[84.6487,24.6253],[84.7147,24.6006],[84.7518,24.5882],[84.8426,24.547],[84.9003,24.5263],[84.9251,24.5181],[84.9869,24.5057],[85.0571,24.4851],[85.1684,24.4439],[85.2138,24.4232],[85.255,24.3985],[85.2756,24.3779],[85.3004,24.3572],[85.3334,24.3407],[85.4241,24.3036]]},"properties":{"scalerank":3,"featurecla":"Road","type":"Major Highway","sov_a3":"","note":"","edited":"New in version 2.0.0","name":"","namealt":"","namealtt":"","routeraw":"","question":0,"length_km":127,"toll":0,"ne_part":"global_basic","label":"","label2":"","local":"","localtype":"","localalt":"","labelrank":0,"ignore":0,"add":0,"rwdb_rd_id":46458,"orig_fid":21414,"prefix":"","uident":0,"continent":"Asia","expressway":1,"level":"","min_zoom":3,"min_label":6}},
{"type":"Feature","geometry":{"type":"LineString","coordinates":[[73.6943,24.5676],[73.6901,24.547],[73.6778,24.5305],[73.6654,24.5016],[73.6654,24.4727],[73.6407,24.4397],[73.6365,24.4232],[73.6365,24.3737],[73.6778,24.3284],[73.6819,24.3119],[73.6778,24.283],[73.6778,24.2665],[73.6984,24.2294],[73.7066,24.2129],[73.7066,24.1964],[73.6984,24.1634],[73.6984,24.1428],[73.7066,24.1098],[73.6613,24.0355],[73.6489,24.0025],[73.5953,23.9943],[73.5912,23.9902]]},"properties":{"scalerank":4,"featurecla":"Road","type":"Major Highway","sov_a3":"","note":"","edited":"New in version 2.0.0","name":"","namealt":"","namealtt":"","routeraw":"","question":0,"length_km":71,"toll":0,"ne_part":"global_basic","label":"","label2":"","local":"","localtype":"","localalt":"","labelrank":0,"ignore":0,"add":0,"rwdb_rd_id":46719,"orig_fid":21576,"prefix":"","uident":0,"continent":"Asia","expressway":1,"level":"","min_zoom":4,"min_label":7}},
{"type":"Feature","geometry":{"type":"LineString","coordinates":[[85.4241,24.3036],[85.4489,24.2913],[85.4819,24.2706],[85.5561,24.1964],[85.5809,24.1758],[85.6015,24.1675],[85.684,24.1386],[85.717,24.1139],[85.7293,24.1057],[85.7665,24.0974],[85.8036,24.0809],[85.8366,24.0727],[85.8696,24.0727],[85.9067,24.0562],[85.9644,24.0314],[86.0015,24.0108],[86.018,23.9943],[86.0469,23.986],[86.0717,23.9695],[86.1129,23.9407],[86.1583,23.9201],[86.2284,23.8994],[86.2696,23.8953],[86.3934,23.8706],[86.5089,23.8376]]},"properties":{"scalerank":3,"featurecla":"Road","type":"Major Highway","sov_a3":"","note":"","edited":"New in version 2.0.0","name":"","namealt":"","namealtt":"","routeraw":"","question":0,"length_km":132,"toll":0,"ne_part":"global_basic","label":"","label2":"","local":"","localtype":"","localalt":"","labelrank":0,"ignore":0,"add":0,"rwdb_rd_id":46835,"orig_fid":21633,"prefix":"","uident":0,"continent":"Asia","expressway":1,"level":"","min_zoom":3,"min_label":6}},
{"type":"Feature","geometry":{"type":"LineString","coordinates":[[86.5089,23.8376],[86.5748,23.8128],[86.6037,23.8046],[86.6491,23.7963],[86.6945,23.7881],[86.7151,23.7839],[86.7646,23.7592],[86.8058,23.751],[86.8553,23.7303],[86.9048,23.7056],[86.9667,23.6891],[87.0079,23.6767],[87.0368,23.6767],[87.0615,23.6685],[87.1234,23.6396]]},"properties":{"scalerank":3,"featurecla":"Road","type":"Major Highway","sov_a3":"","note":"","edited":"New in version 2.0.0","name":"","namealt":"","namealtt":"","routeraw":"","question":0,"length_km":72,"toll":0,"ne_part":"global_basic","label":"","label2":"","local":"","localtype":"","localalt":"","labelrank":0,"ignore":0,"add":0,"rwdb_rd_id":46998,"orig_fid":21720,"prefix":"","uident":0,"continent":"Asia","expressway":1,"level":"","min_zoom":3,"min_label":6}},
{"type":"Feature","geometry":{"type":"LineString","coordinates":[[73.5912,23.9902],[73.5705,23.9572],[73.5623,23.9283],[73.5375,23.8994],[73.5293,23.8706],[73.5293,23.8169],[73.5252,23.8004],[73.5169,23.7839],[73.4757,23.7592],[73.4303,23.7468],[73.3561,23.6808],[73.3354,23.6685],[73.3231,23.6561],[73.2942,23.6107],[73.253,23.5901],[73.2035,23.5819]]},"properties":{"scalerank":4,"featurecla":"Road","type":"Major Highway","sov_a3":"","note":"","edited":"New in version 2.0.0","name":"","namealt":"","namealtt":"","routeraw":"","question":0,"length_km":65,"toll":0,"ne_part":"global_basic","label":"","label2":"","local":"","localtype":"","localalt":"","labelrank":0,"ignore":0,"add":0,"rwdb_rd_id":47048,"orig_fid":21757,"prefix":"","uident":0,"continent":"Asia","expressway":1,"level":"","min_zoom":4,"min_label":7}},
{"type":"Feature","geometry":{"type":"LineString","coordinates":[[73.2035,23.5819],[73.1952,23.5819],[73.1622,23.6025],[73.1457,23.6066],[73.1127,23.6066],[73.088,23.5983],[73.055,23.5983],[72.9931,23.5819],[72.9766,23.5819]]},"properties":{"scalerank":4,"featurecla":"Road","type":"Major Highway","sov_a3":"","note":"","edited":"New in version 2.0.0","name":"","namealt":"","namealtt":"","routeraw":"","question":0,"length_km":26,"toll":0,"ne_part":"global_basic","label":"","label2":"","local":"","localtype":"","localalt":"","labelrank":0,"ignore":0,"add":0,"rwdb_rd_id":47052,"orig_fid":21761,"prefix":"","uident":0,"continent":"Asia","expressway":1,"level":"","min_zoom":4,"min_label":7}},
{"type":"Feature","geometry":{"type":"LineString","coordinates":[[71.5908,24.0727],[71.5867,24.0314],[71.5826,23.9613],[71.5826,23.9283],[71.5908,23.8582],[71.6032,23.8211],[71.5949,23.8046],[71.5784,23.8004],[71.5207,23.7963],[71.4671,23.7798],[71.4465,23.7757],[71.4135,23.7798],[71.3763,23.7881],[71.3392,23.7922],[71.2815,23.7963],[71.2526,23.7922],[71.1743,23.7757],[71.1536,23.7633],[71.1165,23.7303],[71.0423,23.6355],[71.0093,23.5983],[70.9804,23.5736],[70.9639,23.5406],[70.9598,23.5117],[70.9309,23.4581],[70.8855,23.4128],[70.8649,23.4045],[70.8319,23.4086],[70.7948,23.388],[70.7742,23.3798],[70.6958,23.3839],[70.6752,23.3839],[70.6422,23.3715],[70.5886,23.3385],[70.5473,23.322],[70.4978,23.3096]]},"properties":{"scalerank":5,"featurecla":"Road","type":"Major Highway","sov_a3":"","note":"","edited":"New in version 2.0.0","name":"","namealt":"","namealtt":"","routeraw":"","question":0,"length_km":171,"toll":0,"ne_part":"global_basic","label":"","label2":"","local":"","localtype":"","localalt":"","labelrank":0,"ignore":0,"add":0,"rwdb_rd_id":47288,"orig_fid":21902,"prefix":"","uident":0,"continent":"Asia","expressway":1,"level":"","min_zoom":5,"min_label":8}},
{"type":"Feature","geometry":{"type":"LineString","coordinates":[[72.9766,23.5819],[72.9642,23.5695],[72.9354,23.5571],[72.8941,23.487],[72.8446,23.4499],[72.8116,23.4004],[72.791,23.355],[72.7745,23.3261],[72.758,23.2766],[72.7498,23.2601],[72.7292,23.2478],[72.7168,23.2313],[72.7127,23.2148],[72.7085,23.1777],[72.6879,23.1323],[72.6755,23.1034],[72.6508,23.0745],[72.5889,23.0333]]},"properties":{"scalerank":4,"featurecla":"Road","type":"Major Highway","sov_a3":"","note":"","edited":"New in version 2.0.0","name":"","namealt":"","namealtt":"","routeraw":"","question":0,"length_km":73,"toll":0,"ne_part":"global_basic","label":"","label2":"","local":"","localtype":"","localalt":"","labelrank":0,"ignore":0,"add":0,"rwdb_rd_id":47535,"orig_fid":22060,"prefix":"","uident":0,"continent":"Asia","expressway":1,"level":"","min_zoom":4,"min_label":7}},
{"type":"Feature","geometry":{"type":"LineString","coordinates":[[78.5776,25.4337],[78.557,25.3925],[78.557,25.3719],[78.5157,25.2976],[78.5033,25.2729],[78.4786,25.2481],[78.4704,25.2275],[78.4621,25.1904],[78.4662,25.1368],[78.4621,25.1038],[78.4539,25.0831],[78.4332,25.046],[78.4291,25.0254],[78.458,24.9883],[78.4786,24.9553],[78.4869,24.9305],[78.491,24.8975],[78.4827,24.848],[78.4621,24.7986],[78.4456,24.7697],[78.4209,24.7078],[78.425,24.6789],[78.4415,24.6625],[78.4497,24.646],[78.4415,24.6253],[78.4497,24.6006],[78.4951,24.514],[78.5198,24.4645],[78.5322,24.4274],[78.5405,24.3944],[78.5281,24.3325],[78.5281,24.3078],[78.5363,24.2871],[78.5693,24.2418],[78.5776,24.2294],[78.6065,24.1222],[78.6065,24.0974],[78.6271,24.0727],[78.6353,24.0479],[78.6642,23.9819],[78.6766,23.9613],[78.6848,23.9407],[78.7096,23.9159],[78.7591,23.8541],[78.7962,23.8417],[78.8044,23.8211],[78.8127,23.8004],[78.8209,23.6932],[78.8333,23.652],[78.8374,23.6313],[78.8498,23.6025],[78.8828,23.5695],[78.9034,23.5447],[78.9323,23.5241],[78.9405,23.5117],[78.9653,23.4952],[78.9818,23.4746],[78.99,23.454],[79.0107,23.4251],[79.0189,23.4004],[79.0354,23.3468],[79.056,23.2808],[79.056,23.2313],[79.0519,23.2065],[79.0354,23.1777],[79.0354,23.1447],[79.0354,23.0745],[79.0272,23.0251],[79.023,22.9879],[79.023,22.9632],[79.0272,22.9549],[79.0601,22.9178],[79.0643,22.9137],[79.1138,22.9261],[79.2004,22.9591],[79.2169,22.9591],[79.2416,22.9384],[79.2622,22.9261],[79.3159,22.856],[79.3406,22.8477]]},"properties":{"scalerank":3,"featurecla":"Road","type":"Major Highway","sov_a3":"","note":"","edited":"New in version 2.0.0","name":"","namealt":"","namealtt":"","routeraw":"","question":0,"length_km":326,"toll":0,"ne_part":"global_basic","label":"","label2":"","local":"","localtype":"","localalt":"","labelrank":0,"ignore":0,"add":0,"rwdb_rd_id":47699,"orig_fid":22153,"prefix":"","uident":0,"continent":"Asia","expressway":1,"level":"","min_zoom":3,"min_label":6}},
{"type":"Feature","geometry":{"type":"LineString","coordinates":[[87.1234,23.6396],[87.1523,23.6148],[87.1853,23.6066],[87.243,23.5777],[87.3007,23.5365],[87.3956,23.4829],[87.4698,23.4622],[87.4863,23.4499],[87.5317,23.4086],[87.5565,23.3963],[87.6389,23.3591],[87.7132,23.3303],[87.8328,23.2684],[87.8575,23.2519],[87.8699,23.2354],[87.8905,23.223],[88.0101,23.2065],[88.0473,23.1983],[88.1174,23.1694],[88.1421,23.1529],[88.171,23.1199],[88.1834,23.1117],[88.2246,23.1075],[88.2741,23.0952],[88.3112,23.0745],[88.3318,23.0581],[88.3566,23.0333],[88.3855,22.9962],[88.3978,22.9714],[88.3855,22.9219],[88.3607,22.8518],[88.3442,22.7858],[88.3442,22.757],[88.3483,22.7033],[88.3483,22.6662],[88.3401,22.6291],[88.3277,22.6002]]},"properties":{"scalerank":3,"featurecla":"Road","type":"Major Highway","sov_a3":"","note":"","edited":"New in version 2.0.0","name":"","namealt":"","namealtt":"","routeraw":"","question":0,"length_km":200,"toll":0,"ne_part":"global_basic","label":"","label2":"","local":"","localtype":"","localalt":"","labelrank":0,"ignore":0,"add":0,"rwdb_rd_id":47967,"orig_fid":22297,"prefix":"","uident":0,"continent":"Asia","expressway":1,"level":"","min_zoom":3,"min_label":6}},
{"type":"Feature","geometry":{"type":"LineString","coordinates":[[79.3406,22.8477],[79.3695,22.8436],[79.386,22.8353],[79.4107,22.8312],[79.4231,22.8147],[79.4478,22.757],[79.4767,22.7487],[79.485,22.724],[79.5015,22.724],[79.5138,22.7198],[79.518,22.6704],[79.5221,22.6497],[79.5551,22.6374],[79.5757,22.6209],[79.6087,22.6044],[79.6128,22.5961]]},"properties":{"scalerank":3,"featurecla":"Road","type":"Major Highway","sov_a3":"","note":"","edited":"New in version 2.0.0","name":"","namealt":"","namealtt":"","routeraw":"","question":0,"length_km":45,"toll":0,"ne_part":"global_basic","label":"","label2":"","local":"","localtype":"","localalt":"","labelrank":0,"ignore":0,"add":0,"rwdb_rd_id":47970,"orig_fid":22300,"prefix":"","uident":0,"continent":"Asia","expressway":1,"level":"","min_zoom":3,"min_label":6}},
{"type":"Feature","geometry":{"type":"MultiLineString","coordinates":[[[70.4978,23.3096],[70.5515,23.3014],[70.5845,23.289],[70.6504,23.2436],[70.6651,23.2267]],[[70.7146,23.1677],[70.7288,23.1488],[70.7659,23.0952],[70.7824,23.0581],[70.8154,22.9632],[70.8278,22.9013],[70.8319,22.8642],[70.8402,22.8477],[70.8814,22.7982],[70.9144,22.7693],[70.9309,22.7528],[70.9515,22.7157],[70.9474,22.6827],[70.9392,22.6497],[70.9433,22.6167],[70.9887,22.5631],[71.001,22.5466],[71.0216,22.493],[71.034,22.4724],[71.0629,22.4311],[71.0753,22.4229]]]},"properties":{"scalerank":5,"featurecla":"Road","type":"Major Highway","sov_a3":"","note":"","edited":"New in version 2.0.0","name":"","namealt":"","namealtt":"","routeraw":"","question":0,"length_km":119,"toll":0,"ne_part":"global_basic","label":"","label2":"","local":"","localtype":"","localalt":"","labelrank":0,"ignore":0,"add":0,"rwdb_rd_id":48126,"orig_fid":22382,"prefix":"","uident":0,"continent":"Asia","expressway":1,"level":"","min_zoom":5,"min_label":8}},
{"type":"Feature","geometry":{"type":"LineString","coordinates":[[88.3277,22.6002],[88.2782,22.6126],[88.2659,22.6126],[88.2411,22.5961],[88.1916,22.5837],[88.1792,22.5796],[88.1627,22.559],[88.1462,22.5136],[88.1339,22.4971],[88.1215,22.4889],[88.0555,22.4889],[88.0143,22.4724],[87.9277,22.4683],[87.907,22.4683],[87.8864,22.4518],[87.874,22.4394],[87.8452,22.4394],[87.7833,22.4146],[87.7049,22.4064],[87.6761,22.4064],[87.6266,22.394],[87.5853,22.394],[87.5523,22.394],[87.5276,22.394],[87.4822,22.394],[87.4533,22.394],[87.3956,22.3816],[87.3296,22.3693]]},"properties":{"scalerank":3,"featurecla":"Road","type":"Major Highway","sov_a3":"","note":"","edited":"New in version 2.0.0","name":"","namealt":"","namealtt":"","routeraw":"","question":0,"length_km":119,"toll":0,"ne_part":"global_basic","label":"","label2":"","local":"","localtype":"","localalt":"","labelrank":0,"ignore":0,"add":0,"rwdb_rd_id":48172,"orig_fid":22408,"prefix":"","uident":0,"continent":"Asia","expressway":1,"level":"","min_zoom":3,"min_label":6}},
{"type":"Feature","geometry":{"type":"LineString","coordinates":[[70.8113,22.3033],[70.902,22.3322],[70.9227,22.3445],[70.9515,22.3693],[70.9887,22.3775],[71.0299,22.4023],[71.0753,22.4229]]},"properties":{"scalerank":5,"featurecla":"Road","type":"Major Highway","sov_a3":"","note":"","edited":"New in version 2.0.0","name":"","namealt":"","namealtt":"","routeraw":"","question":0,"length_km":32,"toll":0,"ne_part":"global_basic","label":"","label2":"","local":"","localtype":"","localalt":"","labelrank":0,"ignore":0,"add":0,"rwdb_rd_id":48256,"orig_fid":22461,"prefix":"","uident":0,"continent":"Asia","expressway":1,"level":"","min_zoom":5,"min_label":8}},
{"type":"Feature","geometry":{"type":"LineString","coordinates":[[87.3296,22.3693],[87.3007,22.361],[87.276,22.3528],[87.2636,22.3322],[87.2306,22.328],[87.2183,22.3157],[87.1811,22.3322],[87.1605,22.3322],[87.1358,22.3363],[87.0986,22.3486],[87.0079,22.3198],[86.9708,22.3115],[86.9295,22.3074],[86.8718,22.3033],[86.8264,22.295],[86.7481,22.2827],[86.7274,22.2785]]},"properties":{"scalerank":3,"featurecla":"Road","type":"Major Highway","sov_a3":"","note":"","edited":"New in version 2.0.0","name":"","namealt":"","namealtt":"","routeraw":"","question":0,"length_km":70,"toll":0,"ne_part":"global_basic","label":"","label2":"","local":"","localtype":"","localalt":"","labelrank":0,"ignore":0,"add":0,"rwdb_rd_id":48266,"orig_fid":22466,"prefix":"","uident":0,"continent":"Asia","expressway":1,"level":"","min_zoom":3,"min_label":6}},
{"type":"Feature","geometry":{"type":"LineString","coordinates":[[86.7274,22.2785],[86.6491,22.2332],[86.645,22.229]]},"properties":{"scalerank":3,"featurecla":"Road","type":"Major Highway","sov_a3":"","note":"","edited":"New in version 2.0.0","name":"","namealt":"","namealtt":"","routeraw":"","question":0,"length_km":11,"toll":0,"ne_part":"global_basic","label":"","label2":"","local":"","localtype":"","localalt":"","labelrank":0,"ignore":0,"add":0,"rwdb_rd_id":48300,"orig_fid":22483,"prefix":"","uident":0,"continent":"Asia","expressway":1,"level":"","min_zoom":3,"min_label":6}},
{"type":"Feature","geometry":{"type":"LineString","coordinates":[[72.956,21.4124],[72.9725,21.4537],[72.9931,21.4866],[72.9972,21.5155],[72.9931,21.5691],[72.9931,21.598],[73.0055,21.6475],[73.0055,21.6681],[73.0055,21.7176],[73.022,21.8042],[73.0467,21.8867],[73.0591,21.9362],[73.0921,22.0187],[73.1169,22.0517],[73.1292,22.0682],[73.1663,22.0929],[73.1787,22.1218],[73.1663,22.1548],[73.1705,22.1713],[73.1787,22.2043],[73.1787,22.2167],[73.1828,22.2497],[73.1746,22.2868],[73.1746,22.3074]]},"properties":{"scalerank":3,"featurecla":"Road","type":"Major Highway","sov_a3":"","note":"","edited":"New in version 2.0.0","name":"","namealt":"","namealtt":"","routeraw":"","question":0,"length_km":100,"toll":0,"ne_part":"global_basic","label":"","label2":"","local":"","localtype":"","localalt":"","labelrank":0,"ignore":0,"add":0,"rwdb_rd_id":48923,"orig_fid":22793,"prefix":"","uident":0,"continent":"Asia","expressway":1,"level":"","min_zoom":3,"min_label":6}},
{"type":"Feature","geometry":{"type":"LineString","coordinates":[[72.956,21.4124],[72.956,21.367],[72.9601,21.334],[72.9478,21.2887],[72.9519,21.2722],[72.9684,21.2516],[72.9725,21.2103],[72.9642,21.1773]]},"properties":{"scalerank":4,"featurecla":"Road","type":"Major Highway","sov_a3":"","note":"","edited":"New in version 2.0.0","name":"","namealt":"","namealtt":"","routeraw":"","question":0,"length_km":25,"toll":0,"ne_part":"global_basic","label":"","label2":"","local":"","localtype":"","localalt":"","labelrank":0,"ignore":0,"add":0,"rwdb_rd_id":49148,"orig_fid":22904,"prefix":"","uident":0,"continent":"Asia","expressway":1,"level":"","min_zoom":4,"min_label":7}},
{"type":"Feature","geometry":{"type":"LineString","coordinates":[[79.0973,21.1608],[79.1014,21.1732],[79.1261,21.1938],[79.155,21.2062],[79.2045,21.2227],[79.2045,21.2433],[79.1963,21.2763],[79.2169,21.3175],[79.2416,21.3505],[79.2787,21.4124],[79.2952,21.4372],[79.3241,21.466],[79.3447,21.5279],[79.386,21.6063],[79.419,21.6557],[79.4561,21.73],[79.4767,21.763],[79.4891,21.7795],[79.5097,21.8166],[79.5138,21.8331],[79.5345,21.8661],[79.5386,21.8908],[79.5345,21.9238],[79.5386,21.961],[79.5468,22.0187],[79.551,22.0641],[79.5468,22.1136],[79.5427,22.1507],[79.5386,22.2043],[79.5468,22.2497],[79.551,22.295],[79.551,22.3239],[79.5427,22.3693],[79.551,22.4188],[79.5674,22.4353],[79.5839,22.4683],[79.5839,22.5095],[79.5881,22.5342],[79.6046,22.5466],[79.6128,22.5879],[79.6128,22.5961]]},"properties":{"scalerank":3,"featurecla":"Road","type":"Major Highway","sov_a3":"","note":"","edited":"New in version 2.0.0","name":"","namealt":"","namealtt":"","routeraw":"","question":0,"length_km":169,"toll":0,"ne_part":"global_basic","label":"","label2":"","local":"","localtype":"","localalt":"","labelrank":0,"ignore":0,"add":0,"rwdb_rd_id":49163,"orig_fid":22909,"prefix":"","uident":0,"continent":"Asia","expressway":1,"level":"","min_zoom":3,"min_label":6}},
{"type":"Feature","geometry":{"type":"LineString","coordinates":[[86.2325,20.9134],[86.2614,20.9257],[86.282,20.9257],[86.3026,20.9298],[86.3645,20.9546],[86.3851,20.9587],[86.3975,20.967],[86.4924,21.0577],[86.5377,21.0989],[86.5583,21.1237],[86.5872,21.1691],[86.5955,21.1773],[86.6408,21.2021],[86.6615,21.2144],[86.6697,21.2351],[86.678,21.2681],[86.6903,21.2763],[86.7109,21.3175],[86.7481,21.3382],[86.7769,21.3629],[86.7976,21.3877],[86.8058,21.4042],[86.8553,21.4413],[86.8594,21.4413],[86.8883,21.466],[86.913,21.4949],[86.9213,21.532],[86.9337,21.5485],[86.9337,21.5939],[86.9254,21.6104],[86.8801,21.697],[86.8594,21.7341],[86.8471,21.7877],[86.8306,21.8084],[86.8017,21.8413],[86.7481,21.9197],[86.7109,21.9857],[86.6862,22.0187],[86.6656,22.0517],[86.6532,22.0764],[86.6573,22.0971],[86.6656,22.1218],[86.6697,22.1424],[86.6615,22.1795],[86.645,22.2208],[86.645,22.229]]},"properties":{"scalerank":3,"featurecla":"Road","type":"Major Highway","sov_a3":"","note":"","edited":"New in version 2.0.0","name":"","namealt":"","namealtt":"","routeraw":"","question":0,"length_km":187,"toll":0,"ne_part":"global_basic","label":"","label2":"","local":"","localtype":"","localalt":"","labelrank":0,"ignore":0,"add":0,"rwdb_rd_id":49378,"orig_fid":22987,"prefix":"","uident":0,"continent":"Asia","expressway":1,"level":"","min_zoom":3,"min_label":6}},
{"type":"Feature","geometry":{"type":"LineString","coordinates":[[85.8819,20.4638],[85.8819,20.4885],[85.8902,20.5092],[85.8984,20.5174],[85.9397,20.5298],[85.9479,20.538],[85.9974,20.5545],[86.018,20.5669],[86.0675,20.6123],[86.117,20.6576],[86.1377,20.6824],[86.1418,20.7113],[86.1583,20.7401],[86.1748,20.7937],[86.2036,20.8267],[86.2036,20.835],[86.1954,20.8515],[86.1995,20.868],[86.2078,20.8845],[86.2325,20.9134]]},"properties":{"scalerank":3,"featurecla":"Road","type":"Major Highway","sov_a3":"","note":"","edited":"New in version 2.0.0","name":"","namealt":"","namealtt":"","routeraw":"","question":0,"length_km":66,"toll":0,"ne_part":"global_basic","label":"","label2":"","local":"","localtype":"","localalt":"","labelrank":0,"ignore":0,"add":0,"rwdb_rd_id":49800,"orig_fid":23118,"prefix":"","uident":0,"continent":"Asia","expressway":1,"level":"","min_zoom":3,"min_label":6}},
{"type":"Feature","geometry":{"type":"LineString","coordinates":[[79.0973,21.1608],[79.0725,21.0907],[79.056,21.0495],[79.0478,21.0123],[79.0395,20.9876],[79.0148,20.9422],[78.9859,20.901],[78.9735,20.868],[78.9653,20.8474],[78.957,20.7937],[78.9364,20.7442],[78.924,20.703],[78.9199,20.6576],[78.9199,20.6246],[78.9117,20.604],[78.8993,20.5875],[78.8704,20.5669],[78.8416,20.5545],[78.8003,20.505],[78.7838,20.4885],[78.7714,20.4638],[78.7549,20.4432],[78.7343,20.3854],[78.7137,20.3524],[78.7054,20.3236],[78.7013,20.3071],[78.7137,20.2782],[78.7137,20.2617],[78.6889,20.2122],[78.6766,20.1957],[78.6023,20.1132],[78.5776,20.1091],[78.557,20.0843],[78.5487,20.0678],[78.557,20.0184],[78.5487,19.9689],[78.5528,19.907],[78.5528,19.8905],[78.5817,19.8616],[78.5776,19.8245],[78.5817,19.7998],[78.5693,19.7833],[78.5693,19.7585],[78.5487,19.7296],[78.5446,19.709],[78.5528,19.6884],[78.5487,19.6678],[78.524,19.6389],[78.5157,19.6183],[78.5075,19.6059],[78.4951,19.5812],[78.5033,19.5523],[78.5157,19.5234],[78.5157,19.511],[78.5075,19.4822],[78.4827,19.4492],[78.4621,19.4327],[78.4497,19.3997],[78.4374,19.3461],[78.4126,19.3048],[78.4167,19.2842],[78.4291,19.2595],[78.425,19.243],[78.4002,19.2306],[78.3961,19.2141],[78.3672,19.1893],[78.3672,19.1811],[78.3425,19.144],[78.3425,19.1275],[78.3549,19.1027],[78.3549,19.0904]]},"properties":{"scalerank":3,"featurecla":"Road","type":"Major Highway","sov_a3":"","note":"","edited":"New in version 2.0.0","name":"","namealt":"","namealtt":"","routeraw":"","question":0,"length_km":251,"toll":0,"ne_part":"global_basic","label":"","label2":"","local":"","localtype":"","localalt":"","labelrank":0,"ignore":0,"add":0,"rwdb_rd_id":50856,"orig_fid":23447,"prefix":"","uident":0,"continent":"Asia","expressway":1,"level":"","min_zoom":3,"min_label":6}},
{"type":"Feature","geometry":{"type":"LineString","coordinates":[[72.89,19.0615],[72.8611,19.0697],[72.8488,19.0821],[72.857,19.1275],[72.8653,19.1852],[72.8653,19.2223],[72.8735,19.2677],[72.89,19.2966],[72.89,19.309],[72.8859,19.3502],[72.89,19.3708],[72.8776,19.3997],[72.8776,19.4327],[72.8983,19.4533],[72.9106,19.4904],[72.9189,19.5193],[72.9148,19.5564],[72.9106,19.6348],[72.9148,19.6719],[72.923,19.6925],[72.9354,19.709],[72.9148,19.7379],[72.9106,19.7503],[72.9148,19.7833],[72.9519,19.8286],[72.9354,19.907],[72.9271,19.9359],[72.9106,20.0843],[72.9106,20.1215],[72.9065,20.1545],[72.8859,20.1957],[72.8818,20.2163],[72.8859,20.2576],[72.9106,20.2988],[72.9148,20.3277],[72.9148,20.3483],[72.9189,20.3978],[72.9148,20.4225],[72.9065,20.439],[72.9106,20.4514],[72.9436,20.4885],[72.9519,20.505],[72.956,20.5339],[72.9478,20.571],[72.9519,20.5999],[72.9519,20.6535],[72.956,20.6783],[72.9725,20.6906],[73.0179,20.7154],[73.0344,20.7401],[73.0591,20.7566],[73.0674,20.769],[73.0632,20.8267],[73.0509,20.8845],[73.0426,20.901],[73.022,20.9216],[72.989,20.9298],[72.9684,20.9422],[72.9642,20.9587],[72.9766,21.0206],[72.9766,21.0577],[72.9849,21.0783],[72.9766,21.1154],[72.9601,21.1526],[72.9642,21.1773]]},"properties":{"scalerank":3,"featurecla":"Road","type":"Major Highway","sov_a3":"","note":"","edited":"New in version 2.0.0","name":"","namealt":"","namealtt":"","routeraw":"","question":0,"length_km":246,"toll":0,"ne_part":"global_basic","label":"","label2":"","local":"","localtype":"","localalt":"","labelrank":0,"ignore":0,"add":0,"rwdb_rd_id":50876,"orig_fid":23456,"prefix":"","uident":0,"continent":"Asia","expressway":1,"level":"","min_zoom":3,"min_label":6}},
{"type":"Feature","geometry":{"type":"LineString","coordinates":[[72.8983,19.0656],[72.9106,19.045],[72.9271,19.0491],[72.9478,19.0656],[72.9931,19.0697],[73.0137,19.0615],[73.0179,19.0409],[73.0261,19.0326],[73.055,19.0367],[73.0797,19.0409],[73.0962,19.0285],[73.1086,18.9955],[73.1169,18.979],[73.1334,18.9666]]},"properties":{"scalerank":3,"featurecla":"Road","type":"Major Highway","sov_a3":"","note":"","edited":"New in version 2.0.0","name":"","namealt":"","namealtt":"","routeraw":"","question":0,"length_km":35,"toll":0,"ne_part":"global_basic","label":"","label2":"","local":"","localtype":"","localalt":"","labelrank":0,"ignore":0,"add":0,"rwdb_rd_id":50950,"orig_fid":23474,"prefix":"","uident":0,"continent":"Asia","expressway":1,"level":"","min_zoom":3,"min_label":6}},
{"type":"Feature","geometry":{"type":"LineString","coordinates":[[73.1334,18.9666],[73.1663,18.9543],[73.1746,18.946],[73.22,18.9006],[73.253,18.8924],[73.2695,18.8676],[73.2777,18.847],[73.3231,18.7975],[73.3519,18.7769],[73.3808,18.7687],[73.4056,18.7563],[73.4262,18.7563],[73.4427,18.7645],[73.4633,18.7563],[73.5045,18.7645],[73.5252,18.748],[73.5375,18.748],[73.5747,18.7563],[73.6159,18.748],[73.6324,18.7398],[73.6778,18.7068],[73.7108,18.6944],[73.7685,18.6697],[73.7891,18.649],[73.8263,18.6119],[73.8386,18.5831],[73.8469,18.5542],[73.8592,18.4964]]},"properties":{"scalerank":3,"featurecla":"Road","type":"Major Highway","sov_a3":"","note":"","edited":"New in version 2.0.0","name":"","namealt":"","namealtt":"","routeraw":"","question":0,"length_km":104,"toll":0,"ne_part":"global_basic","label":"","label2":"","local":"","localtype":"","localalt":"","labelrank":0,"ignore":0,"add":0,"rwdb_rd_id":51221,"orig_fid":23569,"prefix":"","uident":0,"continent":"Asia","expressway":1,"level":"","min_zoom":3,"min_label":6}},
{"type":"Feature","geometry":{"type":"LineString","coordinates":[[83.795,18.2696],[83.8074,18.2737],[83.8651,18.2943],[83.8981,18.2985],[83.9476,18.3315],[83.9765,18.3686],[83.9971,18.3892],[84.0259,18.3975],[84.0796,18.4469],[84.1497,18.5212],[84.1662,18.5418],[84.2239,18.5954],[84.261,18.6325],[84.2775,18.6449],[84.3105,18.6614],[84.3394,18.7027],[84.3518,18.7109],[84.3807,18.715],[84.4136,18.7315],[84.4384,18.7645],[84.4714,18.8223],[84.4838,18.8346],[84.5374,18.8429],[84.5498,18.8511],[84.558,18.8718],[84.5498,18.9006],[84.5539,18.9295],[84.5704,18.9584],[84.6405,19.0326],[84.6652,19.0615],[84.6859,19.0904],[84.7106,19.144],[84.7642,19.2223],[84.7807,19.2553],[84.8055,19.3213],[84.8343,19.3254],[84.8797,19.3254],[84.9168,19.3254],[84.9416,19.3337],[84.9787,19.3543],[84.9911,19.3708],[85.0117,19.3832],[85.0653,19.3832],[85.0694,19.3956],[85.0859,19.4451],[85.0901,19.4616],[85.0942,19.4945],[85.0901,19.5482],[85.1024,19.5935],[85.1148,19.6183],[85.1313,19.6389],[85.1808,19.7008],[85.2097,19.742],[85.2509,19.7915],[85.3293,19.8616],[85.3664,19.8864],[85.4035,19.9276],[85.4448,19.9647],[85.4695,19.9936],[85.486,20.006],[85.5355,20.039],[85.5602,20.072],[85.5891,20.1256],[85.6139,20.1586],[85.6345,20.1792],[85.6881,20.204],[85.7541,20.2328],[85.7912,20.2493],[85.8902,20.2782],[85.8984,20.2864],[85.8902,20.3236],[85.8902,20.3483],[85.8943,20.3689],[85.8943,20.3854],[85.8861,20.4102],[85.8902,20.4308],[85.8819,20.4638]]},"properties":{"scalerank":3,"featurecla":"Road","type":"Major Highway","sov_a3":"","note":"","edited":"New in version 2.0.0","name":"","namealt":"","namealtt":"","routeraw":"","question":0,"length_km":356,"toll":0,"ne_part":"global_basic","label":"","label2":"","local":"","localtype":"","localalt":"","labelrank":0,"ignore":0,"add":0,"rwdb_rd_id":51355,"orig_fid":23623,"prefix":"","uident":0,"continent":"Asia","expressway":1,"level":"","min_zoom":3,"min_label":6}},
{"type":"Feature","geometry":{"type":"LineString","coordinates":[[83.4238,17.9561],[83.4444,17.9685],[83.465,17.9891],[83.4939,18.0345],[83.5269,18.0675],[83.5846,18.1211],[83.6094,18.1417],[83.6465,18.1582],[83.6671,18.1706],[83.7001,18.216],[83.729,18.2325],[83.762,18.249],[83.795,18.2696]]},"properties":{"scalerank":3,"featurecla":"Road","type":"Major Highway","sov_a3":"","note":"","edited":"New in version 2.0.0","name":"","namealt":"","namealtt":"","routeraw":"","question":0,"length_km":54,"toll":0,"ne_part":"global_basic","label":"","label2":"","local":"","localtype":"","localalt":"","labelrank":0,"ignore":0,"add":0,"rwdb_rd_id":51607,"orig_fid":23713,"prefix":"","uident":0,"continent":"Asia","expressway":1,"level":"","min_zoom":3,"min_label":6}},
{"type":"Feature","geometry":{"type":"LineString","coordinates":[[78.4827,17.4695],[78.4869,17.5066],[78.4992,17.5602],[78.4992,17.5849],[78.4951,17.6138],[78.4951,17.6551],[78.4869,17.6839],[78.4827,17.721],[78.4869,17.7375],[78.4786,17.787],[78.4827,17.8242],[78.4827,17.8572],[78.4704,17.8984],[78.4704,17.952],[78.4621,17.9891],[78.4332,18.0345],[78.4332,18.0551],[78.4415,18.0922],[78.4291,18.1252],[78.4085,18.1624],[78.4044,18.1912],[78.3879,18.2284],[78.3837,18.2572],[78.3672,18.2778],[78.3507,18.2943],[78.326,18.3315],[78.3095,18.3603],[78.293,18.3851],[78.2683,18.4016],[78.2353,18.4428],[78.227,18.4593],[78.2229,18.4923],[78.2229,18.5088],[78.2394,18.5253],[78.2146,18.5831],[78.2105,18.616],[78.2146,18.6408],[78.2353,18.6655],[78.2683,18.7068],[78.2765,18.7233],[78.2848,18.7522],[78.2971,18.7728],[78.3219,18.8305],[78.3507,18.88],[78.3837,18.9666],[78.3796,18.9872],[78.3672,19.0367],[78.3549,19.0904]]},"properties":{"scalerank":3,"featurecla":"Road","type":"Major Highway","sov_a3":"","note":"","edited":"New in version 2.0.0","name":"","namealt":"","namealtt":"","routeraw":"","question":0,"length_km":187,"toll":0,"ne_part":"global_basic","label":"","label2":"","local":"","localtype":"","localalt":"","labelrank":0,"ignore":0,"add":0,"rwdb_rd_id":51945,"orig_fid":23875,"prefix":"","uident":0,"continent":"Asia","expressway":1,"level":"","min_zoom":3,"min_label":6}},
{"type":"Feature","geometry":{"type":"LineString","coordinates":[[74.2263,16.6982],[74.2304,16.7023],[74.2676,16.7147],[74.2799,16.7271],[74.2717,16.7601],[74.2841,16.7931],[74.2964,16.8632],[74.2964,16.8755],[74.2841,16.8962],[74.2923,16.9127],[74.2717,16.9539],[74.2511,17.0158],[74.2016,17.1024],[74.1892,17.123],[74.181,17.1684],[74.181,17.1931],[74.1768,17.222],[74.1768,17.255],[74.1686,17.2797],[74.1438,17.3292],[74.1067,17.3705],[74.0985,17.387],[74.0861,17.4365],[74.0737,17.4736],[74.0737,17.4983],[74.0613,17.519],[74.0366,17.5849],[74.016,17.6138],[74.0119,17.6262],[74.016,17.6592],[74.0119,17.6716],[73.9912,17.7004],[73.983,17.721],[73.983,17.7623],[73.9789,17.787],[73.9541,17.8242],[73.9459,17.853],[73.95,17.8613],[73.9706,17.8778],[73.9747,17.919],[73.9912,17.985],[73.9995,18.0015],[74.016,18.018],[74.0201,18.0263],[73.9789,18.1211],[73.9541,18.1541],[73.95,18.1706],[73.9459,18.1912],[73.9335,18.2077],[73.9046,18.2284],[73.8881,18.2572],[73.8799,18.2655],[73.8592,18.315],[73.851,18.3273],[73.8551,18.3975],[73.8592,18.4469],[73.8592,18.4964]]},"properties":{"scalerank":3,"featurecla":"Road","type":"Major Highway","sov_a3":"","note":"","edited":"New in version 2.0.0","name":"","namealt":"","namealtt":"","routeraw":"","question":0,"length_km":213,"toll":0,"ne_part":"global_basic","label":"","label2":"","local":"","localtype":"","localalt":"","labelrank":0,"ignore":0,"add":0,"rwdb_rd_id":52424,"orig_fid":24162,"prefix":"","uident":0,"continent":"Asia","expressway":1,"level":"","min_zoom":3,"min_label":6}},
{"type":"Feature","geometry":{"type":"LineString","coordinates":[[80.9533,16.6281],[80.9821,16.6404],[81.0275,16.6734],[81.044,16.6899],[81.0646,16.6982],[81.1017,16.7064],[81.1389,16.7229],[81.2007,16.7353],[81.2172,16.7436],[81.2296,16.7642],[81.2255,16.7889],[81.2378,16.8013],[81.2585,16.8137],[81.2997,16.8137],[81.3492,16.8013],[81.3739,16.7972],[81.4399,16.8096],[81.4812,16.8096],[81.5183,16.8054],[81.543,16.8054],[81.5802,16.8096],[81.6338,16.7807],[81.6792,16.7601],[81.7121,16.7518],[81.7369,16.7518],[81.7616,16.7724],[81.8153,16.7766],[81.8318,16.7848],[81.8359,16.8096],[81.8153,16.8673],[81.7905,16.9044],[81.7864,16.9168],[81.7946,16.9539],[81.774,17.0075],[81.7864,17.0158],[81.873,17.0611],[81.9019,17.0818],[81.9184,17.0941],[81.939,17.1271],[81.972,17.1436],[81.9885,17.156],[82.0297,17.1643],[82.104,17.2055],[82.1205,17.222],[82.1411,17.2344],[82.2277,17.222],[82.2689,17.222],[82.2813,17.2261],[82.3143,17.2467],[82.3308,17.2467],[82.3556,17.2467],[82.3679,17.2509],[82.3844,17.2715],[82.4298,17.3045],[82.4628,17.321],[82.504,17.3334],[82.5618,17.3581],[82.5989,17.3746],[82.6278,17.387],[82.6731,17.3911],[82.6938,17.3952],[82.7185,17.4076],[82.735,17.42],[82.7639,17.4488],[82.7804,17.486],[82.8051,17.5066],[82.8381,17.5272],[82.8464,17.5354],[82.8546,17.5643],[82.867,17.5973],[82.8917,17.6303],[82.9082,17.6344],[82.9412,17.6386],[82.9618,17.6468],[82.999,17.6757],[83.0402,17.6798],[83.0938,17.6839],[83.1598,17.6798],[83.1887,17.6798],[83.2299,17.6839],[83.2753,17.7004],[83.3248,17.7252],[83.333,17.7375],[83.3454,17.7623],[83.3578,17.8407],[83.366,17.8654],[83.3784,17.886],[83.4032,17.9025],[83.4155,17.9231],[83.4155,17.9438],[83.4238,17.9561]]},"properties":{"scalerank":3,"featurecla":"Road","type":"Major Highway","sov_a3":"","note":"","edited":"New in version 2.0.0","name":"","namealt":"","namealtt":"","routeraw":"","question":0,"length_km":361,"toll":0,"ne_part":"global_basic","label":"","label2":"","local":"","localtype":"","localalt":"","labelrank":0,"ignore":0,"add":0,"rwdb_rd_id":52466,"orig_fid":24184,"prefix":"","uident":0,"continent":"Asia","expressway":1,"level":"","min_zoom":3,"min_label":6}},
{"type":"Feature","geometry":{"type":"LineString","coordinates":[[80.6357,16.5167],[80.6522,16.5167],[80.6934,16.5085],[80.7264,16.5043],[80.747,16.5085],[80.7924,16.5291],[80.8543,16.5497],[80.8708,16.5621],[80.9079,16.6033],[80.9368,16.6198],[80.9533,16.6281]]},"properties":{"scalerank":3,"featurecla":"Road","type":"Major Highway","sov_a3":"","note":"","edited":"New in version 2.0.0","name":"","namealt":"","namealtt":"","routeraw":"","question":0,"length_km":39,"toll":0,"ne_part":"global_basic","label":"","label2":"","local":"","localtype":"","localalt":"","labelrank":0,"ignore":0,"add":0,"rwdb_rd_id":52549,"orig_fid":24233,"prefix":"","uident":0,"continent":"Asia","expressway":1,"level":"","min_zoom":3,"min_label":6}},
{"type":"Feature","geometry":{"type":"LineString","coordinates":[[74.9935,15.465],[74.9398,15.5104],[74.9069,15.531],[74.8945,15.5351],[74.8739,15.5475],[74.8532,15.5475],[74.845,15.5557],[74.8202,15.5557],[74.7584,15.6135],[74.7089,15.696],[74.6924,15.729],[74.68,15.7372],[74.6553,15.7413],[74.6346,15.7702],[74.5975,15.7908],[74.5686,15.8197],[74.548,15.8362],[74.515,15.8403],[74.5109,15.8486],[74.5233,15.9228],[74.5192,15.9393],[74.5068,15.9723],[74.5027,16.0053],[74.5233,16.03],[74.5233,16.0465],[74.515,16.0589],[74.515,16.1043],[74.515,16.1868],[74.5068,16.2239],[74.5027,16.2404],[74.4862,16.2569],[74.4614,16.2734],[74.4449,16.2857],[74.4202,16.3146],[74.3954,16.3641],[74.3913,16.3847],[74.3666,16.4342],[74.3459,16.4755],[74.3294,16.5085],[74.3129,16.5621],[74.3006,16.6033],[74.2841,16.6363],[74.2593,16.6611],[74.2552,16.6858],[74.2263,16.6982]]},"properties":{"scalerank":3,"featurecla":"Road","type":"Major Highway","sov_a3":"","note":"","edited":"New in version 2.0.0","name":"","namealt":"","namealtt":"","routeraw":"","question":0,"length_km":174,"toll":0,"ne_part":"global_basic","label":"","label2":"","local":"","localtype":"","localalt":"","labelrank":0,"ignore":0,"add":0,"rwdb_rd_id":53180,"orig_fid":24625,"prefix":"","uident":0,"continent":"Asia","expressway":1,"level":"","min_zoom":3,"min_label":6}},
{"type":"Feature","geometry":{"type":"LineString","coordinates":[[77.6372,15.1185],[77.6496,15.1392],[77.6743,15.1557],[77.6991,15.1887],[77.7238,15.2093],[77.7403,15.2258],[77.7568,15.2546],[77.7939,15.3041],[77.8187,15.3495],[77.8311,15.366],[77.8682,15.4031],[77.8764,15.4609],[77.9136,15.5145],[77.9424,15.564],[77.9837,15.6671],[77.9919,15.7125],[78.0002,15.729],[78.0249,15.7496],[78.0332,15.7661],[78.0538,15.8403],[78.062,15.8939],[78.0414,15.9393],[78.029,15.9558],[77.9383,16.0053],[77.9136,16.0424],[77.8929,16.0919],[77.8888,16.1125],[77.9012,16.1373],[77.9218,16.1496],[77.9754,16.1744],[77.9919,16.1868],[77.963,16.2156],[77.9548,16.228],[77.9548,16.2528],[77.9548,16.2981],[77.9383,16.3806],[77.9383,16.459],[77.9342,16.5043],[77.9424,16.525],[77.9589,16.5703],[77.9837,16.6075],[78.029,16.6611],[78.0868,16.7188],[78.1363,16.7683],[78.1404,16.7807],[78.1486,16.8178],[78.1569,16.8384],[78.1651,16.8838],[78.1775,16.9127],[78.1775,16.9498],[78.1899,16.9869],[78.1858,17.024],[78.194,17.0529],[78.2146,17.0859],[78.2353,17.1106],[78.2724,17.1271],[78.293,17.1478],[78.3054,17.1725],[78.3549,17.2302],[78.4044,17.2797],[78.4374,17.3251],[78.458,17.3498],[78.4869,17.387]]},"properties":{"scalerank":3,"featurecla":"Road","type":"Major Highway","sov_a3":"","note":"","edited":"New in version 2.0.0","name":"","namealt":"","namealtt":"","routeraw":"","question":0,"length_km":296,"toll":0,"ne_part":"global_basic","label":"","label2":"","local":"","localtype":"","localalt":"","labelrank":0,"ignore":0,"add":0,"rwdb_rd_id":53422,"orig_fid":24783,"prefix":"","uident":0,"continent":"Asia","expressway":1,"level":"","min_zoom":3,"min_label":6}},
{"type":"Feature","geometry":{"type":"LineString","coordinates":[[74.9935,15.465],[75.0677,15.4072],[75.1007,15.3907],[75.1131,15.3619],[75.1502,15.3495],[75.1543,15.3206],[75.1502,15.2918],[75.1502,15.2381],[75.1419,15.1804],[75.1461,15.1515],[75.1543,15.0897],[75.1667,15.0608],[75.1997,14.9989],[75.2079,14.9907],[75.2451,14.9577],[75.2698,14.9329],[75.3069,14.8876],[75.3317,14.8505],[75.3647,14.834],[75.3977,14.7968],[75.4183,14.7803],[75.476,14.7267],[75.5131,14.6937],[75.5585,14.669],[75.5956,14.6319],[75.6328,14.6195],[75.6492,14.5947],[75.6822,14.57],[75.7317,14.5576],[75.806,14.5164]]},"properties":{"scalerank":3,"featurecla":"Road","type":"Major Highway","sov_a3":"","note":"","edited":"New in version 2.0.0","name":"","namealt":"","namealtt":"","routeraw":"","question":0,"length_km":148,"toll":0,"ne_part":"global_basic","label":"","label2":"","local":"","localtype":"","localalt":"","labelrank":0,"ignore":0,"add":0,"rwdb_rd_id":53992,"orig_fid":25066,"prefix":"","uident":0,"continent":"Asia","expressway":1,"level":"","min_zoom":3,"min_label":6}},
{"type":"Feature","geometry":{"type":"LineString","coordinates":[[79.984,14.471],[79.9923,14.4834],[79.9964,14.5122],[79.9881,14.5659],[79.984,14.6277],[79.9799,14.669],[79.9799,14.6978],[80.0005,14.7515],[80.0046,14.7968],[79.9923,14.8752],[79.9923,14.8999],[79.9964,14.9371],[79.9964,14.9577],[79.9923,15.0237],[79.9923,15.0732],[80.0005,15.1062],[80.0046,15.1309],[80.0046,15.1639],[80.017,15.201],[80.0211,15.2381],[80.0211,15.2753],[80.0253,15.3124],[80.0294,15.3578],[80.05,15.4402],[80.05,15.5145],[80.05,15.5557],[80.0335,15.597],[80.0211,15.6423],[80.017,15.6795],[80.0253,15.7248],[80.0335,15.7454],[80.0418,15.8073],[80.05,15.8362],[80.0706,15.8774],[80.0789,15.9104],[80.0789,15.9269],[80.0954,15.964],[80.1201,16.0053],[80.1284,16.0259],[80.182,16.1208],[80.2109,16.1579],[80.2397,16.1826],[80.281,16.2074],[80.2975,16.2198],[80.3346,16.2528],[80.3593,16.2734],[80.4047,16.2857],[80.4542,16.2981],[80.4872,16.3352],[80.5202,16.3559],[80.5573,16.3971],[80.5656,16.4177],[80.5738,16.4549],[80.5862,16.4713],[80.5903,16.492],[80.5986,16.5043],[80.6233,16.5167]]},"properties":{"scalerank":3,"featurecla":"Road","type":"Major Highway","sov_a3":"","note":"","edited":"New in version 2.0.0","name":"","namealt":"","namealtt":"","routeraw":"","question":0,"length_km":251,"toll":0,"ne_part":"global_basic","label":"","label2":"","local":"","localtype":"","localalt":"","labelrank":0,"ignore":0,"add":0,"rwdb_rd_id":54016,"orig_fid":25079,"prefix":"","uident":0,"continent":"Asia","expressway":1,"level":"","min_zoom":3,"min_label":6}},
{"type":"Feature","geometry":{"type":"LineString","coordinates":[[75.806,14.5164],[75.839,14.504],[75.8596,14.4875],[75.8967,14.471],[75.9297,14.4628],[75.9462,14.4545],[75.9668,14.438],[75.9875,14.4174],[76.0081,14.405],[76.1277,14.3679],[76.1772,14.3679],[76.2102,14.3514],[76.2473,14.3143],[76.2844,14.2937],[76.3092,14.2895],[76.3257,14.2937],[76.3463,14.273],[76.3586,14.2524],[76.4123,14.2194]]},"properties":{"scalerank":3,"featurecla":"Road","type":"Major Highway","sov_a3":"","note":"","edited":"New in version 2.0.0","name":"","namealt":"","namealtt":"","routeraw":"","question":0,"length_km":77,"toll":0,"ne_part":"global_basic","label":"","label2":"","local":"","localtype":"","localalt":"","labelrank":0,"ignore":0,"add":0,"rwdb_rd_id":54198,"orig_fid":25176,"prefix":"","uident":0,"continent":"Asia","expressway":1,"level":"","min_zoom":3,"min_label":6}},
{"type":"Feature","geometry":{"type":"LineString","coordinates":[[77.3856,13.1058],[77.3691,13.1182],[77.266,13.1924],[77.2495,13.2131],[77.2289,13.2419],[77.2,13.2708],[77.167,13.279],[77.1505,13.2914],[77.1423,13.3079],[77.1052,13.3533],[77.0804,13.4152],[77.068,13.4316],[77.0474,13.4481],[77.0351,13.4688],[77.0186,13.477],[77.0021,13.5059],[76.9979,13.5389],[76.9856,13.5554],[76.9526,13.5966],[76.9319,13.6296],[76.9154,13.6709],[76.9031,13.7369],[76.8907,13.7369],[76.8412,13.7616],[76.8,13.7863],[76.7628,13.8152],[76.7051,13.8565],[76.6927,13.8688],[76.6762,13.8936],[76.668,13.9018],[76.6391,13.9142],[76.6267,13.9225],[76.6102,13.9555],[76.5937,13.9802],[76.5814,14.0173],[76.5401,14.0792],[76.5236,14.1039],[76.503,14.1204],[76.4741,14.1699],[76.4576,14.1905],[76.4123,14.2194]]},"properties":{"scalerank":3,"featurecla":"Road","type":"Major Highway","sov_a3":"","note":"","edited":"New in version 2.0.0","name":"","namealt":"","namealtt":"","routeraw":"","question":0,"length_km":168,"toll":0,"ne_part":"global_basic","label":"","label2":"","local":"","localtype":"","localalt":"","labelrank":0,"ignore":0,"add":0,"rwdb_rd_id":55250,"orig_fid":25760,"prefix":"","uident":0,"continent":"Asia","expressway":1,"level":"","min_zoom":3,"min_label":6}},
{"type":"Feature","geometry":{"type":"LineString","coordinates":[[80.2521,13.0605],[80.2769,13.0728],[80.2562,13.0852],[80.2315,13.1099],[80.2109,13.1388],[80.1944,13.1677],[80.182,13.1842],[80.1696,13.2213],[80.1572,13.2708],[80.149,13.3203],[80.1284,13.378],[80.1077,13.4275],[80.0871,13.4811],[80.0583,13.5348],[80.0253,13.5925],[80.0046,13.6709],[80.0005,13.6997],[79.9923,13.7327],[79.9593,13.7822],[79.9386,13.8276],[79.9345,13.8441],[79.9263,13.8771],[79.9221,13.8895],[79.8974,13.9101],[79.8933,13.9266],[79.8892,13.9555],[79.9015,13.9926],[79.9015,14.0503],[79.8809,14.1081],[79.8603,14.141],[79.8562,14.1699],[79.8644,14.1864],[79.8768,14.2194],[79.918,14.2607],[79.9221,14.273],[79.918,14.3143],[79.9428,14.3844],[79.9758,14.4463],[79.984,14.471]]},"properties":{"scalerank":3,"featurecla":"Road","type":"Major Highway","sov_a3":"","note":"","edited":"New in version 2.0.0","name":"","namealt":"","namealtt":"","routeraw":"","question":0,"length_km":170,"toll":0,"ne_part":"global_basic","label":"","label2":"","local":"","localtype":"","localalt":"","labelrank":0,"ignore":0,"add":0,"rwdb_rd_id":55286,"orig_fid":25781,"prefix":"","uident":0,"continent":"Asia","expressway":1,"level":"","min_zoom":3,"min_label":6}},
{"type":"Feature","geometry":{"type":"LineString","coordinates":[[77.5919,12.9656],[77.5836,12.9903],[77.5877,13.0357],[77.5919,13.0728],[77.6042,13.1182],[77.629,13.1512],[77.6455,13.2007],[77.695,13.2337],[77.7115,13.246],[77.7238,13.2873],[77.728,13.312],[77.728,13.4358],[77.7445,13.4894],[77.7733,13.5554],[77.7857,13.6172],[77.7857,13.6544],[77.7816,13.7121],[77.7816,13.7451],[77.7775,13.7657],[77.7445,13.8028],[77.7238,13.8358],[77.7197,13.8606],[77.6908,13.8977],[77.6702,13.9596],[77.6496,13.9884],[77.6207,14.0091],[77.6083,14.0297],[77.6125,14.0627],[77.6001,14.0998],[77.6042,14.1246],[77.6372,14.1988],[77.6331,14.2607],[77.6331,14.3019],[77.6413,14.3596],[77.6413,14.3844],[77.629,14.4339],[77.6248,14.4504],[77.6331,14.4957],[77.6207,14.5741],[77.6125,14.603],[77.6125,14.6154],[77.6207,14.6401],[77.6207,14.6525],[77.6042,14.6978],[77.6001,14.7185],[77.6042,14.7845],[77.6001,14.834],[77.5877,14.8958],[77.5877,14.9288],[77.6125,14.9866],[77.6372,15.069],[77.6413,15.0938],[77.6372,15.1185]]},"properties":{"scalerank":3,"featurecla":"Road","type":"Major Highway","sov_a3":"","note":"","edited":"New in version 2.0.0","name":"","namealt":"","namealtt":"","routeraw":"","question":0,"length_km":248,"toll":0,"ne_part":"global_basic","label":"","label2":"","local":"","localtype":"","localalt":"","labelrank":0,"ignore":0,"add":0,"rwdb_rd_id":55357,"orig_fid":25821,"prefix":"","uident":0,"continent":"Asia","expressway":1,"level":"","min_zoom":3,"min_label":6}},
{"type":"Feature","geometry":{"type":"LineString","coordinates":[[77.3856,13.1058],[77.4269,13.0728],[77.4516,13.0646],[77.4929,13.0481],[77.5341,13.0316],[77.5589,13.0192],[77.5795,12.9945],[77.5919,12.9656]]},"properties":{"scalerank":3,"featurecla":"Road","type":"Major Highway","sov_a3":"","note":"","edited":"New in version 2.0.0","name":"","namealt":"","namealtt":"","routeraw":"","question":0,"length_km":29,"toll":0,"ne_part":"global_basic","label":"","label2":"","local":"","localtype":"","localalt":"","labelrank":0,"ignore":0,"add":0,"rwdb_rd_id":55358,"orig_fid":25822,"prefix":"","uident":0,"continent":"Asia","expressway":1,"level":"","min_zoom":3,"min_label":6}},
{"type":"Feature","geometry":{"type":"LineString","coordinates":[[79.7036,12.8666],[79.7448,12.8707],[79.7819,12.879],[79.8273,12.9037],[79.9386,12.9573],[79.9469,12.9697],[80.017,13.0233],[80.0418,13.0357],[80.0665,13.044],[80.1036,13.0481],[80.1407,13.0605],[80.215,13.0563],[80.2521,13.0605]]},"properties":{"scalerank":3,"featurecla":"Road","type":"Major Highway","sov_a3":"","note":"","edited":"New in version 2.0.0","name":"","namealt":"","namealtt":"","routeraw":"","question":0,"length_km":66,"toll":0,"ne_part":"global_basic","label":"","label2":"","local":"","localtype":"","localalt":"","labelrank":0,"ignore":0,"add":0,"rwdb_rd_id":55432,"orig_fid":25863,"prefix":"","uident":0,"continent":"Asia","expressway":1,"level":"","min_zoom":3,"min_label":6}},
{"type":"Feature","geometry":{"type":"LineString","coordinates":[[77.5919,12.9656],[77.5919,12.9573],[77.6083,12.9202],[77.662,12.8625],[77.6785,12.8295],[77.7032,12.8006],[77.7197,12.7882],[77.7486,12.7841],[77.7775,12.7717],[77.8146,12.7429],[77.8517,12.7222],[77.9383,12.6769],[77.9548,12.6728],[78.0125,12.6563],[78.0373,12.6439],[78.0827,12.615],[78.1445,12.5903],[78.1651,12.5738],[78.1981,12.549],[78.2224,12.5248],[78.2229,12.5243],[78.227,12.5037],[78.2229,12.4005],[78.2229,12.3717],[78.2229,12.3346],[78.2064,12.3057],[78.2023,12.2851],[78.1981,12.2438],[78.194,12.2149],[78.1734,12.1655],[78.1734,12.1407],[78.1404,12.1366],[78.1363,12.1201],[78.1322,12.0995],[78.128,12.0747],[78.1074,12.0458],[78.1033,12.0293],[78.0909,12.0087],[78.0662,11.984],[78.0538,11.9634],[78.0538,11.9469],[78.0662,11.9221],[78.0662,11.8932],[78.0785,11.8767],[78.0785,11.8602],[78.062,11.8066],[78.062,11.7654],[78.0538,11.7448],[78.0703,11.7324],[78.1033,11.7118],[78.1198,11.6994],[78.1528,11.6664]]},"properties":{"scalerank":3,"featurecla":"Road","type":"Major Highway","sov_a3":"","note":"","edited":"New in version 2.0.0","name":"","namealt":"","namealtt":"","routeraw":"","question":0,"length_km":195,"toll":0,"ne_part":"global_basic","label":"","label2":"","local":"","localtype":"","localalt":"","labelrank":0,"ignore":0,"add":0,"rwdb_rd_id":56230,"orig_fid":26370,"prefix":"","uident":0,"continent":"Asia","expressway":1,"level":"","min_zoom":3,"min_label":6}},
{"type":"Feature","geometry":{"type":"LineString","coordinates":[[77.9713,10.3631],[77.963,10.4084],[77.9548,10.4621],[77.9507,10.4992],[77.9548,10.5404],[77.9548,10.5734],[77.9466,10.6023],[77.9466,10.6394],[77.9383,10.6724],[77.9383,10.7095],[77.9301,10.7343],[77.9177,10.7508],[77.9136,10.7755],[77.9218,10.7879],[77.9383,10.8003],[77.9589,10.8291],[78.0002,10.8704],[78.0497,10.9158],[78.0744,10.9364],[78.0827,10.9529],[78.0827,10.9776],[78.0744,11.0147],[78.0538,11.0642],[78.0002,11.0766],[78.0208,11.1467],[78.029,11.1632],[78.0414,11.1756],[78.0579,11.1838],[78.1033,11.1921],[78.1445,11.2086],[78.1734,11.2292],[78.1734,11.2911],[78.1693,11.3323],[78.1569,11.4148],[78.1486,11.5262],[78.1486,11.555],[78.1486,11.6045],[78.1569,11.6334],[78.161,11.654],[78.1528,11.6664]]},"properties":{"scalerank":3,"featurecla":"Road","type":"Major Highway","sov_a3":"","note":"","edited":"New in version 2.0.0","name":"","namealt":"","namealtt":"","routeraw":"","question":0,"length_km":168,"toll":0,"ne_part":"global_basic","label":"","label2":"","local":"","localtype":"","localalt":"","labelrank":0,"ignore":0,"add":0,"rwdb_rd_id":57317,"orig_fid":27090,"prefix":"","uident":0,"continent":"Asia","expressway":1,"level":"","min_zoom":3,"min_label":6}},
{"type":"Feature","geometry":{"type":"LineString","coordinates":[[77.9713,10.3631],[77.9713,10.3548],[77.9259,10.2888],[77.9136,10.26],[77.9094,10.2311],[77.9136,10.1816],[77.9177,10.1651],[77.9301,10.1197],[77.9342,10.0909],[77.9383,10.0579],[77.9466,10.0331],[77.9589,10.0249],[77.9878,10.0249],[78.0125,10.0084],[78.0414,9.9878],[78.0703,9.9713],[78.1033,9.963],[78.1157,9.9548],[78.1239,9.93],[78.1322,9.9218]]},"properties":{"scalerank":3,"featurecla":"Road","type":"Major Highway","sov_a3":"","note":"","edited":"New in version 2.0.0","name":"","namealt":"","namealtt":"","routeraw":"","question":0,"length_km":64,"toll":0,"ne_part":"global_basic","label":"","label2":"","local":"","localtype":"","localalt":"","labelrank":0,"ignore":0,"add":0,"rwdb_rd_id":57684,"orig_fid":27291,"prefix":"","uident":0,"continent":"Asia","expressway":1,"level":"","min_zoom":3,"min_label":6}},
{"type":"Feature","geometry":{"type":"LineString","coordinates":[[78.1322,9.9218],[78.128,9.9135],[78.0703,9.8888],[78.0249,9.8599],[77.9919,9.8269],[77.9795,9.7939],[77.9795,9.732],[77.9507,9.6207],[77.9424,9.5877],[77.9424,9.5423],[77.9383,9.5134],[77.9177,9.4392],[77.9136,9.3567],[77.9136,9.3196],[77.9012,9.2454],[77.8764,9.1794],[77.8393,9.1381],[77.8228,9.1051],[77.8063,9.0598],[77.7898,9.0103],[77.7651,8.9278],[77.7651,8.8989],[77.7733,8.87],[77.7775,8.8494],[77.7692,8.837],[77.7362,8.7999],[77.7073,8.7546],[77.7032,8.7463],[77.7238,8.7298],[77.7403,8.7133],[77.7362,8.6927],[77.6991,8.6267],[77.6867,8.5937],[77.6826,8.5648],[77.6743,8.5483],[77.6537,8.5112],[77.6455,8.4865],[77.6125,8.4493],[77.6042,8.4205],[77.6083,8.3834],[77.6042,8.371],[77.5712,8.3009],[77.563,8.272],[77.5671,8.2473],[77.5754,8.2019],[77.5795,8.173],[77.5754,8.1524],[77.5465,8.1194],[77.53,8.1153],[77.5176,8.1194],[77.4722,8.1565],[77.4269,8.1771]]},"properties":{"scalerank":4,"featurecla":"Road","type":"Major Highway","sov_a3":"","note":"","edited":"New in version 2.0.0","name":"","namealt":"","namealtt":"","routeraw":"","question":0,"length_km":237,"toll":0,"ne_part":"global_basic","label":"","label2":"","local":"","localtype":"","localalt":"","labelrank":0,"ignore":0,"add":0,"rwdb_rd_id":58907,"orig_fid":28059,"prefix":"","uident":0,"continent":"Asia","expressway":1,"level":"","min_zoom":4,"min_label":7}},
{"type":"Feature","geometry":{"type":"LineString","coordinates":[[74.6264,25.3306],[74.6388,25.3306],[74.8574,25.3306],[75.0553,25.2646],[75.2987,25.2316],[75.509,25.178],[75.641,25.178],[75.835,25.1659],[75.839,25.1656]]},"properties":{"scalerank":4,"featurecla":"Road","type":"Major Highway","sov_a3":"","note":"","edited":"New in version 2.0.0","name":"","namealt":"","namealtt":"","routeraw":"","question":0,"length_km":137,"toll":0,"ne_part":"global_basic","label":"","label2":"","local":"","localtype":"","localalt":"","labelrank":0,"ignore":0,"add":0,"rwdb_rd_id":0,"orig_fid":37739,"prefix":"","uident":0,"continent":"Asia","expressway":1,"level":"","min_zoom":4,"min_label":7}},
{"type":"Feature","geometry":{"type":"LineString","coordinates":[[79.1963,13.0398],[79.2015,13.0359],[79.2127,13.0275],[79.2581,12.9903],[79.2829,12.9656],[79.3159,12.9573],[79.3241,12.9491],[79.3365,12.9243],[79.3736,12.9161],[79.4066,12.9037],[79.4643,12.8955],[79.5138,12.8913],[79.5757,12.8913],[79.6211,12.8749],[79.6541,12.8625],[79.6747,12.8666],[79.7036,12.8666]]},"properties":{"scalerank":3,"featurecla":"Road","type":"Major Highway","sov_a3":"","note":"","edited":"New in version 2.0.0","name":"","namealt":"","namealtt":"","routeraw":"","question":0,"length_km":62,"toll":0,"ne_part":"global_basic","label":"","label2":"","local":"","localtype":"","localalt":"","labelrank":0,"ignore":0,"add":0,"rwdb_rd_id":55437,"orig_fid":37740,"prefix":"","uident":0,"continent":"Asia","expressway":1,"level":"","min_zoom":3,"min_label":6}},
{"type":"Feature","geometry":{"type":"LineString","coordinates":[[78.2146,12.5243],[78.2224,12.5248],[78.3342,12.5325],[78.4992,12.5655],[78.6188,12.6893],[78.7096,12.8295],[78.8086,12.9078],[78.9405,12.9285],[79.0478,12.9285],[79.1385,12.9532],[79.2015,13.0359],[79.2045,13.0398]]},"properties":{"scalerank":4,"featurecla":"Road","type":"Major Highway","sov_a3":"","note":"","edited":"New in version 2.0.0","name":"","namealt":"","namealtt":"","routeraw":"","question":0,"length_km":132,"toll":0,"ne_part":"global_basic","label":"","label2":"","local":"","localtype":"","localalt":"","labelrank":0,"ignore":0,"add":0,"rwdb_rd_id":0,"orig_fid":37741,"prefix":"","uident":0,"continent":"Asia","expressway":1,"level":"","min_zoom":4,"min_label":7}},
{"type":"Feature","geometry":{"type":"LineString","coordinates":[[86.6656,20.2988],[86.5996,20.3442],[86.5253,20.3854],[86.4676,20.4102],[86.414,20.3854],[86.3934,20.3978],[86.4016,20.4514],[86.381,20.5092],[86.2944,20.5628],[86.216,20.6494],[86.183,20.6494],[86.1294,20.6618]]},"properties":{"scalerank":5,"featurecla":"Road","type":"Major Highway","sov_a3":"","note":"","edited":"New in version 2.0.0","name":"","namealt":"","namealtt":"","routeraw":"","question":0,"length_km":80,"toll":0,"ne_part":"global_basic","label":"","label2":"","local":"","localtype":"","localalt":"","labelrank":0,"ignore":0,"add":0,"rwdb_rd_id":0,"orig_fid":37881,"prefix":"","uident":0,"continent":"Asia","expressway":1,"level":"","min_zoom":5,"min_label":8}}
]}