{"type":"FeatureCollection","features":[{"type":"Feature","geometry":{"type":"MultiPolygon","coordinates":[[[[79.80699829015762,11.833580813060266],[79.80770216240354,11.836406568099394],[79.8405729999714,11.955828715931101],[79.85706671627314,12.006807197772092],[79.87379284829845,12.042623534488682],[79.9017265872856,12.09148732689699],[80.05675460598222,12.326175246731745],[80.1376540696415,12.410563058556344],[80.1538840378809,12.448336532194288],[80.1612600400001,12.512216001775533],[80.20093499690593,12.632112555413949],[80.25466958962974,12.780807964844268],[80.247878315302,12.83072046857686],[80.26059255330215,12.943937306730879],[80.31337051391024,13.167876723726382],[80.34471519555706,13.276242829880138],[80.346776834524,13.313378267171654],[80.3259038213307,13.44544132734759],[80.30754586904906,13.467184208165039],[80.26826078906137,13.564496252786313],[80.24279481378788,13.615799194618049],[80.23505666753996,13.705602989540928],[80.25469628037347,13.776494759309518],[80.21809844587952,13.881375286616594],[80.20168041264048,13.909950935520307],[80.14275389534099,14.054832090721304],[80.12719956709475,14.150182032434703],[80.13116931306514,14.228776286660722],[80.14931734613288,14.304389440012173],[80.16716734693543,14.344433313321462],[80.18082452762467,14.515133909585222],[80.19599454581258,14.58654774306306],[80.17075701660742,14.614117313798157],[80.13552936265341,14.717945246668037],[80.11111518611854,14.743869791483684],[80.08845543550322,14.82520648913227],[80.08680249944781,14.869631992959611],[80.06679020524734,14.935288213249633],[80.05282456105586,15.012167736890222],[80.04700170653702,15.080596743134075],[80.05444644684344,15.118910125909881],[80.08370967538308,15.190950101563711],[80.09187323141016,15.293644875303544],[80.12306909365546,15.36827638161907],[80.20616829249369,15.473408504344558],[80.23823648984671,15.602417381133016],[80.28416631097296,15.68815487157462],[80.34560957711855,15.75158671614836],[80.43305624643612,15.805826472783645],[80.49679481233716,15.836210377010442],[80.57452438187023,15.862826081077692],[80.64022533996732,15.877626600332755],[80.71912516548227,15.880459127495854],[80.78191292304557,15.863334022059291],[80.8158197588845,15.740963677491038],[80.81568796974413,15.713809937636935],[80.84368507858635,15.706945622018505],[80.93933965106166,15.716773395012973],[81.00851532681371,15.754527186678457],[80.99525824227726,15.803510025052995],[81.0008980839216,15.832426031153222],[81.07146520872624,15.911500036608992],[81.14800588672688,15.974086334832535],[81.14957966683266,16.024735704040108],[81.19759668758897,16.123815372991242],[81.21371834236128,16.207592186625856],[81.26995522913997,16.279445541514598],[81.34155832526625,16.322434326015337],[81.4279915404331,16.34751978121452],[81.5113950480654,16.35507871059219],[81.69056929561059,16.327848234263136],[81.7207766975313,16.3069322297365],[81.83507171190237,16.36732550945259],[81.90595783924422,16.390222404696843],[81.95628552723555,16.396051852339387],[81.97291258676316,16.409698789478707],[82.23304005315426,16.541740960680944],[82.31183685897408,16.56157797050508],[82.32955565364286,16.623116022374365],[82.31695156796117,16.658699324839606],[82.36396898119852,16.7099460047665],[82.34418885748157,16.747778756402244],[82.35847018224034,16.80965720507839],[82.34822740362293,16.85464474093637],[82.30341221120288,16.8738099803853],[82.26685696583661,16.87262567104268],[82.2482424421334,16.90476192286523],[82.2696287032727,16.940230403020866],[82.28770468336982,17.013003408186016],[82.31948871485241,17.05738700359683],[82.422118153045,17.156063155987002],[82.54905095249734,17.253857570511364],[82.72622916504079,17.355223329558854],[82.86922509312642,17.4165447320838],[82.99018002477449,17.472910224046707],[83.02040187789318,17.507028915849926],[83.12706636867897,17.550753125949928],[83.16187074814917,17.560089160961674],[83.21292661500142,17.59100498987014],[83.23956068491023,17.63158383396011],[83.29471664148392,17.674855348540657],[83.29675341238887,17.693654162162044],[83.34680636143035,17.726274120991867],[83.35438307593013,17.755658543409062],[83.41136976671349,17.8098746530031],[83.42392745710569,17.860247392050354],[83.47150797299072,17.912573327556462],[83.54182062663496,17.961260497101318],[83.56863683805244,18.00986112798744],[83.69275811098979,18.096619004132645],[83.7497032385216,18.128911165120506],[83.8603492710558,18.1743632991773],[83.87842460706084,18.190348905328047],[83.93584076800849,18.209115588069203],[84.07169591693373,18.276560613612105],[84.1284979428408,18.313395944599954],[84.14840261437864,18.37383391614223],[84.23115471856411,18.45375525949924],[84.35468481200965,18.55499387529996],[84.36834462745762,18.593212089659257],[84.43980545379908,18.659574858706588],[84.46961938823546,18.714499702936358],[84.55145176848697,18.790563144748063],[84.55778964063292,18.817828527787007],[84.60357139334921,18.889799620895126],[84.67095030019247,18.952556937928385],[84.76474238480944,19.07727724241187],[84.816611962714,19.16498131877616],[84.86413015078966,19.217107435702175],[84.98354803803717,19.3178662081627],[85.07937634648506,19.374985614910663],[85.10156424711592,19.41078134083765],[85.17254671338208,19.46744999200059],[85.3072929064621,19.561521571994135],[85.42524997136087,19.625959768142376],[85.49780643512513,19.657063417535053],[85.6790662249087,19.745131753254913],[85.7808179973906,19.78146483125906],[85.94583157919104,19.82889669610023],[86.05774138412482,19.850423376627145],[86.23003481776635,19.90218497886811],[86.32394506408083,19.946158951155606],[86.35503883638732,19.94800341561099],[86.40867946443412,19.994915810735254],[86.43240307546738,20.052100476542005],[86.4761316001427,20.097440657426937],[86.5125979374487,20.158816048564557],[86.59550957434382,20.2245012504904],[86.72227248710459,20.29031770318379],[86.78443063165493,20.333163780770395],[86.80982579722614,20.375040004996052],[86.80521008980297,20.399061071699045],[86.74468275759921,20.391108629343016],[86.73042927971593,20.441515195608016],[86.77525925211731,20.52144307407802],[86.87514068995685,20.59609956953035],[87.05564963997816,20.715043005856153],[87.02212846795871,20.77034770870425],[86.90234521342727,20.762661356972412],[86.90953546370868,20.793469676593094],[86.97182777164669,20.793915705365876],[86.9767865591516,20.860882187502682],[86.95131603840281,20.898244335058166],[86.85185797026844,21.09665173369899],[86.84080567752767,21.157761450051293],[86.86325891264568,21.222601878757445],[86.89066858347924,21.255323762404725],[86.94495671897944,21.352813717976833],[86.98418017184368,21.38959966795518],[87.0386135236028,21.42006516911366],[87.1102462650318,21.484406668061304],[87.14782031132137,21.508681513619223],[87.23552512770551,21.538282641560713],[87.3956873937467,21.539699539809504],[87.4249962522112,21.572637988665473],[87.48621588276677,21.609766410246106],[87.69442375305827,21.65817268063996],[87.80639282074961,21.708851789486644],[87.84939533509719,21.740469564673443],[87.88198172562188,21.785020423975695],[87.94879071250281,21.824194483599634],[87.98163267103087,21.863604949766376],[88.01978818063422,21.95692372073321],[88.06012176344171,22.017895569324796],[88.0977598497296,22.02834886990005],[88.16743836285183,22.07821348259431],[88.18666526359266,22.104608878832295],[88.16990802560397,22.150163985323974],[88.13393368569761,22.186231466253822],[88.07289864455988,22.18472312409199],[88.10323756253312,22.214802369657548],[88.18940701346794,22.182209960602883],[88.2192266432232,22.102535079107046],[88.21346341977124,22.037849885924484],[88.18772076249194,21.995344066329277],[88.14757100194102,21.96139243700739],[88.16684487199477,21.937499074284492],[88.16410925042634,21.883630615579797],[88.19175073331556,21.84785754974403],[88.21209805330291,21.783101851020422],[88.21012121440049,21.724959787467235],[88.23600919932983,21.64504272962048],[88.22009667325396,21.603989127430438],[88.24250502764208,21.566362068687283],[88.2836102596854,21.56390564521174],[88.3020449289906,21.587362242604755],[88.2861810880099,21.61053954066913],[88.30215458094747,21.678751979281625],[88.27574568813766,21.72143964597961],[88.28139826519775,21.757363464258912],[88.25593730791344,21.80102308665764],[88.26257132945574,21.818307686115123],[88.29528996995654,21.832543234210572],[88.31181407087449,21.859575473673864],[88.35367878357475,21.866856297794303],[88.36328894790785,21.803799868301123],[88.39229407250006,21.886775715297738],[88.44493439503695,21.91740237389516],[88.51956659862317,21.856312986123406],[88.53928986616918,21.859338269350047],[88.54631415988834,21.90483738197532],[88.57956410986228,21.891909933403657],[88.60668639436506,21.9180363746631],[88.59874415268123,21.98226010217556],[88.63706734720539,22.04379547101158],[88.65710777035234,22.024390798974377],[88.63312480132353,21.99395835761599],[88.63330135710777,21.954824138290846],[88.69257427825555,21.953359288879305],[88.7053931529183,21.990443246075817],[88.76173102021636,22.02912339213879],[88.75604120349615,21.962566583082136],[88.82601863462246,21.94135579394932],[88.85905520147872,21.921795608461213],[88.93263847734201,21.942642072184302],[89.0076499038271,21.902774702275213],[89.0143817905314,21.920653872151586],[89.0662043901399,21.94156155675308],[89.07457545340438,22.027996557664228],[89.05490583863701,22.046962824958737],[89.04245870660179,22.091719041732404],[89.07123634811967,22.15645085541969],[89.06873782429405,22.19379572854461],[89.03320787107727,22.259309784880546],[89.02508057285169,22.298488231007784],[88.98465054511865,22.326448677788477],[89.00059445114401,22.429402746324158],[88.99574769702973,22.471827472976177],[88.9743460190035,22.497484749465155],[88.96563568002253,22.540861874372283],[88.93888955965511,22.58730574575916],[88.95623081127457,22.616869166884534],[88.92611995668737,22.64977713552529],[88.96263879872508,22.69330857051234],[88.92812633938287,22.717790636969532],[88.9122301931879,22.75857152412944],[88.96424102398437,22.819730067698966],[88.96950296504991,22.843997793805286],[88.95026588100706,22.87256254699882],[88.89684158973856,22.897023368073302],[88.89430061422757,22.95310982178667],[88.86884116251966,22.95214852120091],[88.86518675665508,22.98987480462613],[88.88336386549362,23.04065990710871],[88.86054266516383,23.07739690652355],[88.93153423944868,23.146959361722075],[88.93860002635081,23.176318688660142],[88.98068186275357,23.191815088139617],[88.8150216897813,23.250627984263282],[88.80550104256623,23.218712038828443],[88.77388194895634,23.224329352971036],[88.71855641560981,23.254811112893695],[88.69581635021821,23.302202942657445],[88.72688454479362,23.301824163430307],[88.74933683488398,23.321382439594238],[88.7337209504812,23.353088287380004],[88.76549318618582,23.367843474118956],[88.74910419278494,23.39982138334938],[88.7752595720384,23.481408808298493],[88.75311225639373,23.47811424677083],[88.67398380155419,23.548837813625664],[88.65439060377311,23.556421782515894],[88.63810119041811,23.597337464823383],[88.59335399687184,23.616523348954516],[88.5936465098879,23.639967157868664],[88.55805474000319,23.64871827599771],[88.57455395489279,23.676428532083975],[88.56476434399684,23.712444254126087],[88.5913346011811,23.797487013885213],[88.58455480013619,23.869649796915215],[88.64968994536844,23.867393281566404],[88.70623864546707,23.916140987576163],[88.73289668602091,23.92257971084081],[88.736225703225,23.979216125340102],[88.7689130158786,23.982615968628647],[88.72340369883179,24.068637985704946],[88.71370354846005,24.1228685740386],[88.7468053392942,24.14781638622698],[88.73160827732465,24.174338562555075],[88.74128909505316,24.254030118288988],[88.72605206793497,24.29630018599786],[88.68345419611391,24.32437009958799],[88.65179007265375,24.299501912114916],[88.6232160316001,24.315393941176893],[88.55919595884178,24.30812753312683],[88.4960623274362,24.328767629538202],[88.48123962309,24.35234288021258],[88.42233762350955,24.374893785797134],[88.36403194178439,24.41002930495981],[88.34159896906591,24.438167045701782],[88.27781408243554,24.459443180060937],[88.24304227677585,24.461103760885052],[88.12393321954323,24.516967246242263],[88.10883295463888,24.577611470969213],[88.07737979962486,24.631198669205343],[88.02441569371685,24.688135386490416],[88.06165963159744,24.721869055911633],[88.06460695194232,24.75122353397011],[88.1106837221777,24.813761848574106],[88.16341166279415,24.850544351138257],[88.16886445812831,24.892406657669934],[88.13749045187735,24.936029718729877],[88.22588711925229,24.959824148366835],[88.25163157495882,24.93342791092371],[88.26827029102552,24.891017125001603],[88.32785317765872,24.871300671120782],[88.34582564488564,24.894223679780126],[88.32543845766598,24.919089814885805],[88.34006760291625,24.940662859711217],[88.40086276422872,24.951221962542835],[88.39458204739272,24.969859943262637],[88.44769751942611,25.041476075034048],[88.44204378803086,25.12723249015445],[88.46020911636279,25.140168404088623],[88.44187683254204,25.1987017109859],[88.47399594281215,25.209287946251646],[88.55783881914485,25.1921953332589],[88.57843241316567,25.176986762140686],[88.61313194576749,25.20389457790027],[88.71200125806465,25.207547081030803],[88.79858070997659,25.170233395799436],[88.83814690246108,25.209972544983376],[88.92062081547105,25.16537096404756],[88.94671546501804,25.192252254611883],[88.9506237743078,25.244085654511288],[88.99219367340658,25.273125638602668],[88.98469667540509,25.30495111265802],[88.9165443658146,25.31012312678525],[88.90605999428466,25.336655362201473],[88.87223673680145,25.33905828523571],[88.8400565851095,25.363474187263638],[88.82029806677342,25.4147021125366],[88.8379505810456,25.453459373366886],[88.82969946712608,25.489841944100686],[88.79997643321333,25.524247866002728],[88.70780897783882,25.49985228867193],[88.70995689459893,25.480700134749505],[88.64635406773054,25.477746106184814],[88.60224914086633,25.5156006717771],[88.54108198090648,25.511112293545235],[88.53286513232516,25.541708710745233],[88.49981702481242,25.550331745762797],[88.49937276658191,25.583951665975096],[88.46655630224159,25.589898872283676],[88.44604766998205,25.61502733354084],[88.45460746928771,25.664020345023122],[88.4022803488662,25.67183848881615],[88.37485324263132,25.711907400345932],[88.26741873754354,25.78210091998396],[88.26141895264296,25.81367973502007],[88.15125188385198,25.775972654145434],[88.10673891882952,25.834069308591783],[88.09359286426556,25.87390865142822],[88.09311417989842,25.930232857252896],[88.121020955054,25.97385729546579],[88.1765945222336,26.021417414857993],[88.18521043300686,26.064151883866664],[88.15838550254121,26.098367928336824],[88.17714620819231,26.147889994288683],[88.23039906048038,26.172860945384432],[88.24195051378688,26.189882717153736],[88.31975726836578,26.203402821197134],[88.35922566036693,26.242247053992156],[88.35084196499292,26.27539260439726],[88.36848240860265,26.304518033263392],[88.434858189226,26.33569281195377],[88.45113959230363,26.370931126768976],[88.47943886745799,26.35108499655119],[88.51100602766468,26.388421708344108],[88.49568826985023,26.437506860030314],[88.45853324991144,26.4669998444728],[88.33106532943424,26.492221750583052],[88.35115676790616,26.515654903396808],[88.37786047162251,26.59716214622516],[88.412796879185,26.619745403107146],[88.42003827325046,26.567498414804383],[88.48872789216185,26.508954583675006],[88.5642584891856,26.45530644303414],[88.59637440863985,26.45298178857654],[88.6981736921188,26.38825912014049],[88.68209198991875,26.37946906861253],[88.69860335991247,26.331250711828883],[88.67276797942782,26.314529463589697],[88.66760760817654,26.25975476890168],[88.71875224744346,26.279170842350563],[88.7442299619011,26.306875978191577],[88.79344016095035,26.31031879407396],[88.81313115921472,26.29726032241911],[88.81366578796279,26.254053399336787],[88.83902847853817,26.232048065036953],[88.87577472909007,26.286803724982946],[88.92638986629427,26.284152424911518],[88.95283098526654,26.241900546014502],[89.04603745545485,26.24082423394431],[89.05897055270262,26.2543328446989],[88.97478098506073,26.351214018239506],[88.91176661848382,26.366374221556004],[88.9571996443085,26.454884415167925],[88.97930776376238,26.449976019257257],[89.0407151404157,26.40040840025727],[89.07546252627273,26.396039184434727],[89.11012911585645,26.32539066436577],[89.13167069121678,26.297513550461822],[89.12519015582394,26.263659797792574],[89.14869848110777,26.20669159615563],[89.13565732192124,26.187637524311583],[89.1551947468996,26.138667563251182],[89.22310188109621,26.125588442943446],[89.25037184054689,26.094927763362698],[89.25445588905231,26.06451983157948],[89.32388878301293,26.038233388948065],[89.34102549453044,26.015479511545855],[89.38299940014842,26.010701351885267],[89.40644229214698,26.040889385965336],[89.43144436752628,26.01072479504044],[89.48047556198382,25.996156319728122],[89.5209666041893,26.008341829034034],[89.55859210148678,25.96467433462375],[89.58778560818395,25.98020564716495],[89.57853320150602,26.0262589660224],[89.63087542170913,26.063022415828883],[89.627809094352,26.113894314340563],[89.59634713225498,26.134907517416543],[89.60737725277788,26.179291929278293],[89.65856493751662,26.176106181990114],[89.63538965633616,26.223414554944284],[89.67183370464333,26.21968363659936],[89.70129710208276,26.151484790738518],[89.71960293141667,26.165857988761047],[89.7420155348361,26.159503009221325],[89.78437921226936,26.105364452361368],[89.822015269263,26.009839942263937],[89.84739833901891,26.001269892952955],[89.84839996145904,25.942748838336456],[89.8783251809894,25.92419802905869],[89.83325988771284,25.871188567180706],[89.82612502934849,25.810685923324474],[89.84124164538768,25.760664608433473],[89.83497102112389,25.71587210503445],[89.87091383824864,25.662701059984396],[89.88230965483886,25.617300616932976],[89.85441840167312,25.467445792600273],[89.83421275229426,25.434926717817675],[89.8140203907951,25.36994708057437],[89.83861233853483,25.32263266676636],[89.83488657858886,25.296042139937487],[89.8693641132295,25.28715844639869],[89.90811096312311,25.30784332593468],[89.9722448066138,25.30104205445587],[89.98094902716939,25.28532713660139],[90.0598581969599,25.256033199078598],[90.11238195949541,25.224237795802992],[90.16921937812633,25.221726605165998],[90.21447218843028,25.20320446509593],[90.3317186437185,25.191723914508923],[90.37735903843999,25.161789370614656],[90.44456596282211,25.143812864371455],[90.51037977986161,25.16846803514491],[90.63630130537445,25.173207286338986],[90.66498051669,25.184633639886645],[90.68889778024402,25.161139926960157],[90.76045654720596,25.165189981201586],[90.79014748611024,25.182374283699684],[90.81951638168012,25.16353851302892],[90.86938064768103,25.15966913669187],[90.96554316175396,25.17141841745413],[91.0815071830409,25.201932692838792],[91.13472048520195,25.19295979639254],[91.26464437720807,25.20678734229268],[91.34532149435978,25.172459278049946],[91.41387930526619,25.172469439783136],[91.43181936037934,25.15574814791941],[91.49305216922014,25.134701250660854],[91.60286969005934,25.173696382960483],[91.64201434180855,25.124343562186052],[91.68889982756497,25.13813866512036],[91.74664156941265,25.17168239197643],[91.80638319015316,25.169370836142676],[91.94707618549828,25.18330162653801],[91.98316250848964,25.171572088568873],[92.01083010720082,25.189142705978984],[92.0814099629297,25.1838796803678],[92.12238034617074,25.16591046527913],[92.1354960565427,25.14330130449334],[92.19964955427352,25.125402306591695],[92.22932325720244,25.09715539784598],[92.29723578578235,25.072094871121894],[92.34092593353046,25.07809360651835],[92.34239363248267,25.055702583225457],[92.42518617253407,25.029659240657658],[92.41842039778398,24.96645024462984],[92.45860447936865,24.970517876641026],[92.48781638356284,24.944169609908787],[92.4967055780152,24.902184038712097],[92.47576032859497,24.86750370884576],[92.4254760804358,24.852657284858967],[92.3857038584426,24.851848014317163],[92.37120391518471,24.8747285986569],[92.33952562169927,24.87816115051481],[92.29475759442491,24.91542797758484],[92.24859340373935,24.909096153376833],[92.24218452965167,24.840406350702928],[92.26952834499171,24.82961443365136],[92.28742056212107,24.78761566344768],[92.27897171283782,24.74565394051863],[92.29587194914498,24.736559082797047],[92.25961411440966,24.687378722632054],[92.235243924781,24.59787283488229],[92.23121547121187,24.54700029127551],[92.21169868233224,24.504481310162475],[92.16892352349826,24.52717881378588],[92.14971813381524,24.491003249883434],[92.16821448863439,24.42493080174702],[92.0821244209229,24.37488996623603],[92.00078419078464,24.395453453258398],[91.96008296166734,24.358715744207334],[91.92243594882046,24.33841130627289],[91.94233316254484,24.26308524677348],[91.92611919240234,24.213218692762236],[91.91101219821816,24.13077399014703],[91.8852554814063,24.140760502321427],[91.85983408592709,24.18256727340752],[91.82172277253744,24.21073238233294],[91.74658315466465,24.245272175182205],[91.7570772199148,24.14509951315692],[91.72644887733347,24.141160196247874],[91.68255209730708,24.162412649494552],[91.66323341659202,24.212926982206035],[91.62936493881571,24.139118124907785],[91.63130321663628,24.103556066136647],[91.5903312990727,24.08011952314668],[91.53969370757969,24.073225712381827],[91.41474478083846,24.108199947628663],[91.37614158054193,24.10582989988764],[91.3969655097881,24.047242165142787],[91.37329060181628,24.00229235098987],[91.28016383105833,23.982256198301197],[91.21946155913948,23.87918330677697],[91.24777553971502,23.82978685991727],[91.22794675515742,23.792560196887777],[91.23107548847733,23.765357279992024],[91.16730638075495,23.750286782126103],[91.15354138336697,23.691102398918915],[91.19270700089659,23.693412231336712],[91.20145195196547,23.654773449871122],[91.17063569799632,23.656657015581477],[91.16083594871411,23.594537932324844],[91.20780520686233,23.53974322184473],[91.22062515052026,23.496135307289048],[91.25484696354557,23.486773589678783],[91.28355278206152,23.418683476186416],[91.28354614979979,23.38336626953399],[91.30972376864472,23.30934299531401],[91.32364866525495,23.237681822352076],[91.32471925135944,23.168777275697217],[91.3468549598723,23.10236658771646],[91.39569789080247,23.056112539593695],[91.41733041968703,23.083008063349105],[91.38469932270559,23.156303611779574],[91.38628340828436,23.227579394085787],[91.41732235101917,23.264573481802145],[91.44852116512845,23.259950728550702],[91.50310887350457,23.192193899987974],[91.49097266545715,23.157789950682623],[91.51124831605448,23.104298350594043],[91.55025753419821,23.038527545427172],[91.54228511540903,22.999634694289334],[91.57498556322872,22.96875450004288],[91.71245488590483,22.98401951403619],[91.76159518255025,23.029837254330864],[91.7841505866588,23.03844828122991],[91.83517261127933,23.093312051174177],[91.81767303698092,23.102056536697052],[91.80618444598139,23.179761978952193],[91.78936052335423,23.203759124373704],[91.76441800358333,23.30990280456513],[91.80392151342387,23.33212064578225],[91.86364090894597,23.408295588329445],[91.90547086492957,23.432744189650297],[91.94791999370592,23.43543139197305],[91.94314568063447,23.4597864490818],[91.9759635679062,23.49710287693038],[91.95586998246074,23.61285334021455],[91.93703750950328,23.68929852745872],[91.97764420171674,23.733665580200537],[92.00655368268066,23.665407348089047],[92.06901580005518,23.644723390474844],[92.10805852176571,23.69385721839449],[92.11759362826356,23.730390350604388],[92.15159350351476,23.72755640583335],[92.17037051179159,23.705802702624418],[92.205366066229,23.70559909081756],[92.26538822723951,23.725112310834334],[92.29098396954569,23.690508961127595],[92.27434642578042,23.648685057290106],[92.29145871659695,23.627665589674912],[92.31176183138746,23.56043868496545],[92.32980439954592,23.44724393689568],[92.35686348307686,23.410693322617348],[92.35626728020596,23.37122280061834],[92.37949427919393,23.351907237396556],[92.36701502879406,23.323490197790903],[92.40045457270026,23.23643445307905],[92.35118924044873,23.232441478736888],[92.36757499721968,23.126884094668416],[92.35771702632724,23.103037863539857],[92.39182826752085,23.057356304111387],[92.37417019267707,22.971097473256354],[92.37620658359462,22.929055466160758],[92.41993751395832,22.90930050541069],[92.46405011872328,22.85425175396076],[92.45449043431925,22.81919309621644],[92.47183671201275,22.79664550856097],[92.47347415841769,22.75988479245668],[92.50792748435971,22.73687466941033],[92.52593206096816,22.67348777516677],[92.53726191696202,22.574562373332103],[92.52758824173834,22.557014648676617],[92.58350349571269,22.299172885919813],[92.59575313133608,22.17516372196874],[92.57475905578522,22.115279003696013],[92.58957917747497,22.070010556472383],[92.59761022031957,22.009345396986973],[92.63463420480451,21.98354362860374],[92.65179312806573,22.016342317064783],[92.67963540328559,22.01152301181652],[92.68155487846893,22.103465069612607],[92.69471163376453,22.153537309443493],[92.72701841018231,22.149098500753556],[92.77444100583362,22.107155208262373],[92.81002481035674,22.096268782248696],[92.81834212831608,22.0752183407274],[92.86253176182002,22.0629304883395],[92.8641381471774,22.02501953644944],[92.91549523890733,21.979815448782638],[92.95123519308471,22.030018281714067],[93.00075292677823,21.978386737350597],[92.9944545751149,22.031423121013585],[93.00453860345533,22.104735953284443],[93.05917615215999,22.101228135030674],[93.03910214369955,22.139187257523318],[93.04252662846213,22.19970014789385],[93.11089999547775,22.204308416919922],[93.12767967697545,22.173372624621724],[93.16121254416161,22.19651352109391],[93.14173988142704,22.245657639389304],[93.19917356401433,22.255873907121504],[93.18176905662581,22.394868942859347],[93.18522542619107,22.42769012642709],[93.13887293604556,22.454220441213323],[93.13485540509198,22.492102050074415],[93.10926744668772,22.524575203941094],[93.11583403170165,22.5637388173476],[93.1383689362554,22.583663975893536],[93.13373739063543,22.61442727040108],[93.10769226610839,22.636935497488683],[93.09090132961846,22.704757931742215],[93.10621174460377,22.743369665319648],[93.09420983469134,22.80620829589713],[93.14969950910489,22.908385754757294],[93.12290079058091,23.007889832063096],[93.12650077470896,23.044013929138654],[93.1830715446175,23.059687307939498],[93.2099305383004,23.047923558825172],[93.24133288550026,23.006723583265703],[93.29362002370507,23.006661671930505],[93.3196110974998,23.028846116757308],[93.34280470251542,23.086385770833985],[93.37658958666466,23.132699532204846],[93.38130862639667,23.232382062841154],[93.36463453557236,23.305938282875143],[93.3891220766182,23.365568512041076],[93.39482188080773,23.503758178081636],[93.4182773411354,23.540116896205006],[93.42799493499334,23.58821520313049],[93.41683557115553,23.63746573716101],[93.42861718451591,23.687334016923916],[93.3948562503505,23.749395061965217],[93.40207012362892,23.812207106886145],[93.38868564091719,23.825496920089364],[93.38460556835518,23.875794105341242],[93.39515867627573,23.923936394244553],[93.36564714620502,23.933532182498418],[93.34107205894487,23.969407634459724],[93.33891571598743,24.021944249725507],[93.32617422040661,24.048524906049494],[93.34253311126233,24.102932505587503],[93.42155990016795,24.064117811716674],[93.43789868762592,24.0169138680486],[93.4540756408905,24.010588162949208],[93.4713416397403,23.96477613566445],[93.51499153128557,23.942834055800297],[93.5503392280093,23.959547779727597],[93.5852655412029,23.960161057672906],[93.61673018566941,24.00709254772898],[93.7543018516092,24.005539799657768],[93.773787407863,23.970931387206427],[93.81964572129601,23.923610530865236],[93.8933823512564,23.952934665261978],[93.94408637675792,23.946250010163634],[93.96036471837706,23.928407951875144],[94.01673290561257,23.926910951273406],[94.0573660559061,23.886841253921304],[94.09606395659985,23.889188013616856],[94.13284788968129,23.83288602680811],[94.15664060631273,23.848169686126855],[94.16969044232663,23.928414952639663],[94.23730958742297,24.035378808772307],[94.25451056261925,24.082483497835508],[94.25965853172973,24.165309886544946],[94.276431601627,24.17337568246366],[94.29152806036952,24.23299012897747],[94.32164759178404,24.276305558911837],[94.32172028076192,24.328896220749947],[94.35049473775207,24.335082920646304],[94.40832696330507,24.439886468741715],[94.39834558545216,24.48234862796317],[94.4259791631669,24.48167923272475],[94.45453239295037,24.565996854106288],[94.51495474353847,24.610744334267682],[94.54492510700517,24.66882390705657],[94.5452280386819,24.710458052899565],[94.58516913047379,24.704738953512912],[94.62845291003173,24.75602839051731],[94.61790237488617,24.780570647821826],[94.6318301461053,24.839622538107502],[94.67323623741203,24.875411858228702],[94.71360261052402,24.935002558444904],[94.69634849997868,24.96826069738945],[94.73876684977841,25.023596000053374],[94.74467192889183,25.080128072999457],[94.73647672072569,25.13505256426853],[94.69745102298812,25.154940993499704],[94.64006269544122,25.166096601768572],[94.59206021212117,25.19227945817263],[94.57913820277895,25.216197923070514],[94.58511962072522,25.2667544426455],[94.63437322726733,25.355691919904487],[94.63474079542371,25.395189525624772],[94.6603325078875,25.405685446104798],[94.67545193565354,25.445610547355752],[94.69233026025432,25.465418492546007],[94.80550510331386,25.491776442863085],[94.82527014970711,25.542406137419096],[94.91483457934068,25.607450168973575],[94.93548290052524,25.666830455681534],[94.97023248366145,25.68856154147342],[94.99208134483271,25.719940268427525],[95.04084922421588,25.742332593564285],[95.0496311993492,25.79268336180851],[95.00885122930396,25.866905070021968],[95.03242952077201,25.925051363135964],[95.09675241022268,25.957323812501613],[95.15886509642641,26.024818327221638],[95.18568340271513,26.073299559295272],[95.16470152987907,26.09253972708029],[95.11774097820255,26.101248412441766],[95.121911560521,26.184922873548118],[95.14253367515377,26.21155325097156],[95.11445564966401,26.232724806859984],[95.12809661306746,26.301734322427677],[95.1210898706323,26.34958147728453],[95.13219898271312,26.37774158037744],[95.09645909231608,26.400740061301004],[95.10399892199031,26.42055253005495],[95.06174618290139,26.44989018213666],[95.1156347522548,26.5239226467603],[95.10721692000168,26.541475504221687],[95.15427184329204,26.582821366195653],[95.14910719695831,26.61601437504668],[95.20845447166215,26.64781134294503],[95.23391968067268,26.68245856965871],[95.30339233406782,26.650843801774958],[95.33513305866887,26.673635626253905],[95.43058529191462,26.700023479359317],[95.47387578548103,26.74040590851257],[95.50647870590527,26.808094044630938],[95.54317248047155,26.83543677642205],[95.60068627751082,26.811130892498618],[95.63421337032631,26.86838208189386],[95.66722368841,26.902908708241988],[95.70599233592397,26.882334876158783],[95.74496625836184,26.896256382806357],[95.760328360612,26.963835873646502],[95.79609266632009,26.99813008997771],[95.8754765400427,27.014937482229712],[95.94573464528793,27.051388223016716],[95.96346529232858,27.092791455714977],[96.01014823403958,27.142319097085082],[96.02263678649426,27.17995233521782],[96.11188354848719,27.231709890242726],[96.18530990843325,27.24916956335148],[96.23190521230174,27.276253917901744],[96.27144964669172,27.271395005538825],[96.30744643819199,27.294218567497573],[96.34019911675723,27.284867049482322],[96.40770666414582,27.287753203745634],[96.46249859551862,27.306085327110644],[96.52362776303013,27.286293487053012],[96.59553233735905,27.340520244666738],[96.60565245371936,27.36582888617952],[96.79673918658543,27.34581924592901],[96.8468778268202,27.271643235754613],[96.88427232324068,27.260187525094867],[96.88560906758741,27.226930691410946],[96.85677954566694,27.19247377095719],[96.90133518336035,27.168556627407987],[96.96397369122913,27.16129058919109],[97.03055997407301,27.13137115959295],[97.04448058122776,27.10839634132149],[97.13821021137292,27.09148687254269],[97.16281521253201,27.14314493432153],[97.0940742872415,27.21233133684661],[97.08822169130023,27.23883707226451],[97.03488208511189,27.29511408805825],[96.99841325408266,27.31878870932926],[96.96209540559819,27.372932847376116],[96.96048119950795,27.40396535125582],[96.90338067870331,27.45278363124546],[96.92770100644385,27.512144255643975],[96.90668564261736,27.544315203031044],[96.88981200542577,27.605873903125133],[96.93511696472858,27.661659123822584],[96.97732568726688,27.6637066850415],[97.0224786965394,27.742076845035946],[97.0615166652638,27.748625034289255],[97.08772925372611,27.734184300683555],[97.0986271233746,27.784968980791124],[97.15651359010272,27.814067304756755],[97.2527074149549,27.900973563843888],[97.30494760989794,27.92130328095242],[97.33964230866523,27.88520253085411],[97.37470054484821,27.90912466860326],[97.37435454703842,27.977461249233762],[97.39493992506763,28.025504669771465],[97.36253065896076,28.05969188066218],[97.3083457686328,28.061696501499824],[97.30680095560164,28.08506694756286],[97.3356632453687,28.111354085267674],[97.32754918471713,28.15493400222734],[97.36880315172034,28.192363655793184],[97.37150386475683,28.21763905970685],[97.27914968736401,28.268702309513394],[97.23835048438855,28.267675086292762],[97.22144668626129,28.292560191427476],[97.16663590374225,28.295062091248663],[97.12336738027277,28.349300541145194],[97.09007500556291,28.362889788712387],[97.04283240893834,28.347387303290343],[96.99398143539139,28.309513221374598],[96.92351970003755,28.338573338237765],[96.89641344147942,28.379625870284755],[96.82426090967422,28.36105013603569],[96.77224140744032,28.368060025774785],[96.7554772371526,28.409574205864246],[96.66278592203368,28.460259515349463],[96.59692522641106,28.460876127398443],[96.55782874592065,28.44772077631329],[96.50852402434057,28.413015825805708],[96.45658313277882,28.41403830402351],[96.43029197766175,28.386541149053897],[96.42106970676663,28.345689705449324],[96.39761841192693,28.339256875294616],[96.36929641119254,28.389255854171438],[96.31827406317852,28.381188602102554],[96.27302598879274,28.41924277372914],[96.37152986643231,28.482215235494238],[96.32305268546838,28.52573847316262],[96.3533917085445,28.55600386466173],[96.39950881583106,28.557698964370385],[96.44323754083071,28.6013411241208],[96.49399522090754,28.63910310769338],[96.46951417108797,28.680057157086406],[96.5312110711641,28.706953818771584],[96.58488800462308,28.716964247692847],[96.61261487956659,28.755229434715435],[96.60747902513603,28.793619124671572],[96.53686147160626,28.880049371284468],[96.53823708964863,28.917012696982145],[96.52085391545145,28.961404460621804],[96.48720686430785,28.96160476599307],[96.47715831043801,28.99040174547011],[96.52514294962324,29.07579760437748],[96.43570216141043,29.03415451118777],[96.34671767334449,29.028976610909872],[96.29367818710604,28.995442302171977],[96.22801629763897,28.925971252679577],[96.16640575440772,28.902629969614406],[96.14523454186256,28.93430597593246],[96.1849110034465,28.98499989924942],[96.15066808270696,29.05025613877963],[96.16985981260778,29.084815352349853],[96.20068658854382,29.103107417714934],[96.21793285679676,29.135333941172565],[96.26065203262223,29.157376713812763],[96.34673887358518,29.16813799822172],[96.39337937888217,29.25377363808159],[96.37565145014358,29.281117313813244],[96.31326643876315,29.256516571299898],[96.29361413093807,29.233178011347274],[96.23487795946079,29.2409674269896],[96.18402044870813,29.307023979583327],[96.1868125213073,29.342357645997716],[96.15122046396168,29.39734506003835],[96.08208335468142,29.461725849496894],[96.05707720544227,29.45680797691796],[95.9584846191684,29.381013741328612],[95.88233422861603,29.38996516106192],[95.84172601106323,29.35217650742975],[95.79245676754695,29.336354493890962],[95.77912820496168,29.354925408210914],[95.72845228055886,29.300922575357003],[95.63258206660127,29.247504080513696],[95.60014214907861,29.260396973245268],[95.58711328692998,29.21642463254796],[95.54637541014233,29.214084144835073],[95.54792145566208,29.126918740965934],[95.49752919317484,29.138681779743038],[95.48693146773076,29.074483823944536],[95.45531088830737,29.03517161833548],[95.41114822851647,29.032355292976348],[95.34661184455706,29.044471530419],[95.30396183182194,29.061376156155625],[95.2513995405439,29.067094515100152],[95.25212813173152,29.108514531359646],[95.17898334511798,29.107301812631807],[95.12330552126315,29.115063957518203],[95.10002430265953,29.142704122192367],[95.0414416029586,29.151421191143665],[95.01285724924551,29.13239868519814],[94.96949405951473,29.158850590609628],[94.92067216443357,29.16147398336783],[94.88314284616027,29.18104644742558],[94.84859921168443,29.182283457062677],[94.79998870995256,29.163918788308788],[94.80002484198991,29.209406963953118],[94.76879416104421,29.25232864342137],[94.6798023220643,29.327637272419537],[94.63083573084873,29.348474078175798],[94.61327263038838,29.300962618911853],[94.5764203948026,29.274956997060436],[94.56033287601109,29.22861259147602],[94.49692464669113,29.216406422582388],[94.43372524603032,29.226650424222612],[94.37478470423265,29.190039731936015],[94.3526021360013,29.149954729133626],[94.30008063362702,29.150349045330575],[94.21708979945983,29.08383421494689],[94.18732162969563,29.038813518239987],[94.15728476574512,28.954329391507514],[94.08095475884829,28.905371594330315],[94.03210354545118,28.85295432294978],[93.99696402790467,28.840884935445402],[93.9872124193385,28.7977500496833],[94.00330696026062,28.774940821082744],[93.97035298810482,28.750776417863964],[93.96734746321768,28.722590897238682],[93.93627362362905,28.67640449184393],[93.9058843658639,28.675992266788477],[93.84590338542267,28.706827087111442],[93.77705286297252,28.66796688553087],[93.73352558337872,28.68879192850793],[93.60901282553883,28.65545481185157],[93.52658173252354,28.660924960157576],[93.49771600310721,28.6837232774472],[93.47635196089814,28.653330228613306],[93.44790032069183,28.67576971628581],[93.4140599709637,28.65263458583159],[93.3345677172987,28.63345476596369],[93.30207545314776,28.599296637607072],[93.30740623211354,28.565953943086605],[93.27794073531128,28.504464576488044],[93.23107676959579,28.47759022994676],[93.19232204147711,28.42562291230624],[93.23337281225803,28.400245114009188],[93.22446057332368,28.340540039353783],[93.19547351115686,28.317498650539726],[93.12658125657192,28.326335363647466],[93.09715078867582,28.306605814802545],[93.02376111412931,28.29951680616213],[93.03554596591631,28.262661201071243],[93.00210203014666,28.230305663689244],[92.96636001523402,28.261390176590677],[92.91478946672459,28.234610997002772],[92.89704775962616,28.204180395727352],[92.84141597532793,28.178940826136365],[92.80153128426119,28.201874710667813],[92.7848973382486,28.183374159014704],[92.6820064292229,28.117648934021005],[92.66468043908178,28.06236616400066],[92.69713934788787,28.047927955349042],[92.74100334389794,27.988882106180753],[92.67063547260983,27.899571873902808],[92.60651674057884,27.876985208776755],[92.56208551236575,27.820490759665006],[92.49399968259786,27.836332204978834],[92.44529999073467,27.800308616602468],[92.41542977055755,27.822602674418434],[92.38138160008002,27.794591123065647],[92.30900085037858,27.77884113212043],[92.26916234170058,27.853633128262786],[92.20215458639335,27.856800509060935],[92.15799207392614,27.83675483746833],[92.05723765149686,27.75887978995762],[91.98580119016083,27.76979443473136],[91.94697250104987,27.72848591306447],[91.88062230534409,27.721670782639247],[91.8625321130009,27.736784854830617],[91.83013381622196,27.80746719610698],[91.76036639324279,27.801240523299786],[91.69648212958577,27.822114690867554],[91.67176843497225,27.85672508464035],[91.57229545390587,27.86078185628227],[91.54836394307145,27.846915236762094],[91.56794904882844,27.815360182839182],[91.60128061164424,27.820876792573582],[91.630537463942,27.80083061676879],[91.62596344373789,27.70592342748911],[91.5940202649229,27.68319037761759],[91.55988794745609,27.63341458498273],[91.57889963700768,27.599486002939777],[91.564079045499,27.58412795318048],[91.59637621533314,27.539429132144424],[91.65502081614366,27.48280324968032],[91.69187871111568,27.502561935123094],[91.71553018024511,27.473417470147172],[91.77542330275662,27.464264757599828],[91.83005342508888,27.468696535915708],[91.85070906484803,27.482259670809526],[91.94080659968698,27.46026854061823],[92.02013537434333,27.479345227171297],[92.01809329170013,27.457624266123883],[92.05567088364015,27.399646098866217],[92.04723140198865,27.37878725028847],[92.05985443583464,27.326685478237845],[92.11827090678379,27.29224784983604],[92.1025311222455,27.26853022656294],[92.07098567791247,27.276806970818694],[92.07050620302789,27.223063695478746],[92.05707436562595,27.189005610917377],[92.02605205070708,27.171187157110953],[92.03724321939748,27.137839272065598],[92.02294266081016,27.11432622799301],[92.02845914579969,27.07795687576936],[92.06456525957505,27.05155241963506],[92.10376459626718,27.007033970856135],[92.11739151451114,26.93165713502057],[92.11210122261524,26.89194039269107],[92.10237426292215,26.867335402639117],[92.0561884381096,26.84666981827973],[91.98359411484766,26.857858981297184],[91.96434767574945,26.88214711087196],[91.89299124801703,26.918704913747924],[91.8593657483554,26.91317833312873],[91.82415599063852,26.86391283338374],[91.72074775262044,26.811910419054893],[91.69011310925569,26.80680146578285],[91.62593958987382,26.821030295761915],[91.59296507145085,26.805207172304684],[91.49520035098324,26.79121063093494],[91.40805475203315,26.840035388098745],[91.37616546315208,26.795350456647537],[91.33730486947552,26.780616092091226],[91.2967409676123,26.787152026856997],[91.23677430182512,26.81196145696359],[91.14625855540736,26.811109086641903],[91.097619491741,26.822082402424236],[91.05411452270556,26.780804668125977],[90.9917240010592,26.790829738641914],[90.81686748526587,26.77629477420214],[90.69305478632354,26.77083867676922],[90.6757919190008,26.784429184851223],[90.54638448551951,26.816835697042173],[90.41805778461385,26.904413944768706],[90.35670218326024,26.901021441493047],[90.34788978218825,26.875338680048436],[90.30061592778505,26.848525779428464],[90.23076915302357,26.858801564527898],[90.18768792110431,26.807114888973747],[90.19466618604662,26.773712364326467],[90.04920523770227,26.730401919836208],[89.8976477109855,26.724305320293247],[89.86237854588222,26.73697381458175],[89.85183119077276,26.697153768820364],[89.79932721363139,26.708309585294842],[89.76379764669021,26.69878661734676],[89.74349367850013,26.73254773409203],[89.71504405052005,26.72015864399518],[89.6363390381492,26.750597803032154],[89.63994830726405,26.77730318357015],[89.5020065282407,26.81058687689217],[89.45445338312406,26.797931064836433],[89.42872296359388,26.835253906252067],[89.3822391873645,26.83643394465563],[89.36969045317569,26.857274054908846],[89.31574415628548,26.843599415293742],[89.25604137959616,26.807757187649873],[89.16902405378043,26.814799857774776],[89.12888534969404,26.80652864694383],[89.09389007732761,26.839433115548363],[89.08937193413082,26.889338830601712],[89.02490245579547,26.920569698027396],[88.97538789584983,26.912816011941338],[88.94120315539797,26.930918391849623],[88.94829810610581,26.96696536183898],[88.91728326786505,26.998087149139916],[88.89601595804238,26.969171364643884],[88.86699102020829,26.995804220650648],[88.87552454199526,27.065001923950334],[88.86605954092049,27.109186621826993],[88.74553283077847,27.14202526597501],[88.76659007945338,27.17833148763518],[88.78774718665193,27.18168969236528],[88.80332404823872,27.247950821051866],[88.83184710720508,27.26245956472519],[88.90364667476544,27.272772976654938],[88.9153941844844,27.33072820013207],[88.88088394398092,27.360334427637156],[88.83797656751014,27.379321867176582],[88.806190505835,27.406794594094595],[88.77686418591803,27.468734244758267],[88.7907787222581,27.53153832318437],[88.7697657048311,27.571191711303005],[88.80448229464358,27.59442416864857],[88.81519056586818,27.646169267752352],[88.84816101941449,27.667756123774087],[88.83983076661336,27.711259663838323],[88.86524035912808,27.742496596297592],[88.85355553654462,27.76506711728831],[88.85559714577568,27.81594256780898],[88.88073909423461,27.82957782529906],[88.8829774542758,27.890665238857395],[88.86054293465843,27.9276540403832],[88.83704819459665,27.92917932911586],[88.84395812469529,27.992632653808776],[88.79285347572986,28.048765708872907],[88.75608579496854,28.07607915467315],[88.66662484945905,28.07610745065462],[88.61951892791171,28.09813001641593],[88.5663644627068,28.09039449636654],[88.54278544719661,28.033140961006797],[88.49537663888827,28.053943355559213],[88.46757462705777,28.016741941818857],[88.43076765308761,28.007954669461892],[88.4107187507427,27.9832317967904],[88.35253150200626,27.989850762085855],[88.26624935831737,27.95715065501078],[88.2374898259373,27.97124443988693],[88.18523073313567,27.943509316915403],[88.14490868289977,27.964347866353737],[88.11923289980344,27.916825389580733],[88.1454555565835,27.878897687916165],[88.20271685246774,27.836455700345546],[88.18548614483217,27.810517987150902],[88.17822647633889,27.746476058081548],[88.15878120772895,27.74053042199713],[88.14324463288769,27.66262798935295],[88.11944281811904,27.643854180665564],[88.11370899203474,27.609682848016984],[88.08306882403097,27.58875385006459],[88.06135315427026,27.54102940372067],[88.04496770831642,27.47817238112814],[88.07531664789498,27.432738478659928],[88.05207244257605,27.412378012344114],[88.04227442255073,27.370999033927824],[88.06838007196835,27.33507077184256],[88.0327910158941,27.28533868791666],[88.01482460061725,27.21170989137787],[88.00891181485702,27.141031801913336],[87.99169625910534,27.108340618966288],[88.03984271631428,27.03544330351146],[88.07989615770379,27.034319172658677],[88.09108955062288,27.00618342108854],[88.13307441119576,26.982324140064303],[88.12096239567724,26.950481480573984],[88.14383677267855,26.921195360714616],[88.1384426705701,26.89745181639666],[88.17146736978317,26.866721007479157],[88.16614539161226,26.84873772665132],[88.1870866920385,26.77140087722113],[88.18141685295193,26.719902500878813],[88.1668997581603,26.69942649893753],[88.16280741101828,26.64638234525032],[88.14179568536868,26.624569884606476],[88.12403190666373,26.572011119061838],[88.10540160764585,26.551079975441777],[88.11059616159031,26.49760176512988],[88.0991513805289,26.456118327748936],[88.0684713506827,26.415030892622916],[88.03433571843247,26.392922307922884],[88.02960377350311,26.368042285118158],[87.9974270524772,26.365028484478422],[87.99180273012776,26.392713567071656],[87.93286071958455,26.418020859040727],[87.89995961238492,26.47775483995277],[87.86358760267531,26.46851172547812],[87.84829903112443,26.436949329778898],[87.79212066599327,26.468957224782844],[87.76669532152006,26.410945299869393],[87.73380684193837,26.407649823474525],[87.7128325975957,26.42735722253171],[87.65133637845909,26.393355898145355],[87.58425856264454,26.393359894175607],[87.51590970705976,26.430846029309315],[87.46371440811801,26.44019774361862],[87.42714939536961,26.4220702973387],[87.38796991054697,26.419151568032245],[87.35564154671457,26.38874364591159],[87.34024963387172,26.34773755143224],[87.28879974078308,26.373926185530117],[87.2652103182903,26.406000921944724],[87.23533608444049,26.415237903606837],[87.16221779722954,26.404517591711294],[87.09113680464132,26.450771983889695],[87.07179787679809,26.540703450774846],[87.0707462873669,26.58652152773352],[87.04246993901526,26.587516264780387],[87.01649586583727,26.53183010272585],[86.93343904412427,26.515423893084435],[86.92941231082892,26.489799601403565],[86.89310767476562,26.487949530213275],[86.89347929522225,26.46152213373662],[86.83352103407286,26.439327413095487],[86.76649538163022,26.45881034398962],[86.7465828588168,26.428577269543833],[86.64022360029317,26.46262795231027],[86.61631082472235,26.484258631861305],[86.57034393910745,26.49655038989518],[86.54202251598979,26.53831573389969],[86.49720409682128,26.54270571490766],[86.4559489638048,26.567830769757393],[86.39521836531011,26.5854747251853],[86.30747666140546,26.620339241209184],[86.2529014809343,26.61487385307918],[86.2179381867954,26.588631812207083],[86.17100325147753,26.616787318375486],[86.13606858485008,26.60645091737709],[86.11825592431896,26.630418494577494],[86.02727627890528,26.666270272118503],[85.95359590144804,26.646525533104164],[85.94609144293813,26.61996733383478],[85.91381888334952,26.60848119175788],[85.85869655610682,26.568975960218356],[85.85073565910947,26.60853543563104],[85.81703632960959,26.602837761584514],[85.76970166465156,26.629557463301605],[85.72365833869422,26.674010369036527],[85.73466926491447,26.795850018467675],[85.72162086530673,26.820266489540106],[85.6427252475006,26.853394934363653],[85.62410176220412,26.87367984489374],[85.58570404344398,26.84692618123287],[85.54356860097496,26.838139009690607],[85.49532348179838,26.797178635100817],[85.45101672504937,26.782006051081762],[85.40766418574461,26.791657070245567],[85.37492959475762,26.76145294592946],[85.33434359254181,26.741718631778806],[85.30784549163441,26.75211771226156],[85.19731127959018,26.76963411426989],[85.17717311165545,26.815572744966776],[85.19052789786052,26.87020609140584],[85.09900977890939,26.871233925910214],[85.05764077904075,26.84936106133812],[85.0524035919512,26.88952523874205],[85.00449719333227,26.895128487942117],[84.96872374187626,26.9157480612685],[84.96552622904662,26.957956405245792],[84.9107814322768,26.9680031399395],[84.85864960020817,26.988791494203763],[84.82571234300487,27.0209304836362],[84.78645578452746,26.998678475883853],[84.75706676040699,27.002803334732313],[84.64327601981222,27.046464544150513],[84.68364491629185,27.143959541395656],[84.6898998092584,27.221620267457226],[84.6201546788713,27.339288955806197],[84.51585120948548,27.353004133479597],[84.42224758961851,27.371453901310975],[84.35399050771977,27.37160204546341],[84.28394163537557,27.39484931156874],[84.25852193052575,27.45104243541873],[84.17537410767783,27.474338258118777],[84.12896809680598,27.51185909377175],[84.06452237082505,27.478143943521285],[84.04649185266784,27.44587962470941],[83.86975596428209,27.437402335631003],[83.83238182458423,27.430881921926797],[83.881886441078,27.365092235011563],[83.86351268473555,27.344097664674194],[83.830783081195,27.36992378742976],[83.61485865476516,27.469260102074095],[83.38815945662682,27.479408077396794],[83.40482779014847,27.418733667100202],[83.38808050189988,27.3756888493142],[83.33814581516725,27.333602379022754],[83.29500663113235,27.334139157252714],[83.2658677968017,27.36597180041231],[83.27229071964213,27.383371671291965],[83.21117183784058,27.42320910396226],[83.18834369892357,27.45391816228921],[83.16212410450035,27.457311684669914],[83.0348820519266,27.448821875820823],[82.96880823639273,27.463706108580137],[82.9292290461844,27.50105947438643],[82.80209486420829,27.496445109583703],[82.73505325409297,27.50266695449016],[82.73716165216706,27.54727969500713],[82.75380580124461,27.586483158641464],[82.73916414246244,27.637345440898688],[82.7125659863004,27.663471878560937],[82.70906068999317,27.717704966971517],[82.60502824322691,27.70583469127582],[82.54079121385278,27.68581255617908],[82.51667922159633,27.69127338440203],[82.44923592171686,27.67966938766095],[82.40244264083782,27.703974677803654],[82.36777405429922,27.743387503257527],[82.30372241564018,27.773672663460797],[82.20736484947128,27.843487154729182],[82.15327622620241,27.866785089137508],[82.12154453775479,27.865461206145273],[82.06994852649864,27.92332961296103],[81.967896574778,27.92879335257683],[81.89986799374486,27.853556389553155],[81.83320762683945,27.897737863904172],[81.804591885092,27.90301407992117],[81.69880227973105,27.98770212398171],[81.64366580671755,27.993179782736597],[81.55105562204518,28.047206255134384],[81.47811645620695,28.082613714723088],[81.4838703524513,28.118611349533644],[81.41413965080432,28.17442628932914],[81.37136440573208,28.160498301675702],[81.36557126119463,28.141086720001105],[81.3180770240011,28.145031016699768],[81.32066796380819,28.197157787894366],[81.23274618002839,28.28892539257685],[81.23390400512336,28.326010126707615],[81.21063256737659,28.36071440168298],[81.12311817496804,28.37552202346166],[81.01665431930768,28.415845570813815],[80.90515085112305,28.46629468911063],[80.90839152171385,28.49788445992472],[80.85558131248538,28.497540696203483],[80.78421600221145,28.529262385578136],[80.76866016030398,28.56591625362823],[80.71442502630383,28.56861329157902],[80.65163089609189,28.634348674592243],[80.6111280787697,28.63866587011824],[80.53966474073867,28.690183202243666],[80.50344616058466,28.66443312609605],[80.52307954270336,28.55342713357464],[80.4720598447194,28.591495017834397],[80.4622991299312,28.621649726922268],[80.4153799268089,28.639435933657786],[80.37763665768273,28.628728334847025],[80.32557204385188,28.66641744376099],[80.31684926769577,28.700289914358688],[80.27757359845903,28.710933276479214],[80.25031137170632,28.757334766908013],[80.21605933755822,28.754641070800822],[80.17134014899092,28.781992714749023],[80.11927950571364,28.827592506889868],[80.06508911589948,28.836732767314864],[80.05891981980312,28.91576231694443],[80.0966744148884,28.975724027007736],[80.12688897099203,29.005545104471558],[80.1294515815283,29.06128674264076],[80.14463722052066,29.102582111564523],[80.18351405214432,29.136408674491467],[80.23332552146101,29.119256644742382],[80.27125244126555,29.140385592764037],[80.25852867932677,29.187842919137257],[80.29789186872671,29.205209714465912],[80.29084628942688,29.233216468168013],[80.31762663291174,29.313091090011355],[80.27169691958329,29.362906455066444],[80.27508231954619,29.391383444596254],[80.24294543520986,29.41102109921091],[80.2449061394715,29.44790980682398],[80.28576495824247,29.449374877404065],[80.28545219719992,29.475307953140437],[80.34196446163058,29.510765320061882],[80.4092394693281,29.597530812066505],[80.41593077374111,29.65312222462865],[80.39212225304891,29.66542171714293],[80.36804640271127,29.72374569404256],[80.40733588893538,29.794249673499806],[80.46429123839685,29.800925218567485],[80.55351305058106,29.849279596748175],[80.57254270015008,29.917527833958804],[80.60194777716468,29.956993948377093],[80.67533077992354,29.957299044925527],[80.75041412103874,30.011479158089724],[80.76175047634369,30.049898531220038],[80.80533282715601,30.089934799091875],[80.87809238383635,30.133656913498392],[80.8623931276904,30.169562661519336],[80.90738921296088,30.22268457993899],[80.92843542313759,30.174767486211472],[80.97434915184384,30.192528827043947],[80.9951929644005,30.186445865580215],[81.04445295976095,30.206082909700424],[81.03211977991779,30.246809140811962],[80.99960670000512,30.26753834122115],[80.94914796398348,30.270075995878074],[80.9085197921533,30.30368189894088],[80.80368100501157,30.32350616640053],[80.77284156372832,30.365778885011316],[80.71506940672177,30.41424703917973],[80.68968081142852,30.41432651600044],[80.6072084237579,30.471684952662237],[80.54094799759679,30.4482695632563],[80.49835450775767,30.48717279103878],[80.46613987692845,30.490485570925884],[80.41655409225888,30.51788210703432],[80.34691265440505,30.520846139822194],[80.31543681064194,30.564965816629215],[80.2544402380596,30.564537570515654],[80.20931673754588,30.588324535932898],[80.21980315364138,30.642461240038728],[80.19340195041042,30.66745045812803],[80.23252178170831,30.691116143190857],[80.24923841854107,30.74433176855788],[80.1976751553686,30.761690674555137],[80.17795449922512,30.805070110701728],[80.12423723320653,30.780506069510917],[80.08679117977692,30.796229090071964],[80.05039731854806,30.84501521845197],[79.96865247822267,30.881440053035934],[79.93221439832224,30.879962915819796],[79.88886755792964,30.918269054953914],[79.8822582777869,30.95411487661054],[79.85574202911413,30.976489415483748],[79.81716206553904,30.971685272361917],[79.77538908071077,30.98692780911981],[79.66486879075681,30.968435643962124],[79.60090760975193,30.939330302082208],[79.55526375831322,30.955864971699352],[79.50842997868624,31.014974613979522],[79.46988460563948,31.035475284677926],[79.43380852074745,31.022822146031128],[79.41735029598424,31.044482567018704],[79.40949285795817,31.10836240729762],[79.31836049535299,31.135910728952112],[79.3065551601809,31.15259893302171],[79.29629322768498,31.217550701048154],[79.22188340653891,31.259934817311585],[79.24659930561815,31.29165263701908],[79.2171826115903,31.312366756678298],[79.2333076080955,31.333854981710488],[79.16688692338602,31.360972683633037],[79.17365508406147,31.383704235627473],[79.13899054533155,31.433631297952132],[79.09609469604253,31.451690928768688],[79.05051216450344,31.426638681442498],[79.01578247096595,31.423235426429343],[78.99865460875229,31.339894608021968],[78.94330463134858,31.365723583659435],[78.91045728203048,31.309694639853046],[78.88199484317616,31.286774822117703],[78.79156028379882,31.304561371249182],[78.7692982595806,31.32448241305596],[78.75275473439126,31.38542735138551],[78.79774491862864,31.44345263899139],[78.72045071580139,31.50726423112748],[78.7304147085586,31.531755914079486],[78.79692109613946,31.56210149597727],[78.8469346693271,31.60803793525571],[78.80980538612118,31.63836964589158],[78.79851596509488,31.68226073010931],[78.76400004184893,31.674600104668592],[78.70768347180962,31.77209057267672],[78.70269733509585,31.807354719798454],[78.74502862287324,31.839517250991616],[78.7410119605905,31.885228315822744],[78.77129057465872,31.92895564704441],[78.78110859208059,31.99349382598887],[78.7378185988758,32.00117156318054],[78.70556441791959,32.06663188828908],[78.66331699865378,32.10264905608329],[78.61278559521386,32.117587538640294],[78.58982911219557,32.1542282242153],[78.60977062364326,32.18409865361586],[78.60853917442422,32.21431699614675],[78.55508960905517,32.24568547753057],[78.454847981821,32.242241709085924],[78.48001921805314,32.27356620130657],[78.4765129515654,32.333070841265794],[78.53476269070626,32.4143938804042],[78.49412787673285,32.42176805217652],[78.45415153954077,32.4523670210234],[78.46479938379119,32.485230950045434],[78.44784870258924,32.506317171631146],[78.39859088115179,32.52574167419204],[78.42575420339176,32.531085244233225],[78.43522247074094,32.56133991079605],[78.47105774874638,32.58327910140531],[78.49814502320748,32.581466689834826],[78.53432333278568,32.60841302021089],[78.58671839279202,32.61567309056397],[78.619496875464,32.596482024749434],[78.66088379582413,32.65379469465398],[78.72161374034522,32.66095732026213],[78.76122695244828,32.654847928454615],[78.79106945690398,32.61820122911314],[78.77497322804749,32.572912914068695],[78.8257763754541,32.438489310827435],[78.85741445226262,32.44043077572934],[78.90201608459694,32.39265799780452],[78.99232874348854,32.34501112864359],[79.01312783791025,32.3770595204993],[79.0590987910968,32.39036641369131],[79.11360967195662,32.38401741778415],[79.14576092304918,32.43681143075685],[79.13047559172162,32.47065417441286],[79.19364051683846,32.482785250820086],[79.27565435677718,32.5337830650343],[79.31923253311845,32.59250961086184],[79.39300776458492,32.572093051514855],[79.39790954051034,32.53685154743903],[79.44660030671292,32.53230471134634],[79.46827772800543,32.57609325317884],[79.51420229578395,32.60790376198406],[79.56558445410354,32.673039931575204],[79.62534275206724,32.73731239485903],[79.60167413409908,32.77674140094672],[79.5717137473219,32.78220548328494],[79.4625097722286,32.919832059674775],[79.4138617945797,32.96729832669496],[79.38194947109798,32.97206009310338],[79.33945230042036,33.018261615880874],[79.38079345970169,33.027469272977214],[79.39200469675558,33.05385415787032],[79.37658379258346,33.078798968945534],[79.40386245670925,33.14374818436352],[79.44512304070281,33.205555680022144],[79.44592450322637,33.26451923277415],[79.36852893450231,33.282378085536436],[79.31419701062362,33.27294110346651],[79.23314871139314,33.297602291107125],[79.12541061167201,33.289666889220996],[79.0958322442491,33.29431805426947],[79.01632227131518,33.335198435997256],[78.98848995302188,33.33256884326522],[78.93187744918185,33.43250360452919],[78.93911783893094,33.52625563379951],[78.91369347990951,33.57404338485003],[78.91559758940997,33.62211038962454],[78.98843929702304,33.61088140088623],[79.06388644325187,33.62651904552871],[79.10557909803254,33.61658114594724],[79.09062924434443,33.67922040120743],[79.05247325144745,33.67783184821343],[79.01903846951058,33.705426280037614],[79.0414845935648,33.74939048476574],[79.01871802607559,33.77541251362044],[78.96022867840077,33.87068294012772],[78.94788151178858,33.91630590497408],[78.9036260174014,33.97158037339176],[78.93908721266786,34.02366953304312],[79.02088331715163,34.050565309293006],[79.08260122612728,34.021560166788845],[79.14225792732742,34.03485637866686],[79.15012424609836,34.067765648833756],[79.19654427068866,34.05090669817548],[79.24621765816642,34.0509646203318],[79.3972235492302,34.02675007010521],[79.43102351429633,34.0923291269267],[79.45969182725082,34.10164900998723],[79.49319178645317,34.13554270224341],[79.50567581139887,34.20545310681547],[79.53555457994406,34.20547414141993],[79.57763156544439,34.22881612543438],[79.59034764499086,34.282434963618414],[79.5580095784552,34.332081847827965],[79.55804168334515,34.410825781467736],[79.52658342949348,34.41762754459626],[79.50695763634235,34.473916224636184],[79.5786507059309,34.48956664265745],[79.65082839146237,34.48803737269128],[79.73181238120003,34.477968759872795],[79.7924421572788,34.48469555090901],[79.80869781194542,34.530945914318124],[79.75687486019723,34.55435064795745],[79.79142428072191,34.58927234464295],[79.77432310925207,34.627223293237535],[79.81882700847655,34.646607213829725],[79.85906556210347,34.688380694063085],[79.94295032238631,34.68069216402074],[80.04286049733184,34.70401188453536],[80.06944062969598,34.71933857396618],[80.07152084582293,34.82805157669344],[80.1220372123633,34.893042124191254],[80.16924741124717,34.98846938553697],[80.1842289161761,35.062823368899444],[80.17621484520214,35.13645449109032],[80.18189177469128,35.16632600868081],[80.22703689495899,35.22768615931744],[80.23806046137355,35.2871523723727],[80.269264908818,35.34381345078498],[80.28188888858995,35.3874570663387],[80.2794162066001,35.44043594285415],[80.32697716795815,35.4721490633346],[80.30963371816114,35.55373541378913],[80.28983988884795,35.606981920862324],[80.23567855324484,35.641495601942495],[80.12280270364789,35.6737035734148],[80.08653815939573,35.72472817772734],[80.05659960976482,35.74948530780665],[80.03660594033511,35.79930452924481],[80.00843010897228,35.83079670112221],[79.97057716722799,35.84021120979651],[79.90855720153456,35.81676758458224],[79.8694810157831,35.7825690325634],[79.7233776426533,35.80558105246405],[79.66391997667893,35.83480427825259],[79.55828697012998,35.86129939723071],[79.51680708581597,35.88304172302577],[79.42051181152391,35.89605299389126],[79.40158918544114,35.918313457567024],[79.38312343981698,35.99380256972364],[79.24028893000485,35.98626596406342],[79.19651135282339,35.96098467192883],[79.19630251607941,35.898085211092905],[79.143719737823,35.84140528909046],[79.11615266508363,35.8361457805068],[79.0264678764733,35.84684736179065],[78.95901018827806,35.892108654249],[78.93842127088664,35.87909306241181],[78.80297568186563,35.85531434892681],[78.76730332501518,35.86918237058745],[78.71738763495563,35.86784890994596],[78.6567370116743,35.85346638696893],[78.62947556915083,35.824204324509424],[78.57912762325145,35.80757481876611],[78.51983154802713,35.763286139728564],[78.4217956746844,35.78483412847868],[78.38468117056158,35.73502495980199],[78.33744405994833,35.72007208664451],[78.2719359674478,35.72147056212111],[78.27066942105057,35.66841105632261],[78.25367090186478,35.645155329269755],[78.20551799115901,35.66644601350259],[78.15023847580943,35.57768978308724],[78.15527583266407,35.55155450081571],[78.07633126386145,35.54868285608501],[78.04494288726085,35.58484663589218],[77.96538866511264,35.57111806571265],[77.92987119668175,35.515279440279016],[77.93137350323025,35.4889650808247],[77.90460181501322,35.46884572127942],[77.8631742863106,35.48074432702401],[77.8171374776307,35.51246309615573],[77.78572985732,35.494816995544625],[77.72314217613007,35.5146684791772],[77.72162858943659,35.47505256340679],[77.61279531761988,35.46915994898529],[77.51115796894555,35.48813977162433],[77.44929758806416,35.46241658228308],[77.34740338140563,35.493211423556204],[77.31952136920916,35.53209787195601],[77.37710499768536,35.54986146864951],[77.438933102997,35.51757484543276],[77.47111379816977,35.52063079089959],[77.45555071404453,35.59312020756954],[77.42584026193549,35.6100536029536],[77.43661409939608,35.64059761466689],[77.4003121690584,35.66203699326161],[77.35714991269384,35.71721862573946],[77.2841777786847,35.710567358520166],[77.22331051229935,35.714476123865495],[77.16187199105497,35.740014337683306],[77.11827718060965,35.795902879227356],[77.07888970166283,35.79705303883401],[77.0194182070232,35.774131709402866],[76.93398979792585,35.78354358802392],[76.89371354380307,35.79922039295809],[76.85666328539281,35.830644841376966],[76.81057292544375,35.844282838768265],[76.7844653428516,35.889420157257746],[76.72156176729538,35.95290000982175],[76.76848663070223,36.008902822147775],[76.80737683015559,36.01993721882701],[76.80063375313796,36.04732174618687],[76.7247933828682,36.077935836557],[76.69606558167891,36.135350180983664],[76.63607984016659,36.184372491706256],[76.59997008012942,36.164998318416906],[76.54367506516547,36.19220310500447],[76.48052644447097,36.21085322147542],[76.45595558468256,36.23993136973053],[76.43082934416464,36.30759691466818],[76.35124351119993,36.35930296302456],[76.25360852901889,36.347223921787645],[76.19748985065024,36.3868702506104],[76.171992267255,36.38972645782155],[76.07615817185996,36.47369102143796],[75.99592651218973,36.48374619823335],[75.92225046461226,36.50185935252091],[75.84796369379535,36.54372796410985],[75.80845876102336,36.55240010322797],[75.7472440756934,36.587808366196214],[75.67410919480267,36.6954222680568],[75.61540456676823,36.7609851934875],[75.51290894701015,36.79144936180262],[75.47315473534019,36.81013151336168],[75.44699828439656,36.87973608507389],[75.40772477740461,36.916056042019534],[75.42718739517767,36.949982508463904],[75.37523317261713,36.95981671502534],[75.35094989858555,36.9803697632542],[75.34276276986708,37.05183086474875],[75.26393098544668,37.05128027438769],[75.2012653188118,37.020464133927874],[75.1348310605585,36.956723070714304],[75.09495242234016,36.94215044647791],[75.01774262881014,36.97572748435334],[74.9099157638608,36.91180680508404],[74.84506870834025,36.98929154850737],[74.83289006298054,37.02424131288092],[74.72728075129362,37.02533411635335],[74.70773463870825,37.07695770947453],[74.65830697010506,37.057073310133944],[74.5808969654546,37.04278410888929],[74.58849925049896,37.02792421447248],[74.57774904322184,36.94794446668641],[74.531272425667,36.98619268926967],[74.42898651312049,36.989378909584445],[74.36742348717462,36.958268987258066],[74.26047305724387,36.885916134331296],[74.168209487524,36.901889586038465],[74.14690234101175,36.84757955064936],[74.09180447489422,36.83793696293969],[74.05129025615435,36.80592918129588],[74.02513077609166,36.825630508951235],[73.97049286267082,36.83943366274184],[73.93694052899252,36.873293265569146],[73.87791873996724,36.893743473631616],[73.83499228058497,36.88623590275921],[73.71036795198683,36.91209540985545],[73.68060306107338,36.88490634994116],[73.71823485017109,36.85654201961506],[73.72248632667913,36.8353337200557],[73.8086068742283,36.81212267403873],[73.86135034671594,36.78802526810534],[73.90559915943419,36.730839256330626],[73.8832165471689,36.6986232993022],[73.80821918740287,36.716066845282285],[73.78998773767609,36.703862351183204],[73.72424673088699,36.70935770912257],[73.69975314507764,36.684223834768204],[73.6323557850418,36.68942434611438],[73.60546997395267,36.71329387622649],[73.51067168728429,36.71477152290157],[73.43549130566066,36.743900216733664],[73.36835031402705,36.73199176116816],[73.31395776374814,36.705767305443885],[73.20909074525207,36.70126695671678],[73.19310909920495,36.72015881565318],[73.12572669432177,36.685965914834355],[73.0842269554434,36.68165971420876],[73.09011121969343,36.64237686318961],[73.11172082447035,36.609445528791355],[73.0607603551079,36.537097069565675],[73.0212349030183,36.52427231986644],[72.99179349454039,36.49624334373084],[72.99131864867428,36.457465200246645],[72.92154968777947,36.46231790636199],[72.87874630387927,36.44268953588613],[72.88937746910972,36.397194654096495],[72.8290139725458,36.36050728580807],[72.7778445460653,36.30924885913083],[72.74977730754546,36.30449952437607],[72.68117557890315,36.26218933151745],[72.6360177914915,36.27584956456792],[72.59641456056966,36.26361792095264],[72.55086561524251,36.18053462097515],[72.57313044489928,36.15033814118192],[72.53592743516134,36.113897447444174],[72.5303944499168,36.07403567774418],[72.58552746351802,36.049832763526695],[72.5953460819128,36.026732518582435],[72.5477336614623,35.961916257230484],[72.53305453574626,35.91683416469073],[72.56877836875748,35.90672249748371],[72.60091025037588,35.87047591309448],[72.64496323934543,35.86574684680426],[72.69402103651169,35.83260244350856],[72.72270454446931,35.853325173964265],[72.77658910733652,35.8434280829793],[72.79831626205828,35.866893278420434],[72.84496664882317,35.87949629055868],[72.9009113127417,35.8810723907024],[72.90394795077873,35.853034163578855],[72.95709779684648,35.84712399918777],[72.98719080729893,35.86064830491409],[73.03737404439596,35.85416933561862],[73.07701460301291,35.88563011237818],[73.15343719207954,35.841083035364875],[73.13423214734956,35.78489646184005],[73.1385509930123,35.71799421657437],[73.21477535354012,35.67450026768353],[73.27197087927084,35.62918718908827],[73.36666132049447,35.60492161754041],[73.40208915951797,35.56562217737036],[73.48096476735122,35.57671987550543],[73.57030395520701,35.554265789078045],[73.64189394311671,35.56849669857081],[73.6718855247903,35.550662063481695],[73.71997090823817,35.55291835947281],[73.73423198946199,35.536093698823436],[73.78408143775209,35.52511074228187],[73.79431142346169,35.45961367964867],[73.75389788610238,35.44147654431731],[73.71081993572881,35.386653778767084],[73.69905731994004,35.322679692757106],[73.72626387360293,35.27772213769276],[73.71436279059799,35.227916382484864],[73.73090589268088,35.21677145363395],[73.77671375043923,35.24332777631781],[73.84597171995614,35.22907094100924],[73.86437019434192,35.21027230650117],[73.9164302007137,35.21169004969971],[73.95836018769751,35.17390143789862],[73.9912398808575,35.18419177007928],[74.04415238663722,35.145908815987696],[74.0795385671878,35.15419377038734],[74.133484414022,35.10748800859642],[74.09239123197995,35.096031890895574],[74.06550075953282,35.04802250136629],[74.10736941224388,35.018995199397466],[74.05944137231148,34.99111397485143],[74.07316230463977,34.93947844829364],[74.04303330767704,34.92135628794762],[74.02949837961319,34.877137862337975],[73.97352731600512,34.86484441673548],[73.96354003622082,34.84121388884353],[73.82032073395493,34.7954695941076],[73.77298458408183,34.79638227563561],[73.7305915263488,34.77096209872889],[73.70577157091867,34.72487306654989],[73.6695200944589,34.689203680034495],[73.68949569517503,34.643082188557344],[73.6593894857761,34.609954000024516],[73.61761008338351,34.585629556821516],[73.5527495818796,34.59268302782152],[73.53471450746719,34.57719189292686],[73.45967227146281,34.5778726945382],[73.44208418346454,34.56486119524652],[73.42147518243826,34.47021677009275],[73.42460338754887,34.441815866293666],[73.40848175792934,34.3863442110204],[73.49230410865607,34.21970415534622],[73.48737153488958,34.18793941837271],[73.51570815121357,34.00009079879004],[73.54882905011209,33.93107775216737],[73.58911646849708,33.883919431646746],[73.55759834103361,33.78317668733507],[73.59050377362138,33.75373726290513],[73.59684169786954,33.715836286507965],[73.56238597252752,33.675488377441525],[73.57751578391986,33.61577813604151],[73.62022037380001,33.57381207500589],[73.59524065838633,33.49058548804845],[73.62411811351217,33.45716751446844],[73.59722163313256,33.44409352903676],[73.5577569538683,33.36805806603127],[73.58223301085161,33.32897933532155],[73.60484505284052,33.25132817325516],[73.62463498616029,33.22269534568949],[73.6568957948868,33.207705155934946],[73.6248391202239,33.11151923278385],[73.62710565951721,33.08954648927238],[73.68775829682164,33.08808163471849],[73.73446586764283,33.066296960500324],[73.74786957519984,33.03250218570895],[73.807535944069,32.97218576217085],[73.82186716125864,33.00535221825942],[73.89570358865717,33.002005522588775],[73.95749773136293,32.98660019325217],[73.99645034127064,32.95982038800361],[73.99180800508748,32.9331631174951],[74.05148783431298,32.93035183193717],[74.05451330359591,32.911401296938834],[74.17736143650205,32.88266539559669],[74.21651264325772,32.8449371285576],[74.30088456980064,32.82297936540806],[74.30837176897899,32.792208218428414],[74.353688085682,32.762990982644965],[74.4596100326471,32.78857090006386],[74.51696396549846,32.7440035954134],[74.55418853839637,32.75902341893874],[74.6220101377067,32.759682472866075],[74.63367825252413,32.80803031310728],[74.70484079237713,32.82104993007795],[74.6607563992037,32.734742120838746],[74.65291813841236,32.69702885275592],[74.69513493231358,32.66059097732108],[74.6384621191786,32.614827993244376],[74.67280190525531,32.568309530220574],[74.6696998815438,32.54026282372075],[74.68803288491489,32.48604878839342],[74.71135160369016,32.478196566558154],[74.81214570021393,32.47972959363659],[74.82071176077721,32.49704017300013],[74.95208050937441,32.44622806821451],[75.0193274474143,32.46810286824899],[75.02686557927257,32.49648507965941],[75.12003059849866,32.45460775445383],[75.13403967533588,32.42787451057268],[75.20090187931254,32.42018039633501],[75.19297018474845,32.40110758869781],[75.28948588135682,32.37046607985468],[75.33165941059725,32.32692798957067],[75.37044910833326,32.25817722194306],[75.37249873143497,32.22603706838868],[75.33134920975321,32.21966584117648],[75.3139324556324,32.172231515156845],[75.24510710846813,32.09990512447739],[75.2202659213562,32.107713173986355],[75.17918448298981,32.07641160183604],[75.12278854230357,32.08150420442217],[75.10178373188505,32.05935287157704],[75.0688416408472,32.063621247783345],[75.01228087817093,32.035743744521],[74.92467839606734,32.06633064942075],[74.87935144061645,32.053838106925845],[74.86880052009364,32.02201517793329],[74.82885259841066,31.99918774175326],[74.81894454374618,31.958661410801543],[74.78158286457968,31.95578580223671],[74.70764203947039,31.923109879174348],[74.67706994310387,31.926247403193642],[74.63660310690207,31.88403082549267],[74.61589320261156,31.88935777527158],[74.57061080180215,31.837013607148027],[74.55936893399372,31.757878018553743],[74.51387359832596,31.739984174468525],[74.48655240076815,31.715055384877434],[74.53502033716953,31.67760045786409],[74.55542085359137,31.607915429488408],[74.61604120185122,31.55749928205298],[74.61277766105158,31.527251032343663],[74.58721473150779,31.504204437663617],[74.63659784007959,31.48478753643996],[74.65316588298793,31.45446526851913],[74.64346789126782,31.41614562305923],[74.59644782530543,31.416317382347806],[74.58341039951719,31.379069642143918],[74.55378537000531,31.36653281786531],[74.5210283507806,31.27211576894907],[74.53267036594582,31.249728748064726],[74.5102838522972,31.1320126179825],[74.54840381107317,31.122094548482973],[74.55054374540366,31.088348401597578],[74.60071970704522,31.087991537836665],[74.60988704685899,31.111720528272315],[74.68908628804462,31.128020129489595],[74.70237091672432,31.0916870355041],[74.67110201336163,31.05357593357313],[74.59688637564062,31.03764061830578],[74.5743671727397,31.056844913382207],[74.54796015291728,31.03249018955358],[74.54637939020675,30.992428890317928],[74.50869971102291,30.96728336699629],[74.4569281671636,30.96422814011437],[74.42371037058864,30.929619702062148],[74.37072363791523,30.895210446686136],[74.36950496094293,30.857360124776566],[74.3250518892954,30.84963134112541],[74.29476266702198,30.794462560710752],[74.26074889213838,30.76975398108504],[74.27479918457914,30.737193296653047],[74.23256679053476,30.724503201054798],[74.2191519483597,30.693489981310165],[74.14907423739994,30.631598660472786],[74.12850817404764,30.632334640554536],[74.07227887354153,30.522869507172743],[74.05006971787274,30.537149169291403],[73.99272898576453,30.514211998621036],[73.9636632644165,30.484781923154326],[73.96435303490911,30.42421878192573],[73.88406183939331,30.367020870895963],[73.93091521217495,30.320098003613584],[73.9639194387827,30.25716201639272],[73.9725888702823,30.198127560826826],[73.82650953786603,30.091196443797354],[73.8062347532446,30.067678359211545],[73.59705445755637,30.018904976515735],[73.39699061661265,29.945880838385424],[73.33603885558998,29.741636492645707],[73.28242142743372,29.571966235183602],[73.08450577633793,29.23584349152885],[73.0042849018409,29.152913417012787],[72.94523685505989,29.02773503166105],[72.73245143598186,28.947638095423425],[72.47932680435444,28.81222421389238],[72.40365834018904,28.783240998046015],[72.29929864075804,28.669502190393537],[72.28012150129408,28.60687706754098],[72.20611721829479,28.39412402724347],[72.13220294918193,28.31290597113663],[72.01636681205886,28.22755032922408],[71.92773446088935,28.12161360385348],[71.8982659735955,27.9615331595678],[71.8749925011646,27.955764098453457],[71.66597639954401,27.877770605240695],[71.38259685230386,27.8724974899032],[71.20512550600849,27.83534678454248],[70.90584839952342,27.709506103847616],[70.8716106099608,27.705557247483192],[70.75906258705197,27.721209107323165],[70.68398201544281,27.828182411522413],[70.67705904000958,27.921813252221344],[70.59829463103216,27.993096390370994],[70.58917220159267,28.01044668438217],[70.50541726763137,28.036953954192],[70.4391200464762,28.020191828050724],[70.37191892521082,28.011794687524688],[70.29584602243652,27.93587496391909],[70.22584686286017,27.900821372855162],[70.1452629486141,27.820369618460443],[70.12307909489357,27.787566674481702],[70.06846109891934,27.655145915975357],[70.02565331596921,27.562880454230196],[69.93351590205444,27.497758058465564],[69.86290857225093,27.40220308521132],[69.75998776010604,27.321069719842658],[69.70206071288322,27.28389184840674],[69.64457223216529,27.225169754263142],[69.58690286039355,27.18353288172891],[69.5131019981954,27.010006601795624],[69.49746964048698,26.866940103118107],[69.48422685443494,26.80489553583903],[69.51008650560189,26.74357252253747],[69.71951790556489,26.654808070382735],[69.79168573388273,26.598305697932332],[69.88592549481983,26.578806111903273],[69.93440235778017,26.58152517614174],[70.05602328510854,26.60058496530485],[70.1171814169998,26.586975290116378],[70.17402977980582,26.551401439766384],[70.18415600650673,26.484757252609104],[70.17674744135677,26.424021871997365],[70.18509596319582,26.37434056703219],[70.16338511199827,26.29495612992012],[70.17492547829752,26.251373462272927],[70.14090045650656,26.156021532439528],[70.083184406476,26.08342885286408],[70.09951715995022,25.938344584969506],[70.1741067842903,25.828460149794672],[70.22220463455754,25.79322695556578],[70.25135647200194,25.755742924766853],[70.26837380909629,25.71377813821129],[70.38674341630613,25.67391934614868],[70.44817646770862,25.68199913799028],[70.52986171828962,25.6835526810012],[70.60853497521516,25.715094876353746],[70.64696516807281,25.712751917773673],[70.67370873363159,25.675984684897227],[70.66690995387967,25.531402492071525],[70.6782434103212,25.525689894538882],[70.66451003542788,25.397065768745456],[70.73650197990129,25.332594916194402],[70.75134406450145,25.277883605262982],[70.8881684650755,25.14834688443521],[70.91572614772517,25.010664331142827],[70.93737446270421,24.938815389319483],[70.99180796717697,24.86362925468806],[71.03363719372855,24.78823433379854],[71.0651607335417,24.717635833971933],[71.0965508717385,24.68942178343348],[71.07416521777763,24.66226633870748],[71.00844093582248,24.635547370429922],[70.98631194850456,24.59529164919167],[70.9873969804171,24.54326711435242],[71.0046159524618,24.523234431696157],[70.99633522917219,24.465688159061553],[71.03722626602088,24.432351908970723],[71.10296839480573,24.43586399443216],[71.11962462173229,24.40261102683134],[71.08413058136394,24.394520096997333],[71.05752820671333,24.362492551521125],[71.02001600493946,24.3477755856999],[70.98576985116323,24.365354853794674],[70.94693704597164,24.348467820571713],[70.87841957570971,24.301701892864774],[70.87515197991488,24.28053301788735],[70.9067892940537,24.259232083479354],[70.85164476045718,24.24424228739227],[70.80600015712854,24.220589453186925],[70.71354619846723,24.2154093672788],[70.644145253988,24.224689264976664],[70.57108390289808,24.251410612324516],[70.58470235182554,24.27774450441965],[70.56178985481516,24.353687285596266],[70.58027826673057,24.363038568720302],[70.59898311423896,24.40555479632654],[70.57310409629278,24.422044460046852],[70.47231786182431,24.38869512349515],[70.41164755375992,24.37518771818838],[70.36854599835566,24.35068973912147],[70.3163085001551,24.349722487141623],[70.24990121471639,24.32424391365692],[70.10998551990852,24.29478921312039],[70.06704200690884,24.199069762476885],[70.0251595273289,24.17099801027024],[69.73152158965,24.170900891002937],[69.59415155057573,24.292823060170402],[69.50519268336002,24.26899870672607],[69.44486739753499,24.280110789532785],[69.36719084477336,24.269555595786937],[69.31296887648203,24.281301806388107],[69.19383047667901,24.23621478235229],[69.09489665097139,24.27400419290616],[69.00335295967908,24.223041133554783],[68.98464276180484,24.227602492053034],[68.94554513416581,24.302580192525248],[68.90691854982413,24.279844443313188],[68.8748272954127,24.212292768705307],[68.85731045549451,24.21427293966673],[68.8306358437186,24.311934180709564],[68.76463391047547,24.295891749585902],[68.76926777285055,24.264406560474658],[68.75294813567781,23.97116594366066],[68.39706760462533,23.970027324709203],[68.37879334298883,23.984256501063737],[68.3449602633263,23.972440098330857],[68.32332620461081,23.9210237535821],[68.28891562949316,23.931906218460995],[68.25204945025756,23.8963856248092],[68.20844197087182,23.87500889560212],[68.19931613861404,23.846609903050787],[68.20240910640922,23.7661069383229],[68.17223640910291,23.6959954558199],[68.10621325585609,23.680909203953064],[68.09495192874198,23.65295309882823],[68.11931343525514,23.61589624199684],[68.18654028247363,23.591998430881276],[68.27405128464025,23.59479984923044],[68.31013500341564,23.57864481398337],[68.326367809433,23.49609377867267],[68.40970058371981,23.485748103285836],[68.41828617725056,23.472702166933818],[68.39976722441213,23.420101786122597],[68.43339869607372,23.415487826632255],[68.45926425096879,23.39148429551845],[68.45858652957907,23.367202748315155],[68.50064546882356,23.369389182144307],[68.55630617977224,23.356918447226864],[68.56187126721187,23.313675039783348],[68.5321611160386,23.280527094257163],[68.60589133741773,23.23674221857979],[68.58386631661922,23.22365316538585],[68.66075591015768,23.14842743918992],[68.78090610492309,23.07443123284013],[68.97384456113545,22.963457187773855],[69.01678643560807,22.94584501181719],[69.13051963102404,22.874143337190343],[69.1812374034444,22.857576657903294],[69.19588325915555,22.83783322576385],[69.26795996057437,22.82500797152897],[69.32163208624996,22.83194979274664],[69.43089347626645,22.801094428338104],[69.46796887762329,22.798157047909466],[69.61832516636235,22.812074456119326],[69.64747069853179,22.79600818059262],[69.71286487387452,22.805734289517645],[69.8563156567177,22.868545967580204],[69.89879019793511,22.87108854537951],[69.93708877862048,22.898178690373538],[70.00905693390855,22.906094526310746],[70.10779521165017,22.977792807197225],[70.2063585424902,23.109535281885737],[70.26487389459592,23.16165875377216],[70.30886708900512,23.181331189611875],[70.297857052117,23.210008302432914],[70.40743027252141,23.217707795288817],[70.48608858776883,23.191022352892926],[70.50519047266654,23.176630923223733],[70.5824651586959,23.17761911355198],[70.63586026280248,23.18542374681331],[70.6667235875942,23.228936473481895],[70.71788205372998,23.189223470041327],[70.7126471833955,23.154816263590753],[70.68880519596738,23.11728784831618],[70.59341986744734,23.05534452234942],[70.54691840428835,22.99723811555781],[70.54083923167286,22.963099948550205],[70.47490519759047,22.975080080286443],[70.45751814536622,22.949370167333537],[70.48360855576338,22.913943996227044],[70.45995985613997,22.850368789445003],[70.42880423123295,22.830336911090928],[70.40800900405837,22.862501539690772],[70.42656431710625,22.90437264507828],[70.41484450873577,22.92651184176758],[70.37611168873025,22.90835360944135],[70.32777799746327,22.842457781323752],[70.2924928692974,22.765963620522133],[70.2488189532082,22.746982356884047],[70.22253872070664,22.709078052395114],[70.21821414918219,22.663321153131335],[70.17472904549099,22.593391172269648],[70.15726420545133,22.594264523188837],[70.12819583137828,22.5556021422234],[70.03753672641758,22.561321010791815],[69.94673559870876,22.528052681257275],[69.8896243493247,22.495126595197643],[69.86058677309286,22.46244160864436],[69.82422655466969,22.47293241590277],[69.751081277576,22.459562608645548],[69.73074871062059,22.484376920240905],[69.69467864713586,22.44251177110898],[69.70060683451166,22.396067925631257],[69.66329580415746,22.393124919259566],[69.64926140650736,22.357040269440137],[69.59145693710003,22.359477550820127],[69.54350588143168,22.37679158941481],[69.49953871930111,22.366141625073258],[69.48894360436127,22.337543523015313],[69.4229845755544,22.316019208094783],[69.36377235896026,22.31700057434747],[69.32204378414467,22.291816338412232],[69.25461720820084,22.26726345182557],[69.23764942577083,22.222518496039267],[69.19525417255537,22.225141181541204],[69.15650799370327,22.195052387361354],[69.13385476036531,22.22245235050489],[69.15400587302328,22.248539764921773],[69.15685995183495,22.315796686743333],[69.18141472010169,22.379051142116147],[69.11144308310897,22.40630393273312],[69.07252382135952,22.387119249643405],[69.04017938756502,22.411981750413673],[69.05519096269974,22.466245124186145],[69.00730723037202,22.44020513802737],[68.95737471307079,22.365178831143464],[68.9367136169446,22.305324528795122],[68.95370827517128,22.245011065987725],[69.05475192008775,22.12927434641996],[69.21723933959628,21.957585611796944],[69.28202157987252,21.895529055032416],[69.37179841076515,21.82987291036118],[69.43303893164267,21.766506378760063],[69.58550414846187,21.637102601206987],[69.60274162130985,21.63696195653332],[69.7059394047181,21.536854805731455],[69.81528748036284,21.416762339408198],[69.92361087920406,21.290290709075304],[70.0018401123594,21.204580107648823],[70.09248043354752,21.11316800935577],[70.25730181989461,20.973597642421428],[70.32055199243696,20.927720903006662],[70.39273180158575,20.894260478092402],[70.42564003961212,20.863112560018497],[70.5858776671191,20.78245934414484],[70.67576579568215,20.756990516170248],[70.742961769601,20.71992077754946],[70.80312485112673,20.70052338776066],[70.81500274052937,20.713988003217718],[70.87086523734537,20.708728769448737],[70.87814180135253,20.728393005327774],[70.92029679026379,20.742846013918975],[70.883098006201,20.72447990078626],[70.89931212097227,20.69951404571351],[70.9290212004554,20.7121616029861],[70.97552735731173,20.703840810137063],[71.0074547796766,20.737382930228392],[71.07980477914757,20.73793432444587],[71.0918077167327,20.75716125178088],[71.14888938010287,20.758129241892746],[71.15813301563036,20.77980669369881],[71.20277829710429,20.788997004451943],[71.32072209837789,20.84686148472294],[71.36554515644654,20.852149138344842],[71.46227796957085,20.881439238734966],[71.51136067791838,20.944562575046415],[71.62943207589493,20.96932104435434],[71.64686234427087,20.995325612446813],[71.6798185280789,20.99755924442276],[71.71227250243913,21.01943893638052],[71.76220846837278,21.021576602610484],[71.84230179108258,21.08907129588952],[71.87888508005541,21.090031947111342],[71.89463223886389,21.10894442538136],[71.97133939894117,21.128863647939028],[72.0003069685646,21.175668079301253],[72.04499382047662,21.16353188525148],[72.11238750280971,21.198742667288684],[72.08272757195236,21.245015886728275],[72.13252355521189,21.33898155822392],[72.17174458082825,21.38729820376452],[72.21066640996276,21.420922063297134],[72.26895039467888,21.522690058661208],[72.30944327932899,21.63895795276817],[72.28009936590716,21.69475141745982],[72.23531494437886,21.69666681848062],[72.21877122874672,21.736328191673298],[72.19419305397695,21.749998214680993],[72.17718347832665,21.803630662630486],[72.19186089275206,21.82665366306942],[72.24251179727759,21.829748808630125],[72.21727867700383,21.866896734757066],[72.20308775240703,21.912734781351126],[72.21204229839803,21.962309602694774],[72.24177107344377,21.975659813934136],[72.24726551197955,22.01332882137496],[72.22544282591903,22.05452116556402],[72.28123923278127,22.07982351945001],[72.307750489516,22.145562215680734],[72.33860188288409,22.17673901014271],[72.33982790268557,22.215110033882798],[72.35802513737971,22.24763044635592],[72.37330104268509,22.315796065959404],[72.41860040278875,22.30181531737076],[72.4056895469291,22.267323324645794],[72.40809886445372,22.229594954112578],[72.42725640986474,22.20951362899568],[72.46094329769791,22.256490625923952],[72.50034268740717,22.277740967372864],[72.516661207974,22.30556036771259],[72.58033415733345,22.301060639123843],[72.68223859131139,22.276020307638987],[72.73721562324343,22.27532000774753],[72.76376884387834,22.233952573493188],[72.84224346802318,22.28211286457914],[72.87201449173509,22.284861141201535],[72.91067676704131,22.267041953509],[72.9132941739116,22.240439579581814],[72.87452085695476,22.22050086815378],[72.8443017014769,22.234420714842706],[72.80908567980751,22.223594167186597],[72.75816521422142,22.17422035075367],[72.69653717360507,22.18647457526505],[72.64823411488928,22.21562297325007],[72.60516587171071,22.21300556620264],[72.56673757609494,22.182191546402088],[72.54373192289125,22.12908984376549],[72.5227926670306,22.041287732314196],[72.52184088222414,21.99238980920297],[72.50899179182849,21.9442057232327],[72.52184088312244,21.88031719604249],[72.58298593015327,21.890383210077328],[72.58248526940102,21.918401710559756],[72.64283647521523,21.94170728894266],[72.62427667957411,21.87960335701352],[72.62223288474193,21.8094916320182],[72.59553334202198,21.8040327351183],[72.57936883671229,21.740141743534597],[72.54287958338338,21.733562655000643],[72.52778857921128,21.678164191485692],[72.55272560129264,21.661586980158063],[72.62375172747824,21.682008999005472],[72.6929406390077,21.678353548799166],[72.72761423365402,21.68597400354339],[72.78987865788562,21.663147188063604],[72.78642329533179,21.642600993094337],[72.7310294433113,21.63731858933468],[72.70004886142554,21.64545634670112],[72.63508957578321,21.61818772369509],[72.61224675030962,21.585208394251662],[72.635408614253,21.53531150534069],[72.68455723738278,21.544206502288066],[72.70575338985515,21.526868092124147],[72.65281038267824,21.459945751682294],[72.67261595926045,21.42625944261111],[72.65226213367382,21.3840367718222],[72.64959934391536,21.342731483477408],[72.60062023198135,21.32319267363925],[72.6004005112494,21.289766628290806],[72.63811836793451,21.211004748557503],[72.61875443368866,21.11411673655228],[72.62683799653637,21.08527755452593],[72.66498396692968,21.09959820032025],[72.70207909888342,21.09557917795675],[72.6992027948533,21.061398697578966],[72.72210805144252,21.034388540973026],[72.74658572000334,20.956272266070687],[72.76509927935683,20.92074457377012],[72.78563934276985,20.915967733949103],[72.84255713007602,20.777250500591748],[72.85423127169072,20.714783411720823],[72.89784854630634,20.582901855357854],[72.88447969517888,20.502306909261698],[72.85555080611327,20.467484334508974],[72.82774189252643,20.431666591152663],[72.82123644146087,20.367663040128463],[72.77629200213268,20.33396429850318],[72.74004887102195,20.243118361835588],[72.74566911142679,20.201836421908542],[72.7374841683094,20.134820880059856],[72.72564160695195,20.081727197120635],[72.70809123022924,20.0710508950638],[72.72216014833909,19.988636061069403],[72.77259910345818,19.967660916874873],[72.77339086597318,19.89846262959684],[72.73406984349266,19.910270303849362],[72.7054553818445,19.966588373315275],[72.66374776741944,19.93370644024976],[72.68342482742383,19.870184297890397],[72.6546083840756,19.83628170064975],[72.6872971537966,19.79612533341383],[72.68520456337653,19.75783283407462],[72.7079001522801,19.711112625016504],[72.71358760553281,19.646012842794658],[72.74190188524734,19.650539727714566],[72.77824965481732,19.601205385488782],[72.71585242634904,19.592242797091583],[72.72351670413111,19.54083807343062],[72.77277043733568,19.487553911150066],[72.74426993147286,19.46191840359086],[72.7623525141873,19.396884577104824],[72.76014670549873,19.371658154350378],[72.79999732256847,19.32992005478903],[72.78404131982946,19.301827804370415],[72.77585202257791,19.22541479238508],[72.79660205910375,19.194528765737108],[72.78782533103,19.1310804544903],[72.80931061076814,19.13525633018964],[72.82708430148395,19.091972538361723],[72.81471069475809,18.98327699642505],[72.82341957667168,18.941430120021472],[72.8106129325715,18.894294276335117],[72.868382638974,18.79963494309449],[72.85800113532385,18.6998603437078],[72.86551360590776,18.651928367700364],[72.92197088715487,18.555772916445537],[72.89498201055662,18.46332919902329],[72.90624745644632,18.411479092664592],[72.93364146874612,18.35140935699729],[72.98718583692033,18.288297585732977],[73.02867455167357,18.264258534278635],[73.072755064125,18.26345109480211],[73.06776328868624,18.21248940026462],[73.00917451906896,18.24540360744241],[72.97924900758609,18.239562626433763],[72.96400044969292,18.280372577876445],[72.93558497027006,18.280995526811772],[72.93526804823107,18.22697748862368],[72.97677180347715,18.20072563893988],[72.98680677392159,18.148693662810892],[72.97137311636749,18.131621297887826],[72.99940778556835,18.07463051810319],[73.02674654069841,17.98841280734829],[73.03012384055239,17.944042669658238],[73.05091785410298,17.931868068958583],[73.1241977338605,17.75252957579864],[73.13578623368929,17.706699129625434],[73.11455392133179,17.694998718922285],[73.13250495745099,17.654802391578713],[73.13764004831359,17.61086607616417],[73.17580387451979,17.573824344527612],[73.1426397729443,17.544966636643956],[73.17863414617983,17.50747643505203],[73.19435682410018,17.464832402044763],[73.1763802282162,17.389066312609412],[73.20642623072811,17.384873538324218],[73.222859851534,17.354921880740903],[73.2045383537849,17.269563533540015],[73.22352746777506,17.265537479458523],[73.24481945162361,17.22250660425709],[73.28755908747802,17.0531155186954],[73.27523695960781,17.024033207672108],[73.29604329534915,16.98437252831449],[73.28024022988897,16.897897875950214],[73.29119189694488,16.84387239030308],[73.31802718678234,16.795078528588164],[73.30661734749053,16.73292430004652],[73.32908729756105,16.684873759216277],[73.35107599408272,16.61272122621511],[73.31673309085204,16.601787480535975],[73.33378287239951,16.558965997257747],[73.31380690157755,16.54452024178163],[73.33117459959904,16.48869540682547],[73.35886838959061,16.43260387597871],[73.38691489140041,16.35720735688111],[73.39913918285473,16.30043235554228],[73.45661721167431,16.12877752887425],[73.45810448940817,16.080495316641194],[73.483295167878,16.036238728820955],[73.48967022758177,15.98793406888819],[73.51015817972517,15.941965906695808],[73.54034257579143,15.93719500020015],[73.58867796128104,15.90975293799237],[73.62902870460543,15.84776501337858],[73.67538205174372,15.727022158467594],[73.7019920998035,15.690573629981593],[73.76756625351176,15.500723581213926],[73.81002541377487,15.495810231424983],[73.79926985882697,15.454004325785181],[73.84935113803755,15.452347217380058],[73.89219894812013,15.408686123525037],[73.8724263244375,15.396507852842419],[73.78378356448879,15.408995452001491],[73.80823808705803,15.377108817243448],[73.84174603946977,15.360307343612984],[73.87932378502168,15.363403857559595],[73.9022534272776,15.311689372143473],[73.9495973350016,15.144836668913408],[73.92160364963895,15.090262195479838],[73.98161574682332,15.05291748178733],[73.98894938708865,15.02041753359268],[74.02132181508235,15.011528052679381],[74.04985287174966,14.959180820752605],[74.04403020318209,14.917524702832466],[74.08568785959928,14.900641739228085],[74.12508831560876,14.840650547645785],[74.11808513229876,14.785859492115403],[74.16164920958157,14.75195995326657],[74.21040014763679,14.733270502077632],[74.23883691353862,14.746754566928999],[74.26310601574838,14.719243771051168],[74.2828275971566,14.675101311899194],[74.28037045422454,14.610224730956261],[74.31469361338358,14.545994019927509],[74.36372422034293,14.494343445349992],[74.40129066778353,14.395789655684284],[74.41920293171675,14.303055141714442],[74.4536270669036,14.20001806324864],[74.46950170024417,14.188249643926124],[74.51505215833436,13.98687310733901],[74.57153101621626,13.944151828845692],[74.60955627279834,13.859910397707845],[74.62960175974852,13.779858055901842],[74.64559988179624,13.683082321388893],[74.66375161322802,13.652441561792962],[74.68146499285227,13.552653181643185],[74.69723995092552,13.404451529022689],[74.69775292129209,13.347286355915788],[74.75195462359063,13.174292089895992],[74.79356154855043,12.996035194634707],[74.82464653982503,12.848069914229528],[74.86956716930655,12.760680213615847],[74.87606683073012,12.735157551468253],[74.9385192894187,12.591406302737223],[74.97405111741949,12.501097499304361],[75.01470919865707,12.418626346263569],[75.04181337671697,12.388598953989524],[75.1166001974316,12.20961867213827],[75.14897905736274,12.1453111687182],[75.15673437580563,12.1096630225977],[75.2020890559611,12.009836801968229],[75.25033141730977,12.009835225664986],[75.3248377965691,11.904055550548444],[75.36792514421883,11.852216375983327],[75.38625347275735,11.85638338080758],[75.43793515634215,11.805594692678143],[75.53055591598205,11.704027560796984],[75.53658682930386,11.693938824344887],[75.56685368173004,11.629412051707682],[75.61855597176917,11.487497315618233],[75.68066503237242,11.450866083234699],[75.71572731187246,11.393082275978246],[75.74827890076476,11.318374089823028],[75.80430656452383,11.156937339614126],[75.83022006070895,11.116728733810715],[75.86256875970442,11.001685140754123],[75.91000390482026,10.793443581823846],[76.03189666504854,10.517543451005503],[76.06711712170049,10.4560159094787],[76.1166660224428,10.333945722066261],[76.15349415263621,10.209086240409198],[76.18502296376346,10.123300325834254],[76.2206781349443,9.998922259930604],[76.26096193401709,9.881465976548794],[76.28404298731411,9.749617928892588],[76.30792983211597,9.541753650495023],[76.34027659883525,9.40958928569628],[76.37256899053043,9.333915119530069],[76.51670027145583,9.017727312800448],[76.5477719434097,8.902752135896625],[76.59266873609516,8.87447605607539],[76.63270328950753,8.835417189369187],[76.6993413377697,8.738575886597943],[76.78729707337561,8.633819792750478],[76.89189219159819,8.501807785929604],[76.95969724933079,8.42159510387135],[76.9864758923048,8.375797145146047],[77.00373014568227,8.368948454156735],[77.09779810741458,8.29248867977566],[77.15217541238482,8.251886970989768],[77.18616871825637,8.217086644819577],[77.24785268618568,8.171437912494111],[77.33138495653418,8.127391928010914],[77.4390421836253,8.096297613214574],[77.55503670091947,8.076579218513244],[77.5827568187354,8.137331571516285],[77.64216530015115,8.154261079431764],[77.72955638351557,8.164139602758144],[77.75796443297273,8.145306632942306],[77.79369050907727,8.162315164094085],[77.80445356405946,8.20276495594488],[77.84108011859135,8.251660829583424],[77.89088375190381,8.270485888983497],[77.94913075567462,8.311583545041724],[77.99145729405907,8.350114034109472],[78.05633099810265,8.370206765808181],[78.06366501655872,8.412436416973339],[78.12582564045925,8.474698741592972],[78.14327432519684,8.501672382616697],[78.13062196405178,8.5479137061099],[78.14470092802144,8.598022916658392],[78.13497572543308,8.616160984434158],[78.13852612794734,8.680180243669145],[78.16360938767212,8.72391016628957],[78.19541844262531,8.751649139790947],[78.16028211319973,8.803024483164865],[78.17174397662458,8.882861339132429],[78.19867020471493,8.938777458273494],[78.22713171381297,8.973328033442966],[78.34583038648779,9.060395538162643],[78.40684630967965,9.109893389467308],[78.46698072237143,9.127037207850693],[78.53599671180194,9.137645860755782],[78.57846525137495,9.130437321947527],[78.6505059105879,9.160778759426117],[78.64721159709988,9.184279086318002],[78.87577810255807,9.257276113243421],[78.90801564671521,9.24967965078281],[78.92588984902983,9.267124923968982],[78.99557681170565,9.273386904503392],[79.07188775635213,9.259761600006646],[79.1903956852511,9.281653876071553],[79.22828957939255,9.258615174178285],[79.29987015475467,9.24580707230792],[79.33480742020821,9.313328606097171],[79.3108236013731,9.327669769489098],[79.26705404794382,9.292841365485941],[79.20967550664359,9.282859872923463],[79.15994914461524,9.283989332596358],[79.06650321501321,9.298000072856583],[79.01560101666846,9.331613686076976],[78.93606029979215,9.409172109432106],[78.9027209225317,9.46348282149052],[78.91440868260614,9.493012006839614],[78.92680635430014,9.58510893445714],[78.95999804134136,9.631203338679619],[78.98026362002777,9.689639449117838],[79.0411295901442,9.766328611537068],[79.05896894321567,9.773037837392518],[79.08169511795805,9.813799000468594],[79.11887246731986,9.852361083483792],[79.11918689383899,9.877179267009257],[79.15271622795112,9.928311719654115],[79.24431368520985,10.027288515971032],[79.25183976886359,10.051052965460615],[79.22580145266804,10.10108043134753],[79.22822211501641,10.147380711379094],[79.26689931313611,10.22897921955983],[79.331683629419,10.285752574566407],[79.36658650377022,10.293957341453263],[79.38111710024057,10.316373322087422],[79.48478411055262,10.315464041803503],[79.63629498865501,10.294621387880715],[79.70600070635733,10.277638420660502],[79.76845831957898,10.271864587511248],[79.86819828623605,10.286641829713929],[79.88138712665864,10.3057622861661],[79.86707494027829,10.40162849827304],[79.85339419498253,10.626713712483044],[79.85272333941651,10.826937417467077],[79.84128673482081,10.828006528052562],[79.85269890703744,10.833387485360426],[79.85436081546587,10.983316684627638],[79.85654115242458,11.171405784474958],[79.83462975413649,11.321802220629591],[79.84309174667064,11.351165542234812],[79.8221675214213,11.382110153597791],[79.80274904955625,11.455397051286793],[79.76864865641802,11.514847873651505],[79.75724974423329,11.557507073112781],[79.76095905243314,11.623803905198484],[79.79576112682633,11.785499854197658],[79.80699829015762,11.833580813060266]]],[[[73.0486243303168,8.266237866797967],[73.05580089117156,8.282031044547546],[73.04029944494948,8.272185754256146],[73.0486243303168,8.266237866797967]]],[[[72.3431337182025,22.02296768559546],[72.30141427116848,21.98617415256513],[72.29258486319155,21.964843505285256],[72.2998224888244,21.882728512679893],[72.32264326694596,21.817814612657042],[72.35480669919387,21.797240289907975],[72.3893417646402,21.819128535176038],[72.3907712277007,21.854964549410184],[72.41100288959522,21.901464177066504],[72.43914713619276,21.929798279337454],[72.44461619372852,21.968764162329116],[72.43085068609746,21.9990927783142],[72.38864440068852,22.027021326290082],[72.3431337182025,22.02296768559546]]],[[[70.01922041464259,22.597105242384675],[69.98551709302961,22.58867757943857],[70.00170006410828,22.55445562375377],[70.03213974970022,22.572402882313327],[70.01922041464259,22.597105242384675]]],[[[69.63568075150053,22.452227415967066],[69.5904064490034,22.430544414201645],[69.6365567930572,22.405539641621488],[69.65686319747827,22.426763326856577],[69.63568075150053,22.452227415967066]]],[[[68.55429662961703,23.345808158279958],[68.52492255705619,23.3518924293295],[68.49759345252723,23.332718155445598],[68.52678119114195,23.310238049946616],[68.55429662961703,23.345808158279958]]],[[[88.22749654001701,21.650056256512034],[88.17992341457185,21.671268781269063],[88.20461540858308,21.603854074007057],[88.22749654001701,21.650056256512034]]],[[[88.30989392105639,21.64283136981083],[88.34336798721897,21.63038881442251],[88.34807666937574,21.684709835664517],[88.31189061721815,21.706654553503153],[88.30989392105639,21.64283136981083]]],[[[88.42055079805263,21.70280964847346],[88.38270612440225,21.681302758409874],[88.38615883243443,21.632219178280227],[88.40648338282428,21.607477258103618],[88.43020875635214,21.625498909775924],[88.40947045272219,21.653652221911944],[88.42055079805263,21.70280964847346]]],[[[88.53434424976297,21.573128412039964],[88.50315681191843,21.598542197606605],[88.48565483821986,21.570609473998342],[88.51002855553266,21.532523571884745],[88.54337654224682,21.53132595282788],[88.53434424976297,21.573128412039964]]],[[[88.56595283308405,21.56311150496171],[88.58464127825367,21.59375663782828],[88.56515272342342,21.62489046627228],[88.5187695773705,21.646667177263485],[88.51355295451441,21.59881136624616],[88.56595283308405,21.56311150496171]]],[[[88.85360392789066,21.601229206762586],[88.82966535629811,21.605449755140167],[88.83312598028458,21.55349423642603],[88.86692087795426,21.53280126361837],[88.90631295897037,21.55839955778329],[88.8813239343155,21.590216502967785],[88.85360392789066,21.601229206762586]]],[[[88.78358323210365,21.611135680740848],[88.77060319069577,21.652047994767575],[88.71625284596381,21.631457014446525],[88.7057720245759,21.600202597595693],[88.72886017186873,21.569091220743317],[88.76462795675192,21.566492907267858],[88.79310974801241,21.58266945453458],[88.78358323210365,21.611135680740848]]],[[[88.97343789770977,21.733813556660387],[88.93219218712231,21.745585694729456],[88.96481096999784,21.65677318236251],[88.99864336604243,21.61181426077995],[89.01401629568672,21.651964707803675],[88.98321425665864,21.66774310861222],[88.97343789770977,21.733813556660387]]],[[[88.56292844088101,21.700820861691227],[88.52072818047266,21.70290197690098],[88.53041424885404,21.656131151183526],[88.5656711717166,21.667874469925952],[88.56292844088101,21.700820861691227]]],[[[88.46156960587741,21.782445979783756],[88.42553938267555,21.7607408386563],[88.43200111902443,21.696655304161816],[88.41748689524847,21.65758554701034],[88.45277630029344,21.61112925412187],[88.47054597733656,21.67460724800567],[88.45143336655438,21.718811002961417],[88.46156960587741,21.782445979783756]]],[[[88.57187666542731,21.753638850848507],[88.55261310982968,21.809419101647702],[88.5197690654135,21.791365057022354],[88.50734196850402,21.756153361605353],[88.5198761886128,21.725096810477247],[88.58441878801567,21.688771840402328],[88.59138189837914,21.71402542177353],[88.57187666542731,21.753638850848507]]],[[[88.14410982818559,21.653757166609868],[88.12144703946797,21.738518550894234],[88.13025140870299,21.756695879065767],[88.10338208888591,21.78545095426226],[88.0722580756937,21.772539160019324],[88.07307156306554,21.74808479291494],[88.03259018044436,21.687603818288437],[88.04383345681113,21.64356372326547],[88.11125338791682,21.623967489066516],[88.14410982818559,21.653757166609868]]],[[[88.37138039706542,21.785510743336722],[88.33404175788928,21.79570761800871],[88.3256486894936,21.781604646581922],[88.30112204208855,21.775123208728452],[88.30907095466165,21.730495309338416],[88.34297415052703,21.72812320937172],[88.34211968740182,21.76091109027064],[88.37138039706542,21.785510743336722]]],[[[88.43754080570112,21.789517994232124],[88.4196725223859,21.808448793297956],[88.38231683049074,21.781989350729607],[88.40338973590272,21.738908589885],[88.43754080570112,21.789517994232124]]],[[[88.90318460563783,21.645264144038418],[88.93457906203622,21.665724021020196],[88.93690045515577,21.70077938713032],[88.88018060713091,21.740441009177562],[88.86768241305826,21.70961756460578],[88.90318460563783,21.645264144038418]]],[[[88.85882488332136,21.75229688281359],[88.83362478242249,21.76560481099085],[88.79393781054976,21.74932960902107],[88.77981036899578,21.71769771910045],[88.81686914972323,21.708985933441316],[88.82110993358451,21.66717396308536],[88.80442697459172,21.635440579950558],[88.83846012523772,21.619036968947736],[88.85599917510298,21.653270650182073],[88.83932333256391,21.719274192158263],[88.85882488332136,21.75229688281359]]],[[[88.7891836197407,21.66680132240458],[88.80552103008131,21.698331457105493],[88.75504370522151,21.70739395992778],[88.7807203740567,21.737835794034037],[88.77986867504762,21.770861313660784],[88.81671120523502,21.82257068773994],[88.82093933093564,21.868481538876836],[88.77878750678909,21.868326942346087],[88.74259653366039,21.896017836095766],[88.71375141249503,21.90155229597662],[88.6957823947988,21.859557968768424],[88.71192612566921,21.809017686478835],[88.69284703552188,21.74108231241329],[88.70948906098212,21.69477959139473],[88.73958337399168,21.666403001654793],[88.7891836197407,21.66680132240458]]],[[[88.90084797259946,21.751622428184994],[88.87827185244215,21.80558398293818],[88.87161629648585,21.851925452194845],[88.84494385863296,21.858160590833503],[88.83595743682245,21.78846179648935],[88.86651135577917,21.7797381973946],[88.90084797259946,21.751622428184994]]],[[[88.91449777273036,21.93242484601592],[88.89422861425754,21.914718563585144],[88.85060804731641,21.914733387330415],[88.8635927545739,21.85913762612128],[88.87428427042182,21.855563620236534],[88.88656552045501,21.829219535690857],[88.90067412074423,21.76221807765183],[88.930191469203,21.77088019590568],[88.96545332740976,21.80651120360307],[88.94380859940365,21.846029172738508],[88.96845162804534,21.87144204764503],[88.95919693605333,21.907155638768156],[88.91449777273036,21.93242484601592]]],[[[88.77910433181003,21.922874665616852],[88.71708344803845,21.916507136032465],[88.77803435835659,21.876691040228057],[88.80964448767828,21.913030701706194],[88.77910433181003,21.922874665616852]]],[[[88.65235411404085,21.869385675126736],[88.59789985399348,21.855569499835045],[88.61444359298181,21.812643914957835],[88.6410255632991,21.789002250737695],[88.65235411404085,21.869385675126736]]],[[[88.9986081053709,21.80999801082733],[88.99296361943657,21.789599428211638],[88.956116054192,21.75966932301353],[88.97700647493888,21.728948806357668],[89.01236990116323,21.714102217459903],[89.01682194811804,21.660956406588298],[89.04157181070158,21.609536060157012],[89.07543447008975,21.614960586662825],[89.09306828682762,21.638273151569912],[89.07434566615132,21.70360236598273],[89.02605434212808,21.75871949901406],[88.9986081053709,21.80999801082733]]],[[[89.01641680343334,21.874074956164698],[88.98196713363451,21.896141421814622],[88.95619810631004,21.830022576800538],[88.99485757707596,21.816106715185786],[89.02764893709734,21.83155660916455],[89.01641680343334,21.874074956164698]]],[[[88.80204907294922,21.937415783088902],[88.7498757755454,21.958704809217178],[88.74320511172266,21.931532750019663],[88.80204907294922,21.937415783088902]]],[[[88.14473984903368,21.85318881543449],[88.10387738040771,21.842226433921752],[88.08420882565241,21.79251797841229],[88.12180514926274,21.782861522712683],[88.13766139139446,21.75001938165536],[88.12793389001727,21.730664053023602],[88.14906145521938,21.680647452626367],[88.17077858833571,21.73790709644185],[88.16528633450268,21.824149801512768],[88.14473984903368,21.85318881543449]]],[[[88.35480094734956,21.797404959849338],[88.35163850385032,21.853895973905534],[88.32901410463637,21.860126211786497],[88.30426354765515,21.83056527664664],[88.26888433174307,21.815170898234175],[88.29860242312512,21.785031343132285],[88.32413953418934,21.784813112493868],[88.3317105183359,21.797978640337995],[88.35480094734956,21.797404959849338]]],[[[88.47709635764105,21.841115597879774],[88.47465706153875,21.889759222225102],[88.44499513282825,21.90676677490711],[88.3996384808707,21.87663325994991],[88.39315675880337,21.82660183257151],[88.44606823421549,21.807709607766128],[88.47709635764105,21.841115597879774]]],[[[93.89017692426908,6.903044841440477],[93.93095365139615,6.962268720784882],[93.91047407694109,7.004427499683647],[93.9318332772308,7.012450849136972],[93.89758241628242,7.080611959856891],[93.88032056944587,7.090166319391733],[93.86922698384642,7.1983505135662],[93.82017889297671,7.237221674573395],[93.78294082648486,7.212711094993923],[93.74934454452786,7.215591247863303],[93.72247067923541,7.189279707174512],[93.67475845146512,7.191146492146462],[93.6623673662188,7.177512003879636],[93.66470697447737,7.11482901201209],[93.6566337853746,7.047393797610436],[93.66950665507412,7.01665213727208],[93.69585559522017,7.010735293958761],[93.7413218227777,6.956282884783093],[93.74365411874989,6.931083914251839],[93.77011397208744,6.891077028930517],[93.7653410289468,6.8651609188265],[93.80286294150889,6.796252153095489],[93.80200081036439,6.762342292040755],[93.83025588840675,6.755995765046301],[93.84613294719858,6.814970801460409],[93.89192062520247,6.806535124675756],[93.89017692426908,6.903044841440477]]],[[[93.67858166244976,7.393488793146751],[93.61910891915184,7.362682448327114],[93.62444994070846,7.32302820716897],[93.61707341397316,7.270476754112013],[93.63646242558845,7.244321637734998],[93.66627300661385,7.285448026221264],[93.71305157308853,7.312213499074512],[93.74307985453484,7.377312209563497],[93.70873827721752,7.404717301906085],[93.67858166244976,7.393488793146751]]],[[[93.54091180346286,8.028527771120494],[93.49839052020627,7.986391724754016],[93.56013540199669,7.934576062023493],[93.57247807433743,7.994124773960523],[93.54091180346286,8.028527771120494]]],[[[93.30870713907032,7.936519911467398],[93.34164912680194,7.893228672123525],[93.3693845977244,7.884009540219699],[93.41687315666702,7.907473488906176],[93.45045358156263,7.873755175070128],[93.46403283609595,7.893958417843584],[93.45214304132084,7.936702693636358],[93.39284592135594,7.973643679728557],[93.40012416341604,8.009482346600512],[93.368814050738,8.023544473671729],[93.31833559220432,8.004334454802626],[93.30105804371485,7.962048347385609],[93.30870713907032,7.936519911467398]]],[[[93.50070571584868,8.019731439190673],[93.53790337522076,8.051946811350307],[93.49678395608419,8.151205570296236],[93.53580228673809,8.203325749761115],[93.51123658597437,8.235291202616157],[93.4827515769485,8.222099893079871],[93.47987259324391,8.197343087596524],[93.44957107303426,8.180183350556854],[93.44553661512577,8.155901104708263],[93.46121984981862,8.099185346507884],[93.50970913198775,8.048379855125596],[93.50070571584868,8.019731439190673]]],[[[93.01931411929964,11.843523028600096],[93.04753573150444,11.813213544503885],[93.06197099516355,11.844534659909884],[93.01931411929964,11.843523028600096]]],[[[92.97036933199264,12.042455010910679],[92.93284945501301,11.985138408721445],[92.95953203843874,11.981014856807267],[92.97270079792148,11.948917823136698],[92.99903955027392,11.937595649122525],[93.02169191494094,11.901079924668911],[93.05254411140292,11.903553954269862],[93.00529928336319,12.00236630652828],[92.99383212886129,12.038748592633835],[92.97036933199264,12.042455010910679]]],[[[93.00511964456086,12.10207772968959],[92.98541161603534,12.110752691632817],[92.95841895124153,12.100131770669169],[92.95634598721382,12.069533288407378],[93.00463165903729,12.048462115660413],[93.00511964456086,12.10207772968959]]],[[[93.02568531804432,12.1427809837444],[93.00231231766985,12.124583311875869],[93.00816915545587,12.105071806125538],[93.00588975498258,12.079617524273853],[93.033444146205,12.095352800779324],[93.02568531804432,12.1427809837444]]],[[[93.07417239484946,12.083844240608894],[93.09225233292369,12.147964930132693],[93.08447491143326,12.192491258986303],[93.06466775561277,12.209891000819583],[93.03787121640168,12.14629220916296],[93.03843890135562,12.126543622772571],[93.07417239484946,12.083844240608894]]],[[[92.9910437555244,12.160526784728638],[92.9527679758776,12.149168742456064],[92.954141964376,12.123875576208167],[93.00267989570769,12.112242741007723],[92.9910437555244,12.160526784728638]]],[[[93.11796548054592,8.354633631833664],[93.09574687729531,8.350429845910774],[93.07401874430829,8.296979936466599],[93.07672363540918,8.274085146597352],[93.11193530743596,8.225410613868188],[93.17799945530075,8.195096320823032],[93.18439281907673,8.225818811630534],[93.1470917249879,8.242341125041692],[93.11646731163759,8.276116361700648],[93.13279706384043,8.345858981408947],[93.11796548054592,8.354633631833664]]],[[[92.80209369161278,9.228764218027045],[92.77921344681602,9.250988897518866],[92.76347195907192,9.216299136393019],[92.72028486608633,9.218559913363388],[92.7159349980035,9.155592303236707],[92.72806216899916,9.126696342660818],[92.79991766297418,9.12291390081528],[92.82633324284295,9.140114583801202],[92.82892159550202,9.16792122759389],[92.80209369161278,9.228764218027045]]],[[[92.8647211187625,12.196516493323363],[92.88635060954476,12.258937397190897],[92.86945587002883,12.299209036853915],[92.82869614262022,12.299506857917404],[92.80976433665359,12.313495785545685],[92.76571376415225,12.268373854472914],[92.76846987359738,12.184547239177759],[92.73759624063779,12.098737531336141],[92.763186307388,12.063902032965046],[92.81426379668912,12.105739181045626],[92.81494068983214,12.138679854566089],[92.84936993104306,12.150693825048975],[92.8647211187625,12.196516493323363]]],[[[92.46444521395489,10.535803375571755],[92.4990340956733,10.513417579975451],[92.53105135944804,10.52042185785803],[92.56922227246356,10.58187139858622],[92.54150514603748,10.594752488460022],[92.5502805724524,10.637914622761292],[92.59779295920792,10.704714512380932],[92.5824715596233,10.74470357323127],[92.58539984466736,10.790224567887858],[92.56474365513922,10.805456233254182],[92.55889410448678,10.862988499287004],[92.520252826402,10.897935948222939],[92.49262819321254,10.890121256451755],[92.46157087903188,10.861323489782865],[92.4226595278468,10.802043335325894],[92.38208764535061,10.763609957200272],[92.38329715860873,10.671162268647269],[92.3969887232138,10.66795331225001],[92.4205397049989,10.615657885869975],[92.40979862460519,10.583331160386626],[92.41930106746098,10.549978826878528],[92.46444521395489,10.535803375571755]]],[[[92.61408846314058,11.451334333184077],[92.62148929020266,11.404361160739949],[92.58799049072532,11.398961565053353],[92.60071279559673,11.346348230450925],[92.66373253499731,11.353940988729862],[92.68926740656154,11.385152957502012],[92.65365133455342,11.407596423245483],[92.68400899946835,11.433108335656696],[92.66796698663414,11.488690652537707],[92.63120108902866,11.514212610928867],[92.61408846314058,11.451334333184077]]],[[[92.21940570195555,11.595218583149448],[92.20441582921978,11.55015547249755],[92.21221517409474,11.53169408070748],[92.27222706376826,11.536686094933115],[92.26826183542548,11.585411403009573],[92.21940570195555,11.595218583149448]]],[[[92.75559507431663,12.02227117145906],[92.75639338734666,12.06524624208019],[92.73362524870413,12.103394451584984],[92.75636656994048,12.176949213753238],[92.71667089339266,12.176344868566586],[92.69774666920705,12.23893522870047],[92.64430553362868,12.178781580288074],[92.61932302625118,12.086199131593625],[92.62373758650922,12.040092834621971],[92.61237532738473,12.000259013269984],[92.60827446511212,11.896402661414761],[92.55873755148895,11.924331189759599],[92.53506588284205,11.911861735691243],[92.53355743810516,11.8776191442895],[92.51433498941489,11.848437386635597],[92.55062631154738,11.835869109821031],[92.5511346241492,11.720118305332479],[92.59067468823531,11.733000896555223],[92.59384325195663,11.667293620509941],[92.606667536274,11.641051773790707],[92.60967459728025,11.594126389866702],[92.65367457127488,11.550463984913149],[92.64605619920043,11.521843672657793],[92.68338334712746,11.512184625855156],[92.71053318655326,11.488298204450734],[92.7511401311933,11.609323741511858],[92.75536778617669,11.664672795244671],[92.71169298973848,11.643605292358348],[92.70130000382241,11.695688790493593],[92.75345048581465,11.71655683014615],[92.76859559012647,11.799639907557081],[92.78564028720939,11.854166120371843],[92.77810504523134,11.892760668463113],[92.7858781889444,11.92554055018925],[92.76244403036706,11.939891975573405],[92.73297795954132,11.907661658837384],[92.72001300174536,11.867927323793236],[92.69231708633981,11.901142063360005],[92.71045464594967,11.91618116802655],[92.70977351096188,11.972519029196237],[92.75559507431663,12.02227117145906]]],[[[92.73067530527858,12.23365924611055],[92.72223471420774,12.188510151327742],[92.76284213854814,12.18308519881832],[92.7505765254891,12.228006923905303],[92.73067530527858,12.23365924611055]]],[[[92.72094943973353,12.89634194141548],[92.71899553841355,12.98108541600553],[92.68737564709967,12.99032367213036],[92.66387051173339,12.88197420239155],[92.65030270982163,12.867459394149568],[92.66027542611859,12.817608922596445],[92.68716302934664,12.81424425276357],[92.71359120000241,12.863354387939882],[92.72094943973353,12.89634194141548]]],[[[92.83953860867355,12.403475528665863],[92.94492447790813,12.462334905929279],[92.92982210375945,12.474673177762732],[92.97373701807645,12.54120601151579],[92.94286756677452,12.62618360340972],[92.95628996557772,12.64047572791571],[92.9673204876476,12.719810825596893],[92.9600986642789,12.754566878195304],[92.92795935988124,12.775277402422997],[92.95037947770801,12.812402312429752],[92.92419288559165,12.88391344129003],[92.89568191794906,12.898012066042158],[92.84070040971196,12.875386864016622],[92.82304219742592,12.895532604835287],[92.78985989867773,12.889509097233136],[92.7807836740849,12.841044303904871],[92.74980847131107,12.845753660105755],[92.72199589529284,12.826052509697542],[92.71972893738455,12.790434821522407],[92.74141746005739,12.725873648750412],[92.72940370406128,12.698828363709069],[92.74316435719656,12.671936042225257],[92.71799627764433,12.637977543001387],[92.7067453880555,12.59568733733482],[92.69890213352946,12.51649378167005],[92.70796920698452,12.492598731635084],[92.69719989074474,12.38928757100601],[92.69909998387753,12.328070170780022],[92.71862385417654,12.30365700746604],[92.77053902607335,12.317979302366055],[92.80955752291563,12.315823464173414],[92.83120156550719,12.302858134140276],[92.84720433184492,12.30846222657672],[92.87170129531974,12.353029328271244],[92.83953860867355,12.403475528665863]]],[[[92.95478238502017,12.432524150703454],[92.92997284106411,12.417002676980982],[92.91839711617698,12.37150275105989],[92.93165225496253,12.36086562185721],[92.95478238502017,12.432524150703454]]],[[[92.92233988753598,13.535604769013334],[92.8998501565629,13.478268852835456],[92.87003145207241,13.465045405422215],[92.8816014097754,13.431088709778924],[92.84160084591845,13.377844473564446],[92.82566590148636,13.328583658693084],[92.82675200059747,13.236609210971311],[92.81315497828616,13.167984454721346],[92.82871334445957,13.132393226643204],[92.8185715194121,13.102625810589636],[92.7939320004882,13.09024229353473],[92.80494507907186,13.007173541578423],[92.79372150904746,12.987502274127328],[92.79333950855774,12.914156890451325],[92.8236175683654,12.896739238341919],[92.84121580642812,12.877036335226174],[92.857853303481,12.901401289561214],[92.87748460330482,12.973067183433272],[92.89546688642287,12.995856561348111],[92.91933861257847,13.058714931674507],[92.95930809382828,13.015767104721121],[93.00209877914364,13.0314843634247],[93.03329743155618,13.081879319989996],[93.03083525356699,13.178232486077214],[93.05510848084053,13.233155750821608],[93.053856484456,13.263938075723944],[93.02363949301966,13.27622982281353],[92.99678750439934,13.315061105883805],[93.02839060170898,13.347147486716034],[93.04884658011645,13.404181655487346],[93.0284596219672,13.428267708737602],[93.04181362484134,13.50540609359739],[93.0285134651887,13.570657260572105],[92.98873622879958,13.532122551089548],[92.92233988753598,13.535604769013334]]]]},"properties":{"NAME":"India"}}]}