{"type":"FeatureCollection","features":[{"type":"Feature","properties":{"name":"india-mask"},"geometry":{"type":"Polygon","coordinates":[[[25.0,-25.0],[25.0,65.0],[145.0,65.0],[145.0,-25.0],[25.0,-25.0]],[[67.89046936228165,23.889366807281263],[67.85455022792681,23.844205622693547],[67.82794183372295,23.793002984440644],[67.81668050660883,23.76504687931581],[67.80035270086121,23.70962138742119],[67.79495315950231,23.652093764965482],[67.80068218046223,23.5945980198087],[67.8173272436465,23.53926697731098],[67.84427089444549,23.488153162408206],[67.86863240095865,23.451096305576815],[67.90975544747711,23.401221022750594],[67.96060815213416,23.361312988208436],[68.01882945278666,23.333225109287337],[68.08605630000515,23.309327298171773],[68.09544191309347,23.306949133487244],[68.12185962062661,23.27660254715958],[68.15098085631399,23.254663727992412],[68.16030232136714,23.239390524133604],[68.2003036198139,23.196016377314535],[68.23203634048689,23.17293625748673],[68.2490189974339,23.152536846340528],[68.27135678838746,23.134831783134185],[68.29198788216726,23.10075830460838],[68.33163731448738,23.057389905488794],[68.33755481663434,23.053039192061178],[68.37406717450212,23.009213616871758],[68.45095676804057,22.933987890675827],[68.50343783109628,22.89298464324446],[68.6235880258617,22.81898843689467],[68.6313298905484,22.814379399365848],[68.82426834676076,22.703405354299573],[68.84751852789175,22.692013427625774],[68.80483677832733,22.66157748510084],[68.757561596915,22.606419212549202],[68.70762907961377,22.531392905665296],[68.67379449109646,22.46306783821265],[68.65313339497027,22.403213535864307],[68.63924654017652,22.344226177076997],[68.6374975096162,22.28365147835827],[68.64795767060082,22.22396112515994],[68.6649523288275,22.163647662352542],[68.68988703327256,22.102188265556507],[68.72771672478315,22.04770972500604],[68.82876036969962,21.931973005438277],[68.83686155313202,21.923061378864816],[68.99934897264055,21.751372644241798],[69.00971379643303,21.740945013259186],[69.07449603670928,21.678888456494658],[69.10492870131536,21.653375978726665],[69.17394890765357,21.60289969651083],[69.21731895577739,21.558024024560282],[69.23891137616005,21.537782763445986],[69.39137659297924,21.40837898589291],[69.43387970324397,21.378239649797624],[69.44309429257096,21.373868775066228],[69.49037940880385,21.327999783455393],[69.59039983712815,21.218151486177646],[69.6957619367539,21.09513728372913],[69.70202883979424,21.088049764133434],[69.78025807294958,21.002339162706953],[69.78881069825925,20.99334926537396],[69.87945101944737,20.90193716708091],[69.8986118758356,20.884224823541693],[70.06343326218268,20.74465445660735],[70.08116030267512,20.730751670843528],[70.14441047521747,20.684874931428762],[70.19437878287117,20.65554389959185],[70.22484741032937,20.641419544965142],[70.29076148109247,20.595142833273734],[70.45099910859946,20.514489617400077],[70.5040953351969,20.49382176830731],[70.56093271175929,20.47771751305875],[70.59805026127323,20.457241020517877],[70.65090416255657,20.43439425166219],[70.7110672440823,20.41499686187339],[70.76763188632383,20.402630370975274],[70.82551863710668,20.40136035804361],[70.84551365755215,20.404820784772564],[70.9002875859086,20.399515631604107],[70.95950731238808,20.405640360197243],[70.98163957598595,20.4039030819619],[71.04035074347433,20.41092797565142],[71.09654363021937,20.429332045811503],[71.11886935554357,20.44193546737806],[71.141943712483,20.444440281978338],[71.19929384138217,20.46275735592144],[71.20052886386773,20.463448450407064],[71.2110609226219,20.46464210537599],[71.26586580356938,20.48187480056558],[71.3163808461445,20.5092384851274],[71.32488921911484,20.51623559472033],[71.33491547121398,20.519664928348284],[71.40877723540359,20.55590229352203],[71.45248518973064,20.565022980336625],[71.54921800285494,20.59431308072675],[71.60592302617852,20.61806479481115],[71.65659558981389,20.652877075499056],[71.67529715466662,20.67241394721597],[71.6910002529561,20.675706740252235],[71.74628424336169,20.693014021355793],[71.79721112600413,20.720624059361658],[71.7998213238064,20.722779216241246],[71.80160214089368,20.72339004183104],[71.80795084531701,20.726904645566737],[71.83989349443068,20.731809391341883],[71.90103167583355,20.75562901929696],[71.955529091927,20.792170551015055],[71.97294768333958,20.806849208922714],[72.00974262238967,20.820075832873787],[72.03394774762316,20.8351717498489],[72.04674218743041,20.83849419450419],[72.10039500153158,20.858041471151335],[72.13061927720675,20.876159353353547],[72.13215723048013,20.87647345921845],[72.18391512854431,20.89763553295465],[72.2513088108774,20.932846314991853],[72.30308821559399,20.967154156901042],[72.33847002593171,21.003048140851526],[72.36079022634746,20.946646446986854],[72.39497739305862,20.89490775504362],[72.43907184642582,20.851303468626092],[72.47663576990685,20.8270813431921],[72.4805408087721,20.817635672027244],[72.4990543681256,20.782107979726675],[72.53484921886789,20.72842996266416],[72.54058722535721,20.722897157122315],[72.55332066821796,20.69186383611046],[72.5593368002356,20.659672154202898],[72.5694046713903,20.620582521272254],[72.5777855048543,20.595242163109305],[72.56080162932965,20.568571287509027],[72.54014555247409,20.516965957074135],[72.52246859957516,20.493882028333623],[72.49764837352251,20.445129617892622],[72.46140524241179,20.35428368122503],[72.44651290979584,20.305058974256387],[72.4402467946186,20.25401400244252],[72.44251621467536,20.2081972357078],[72.43510217647976,20.19545739221311],[72.41590314118727,20.139066486085287],[72.4096546258117,20.090995627347553],[72.40075900052612,20.07805639171472],[72.37727036638636,20.022760910644756],[72.3652704505621,19.963894042367922],[72.36524397409457,19.91080203753366],[72.35641309045965,19.869138463504562],[72.35578254525238,19.8097653273759],[72.3668578942734,19.751430916218556],[72.38920528325932,19.696420361899193],[72.39414617856588,19.68894628484518],[72.3971607313175,19.67398326154889],[72.41376700254715,19.630879563257935],[72.41472599377725,19.61990274859964],[72.41665028737155,19.60988521513099],[72.41621266821511,19.606940257601472],[72.41913231951139,19.548002790330177],[72.42679659729346,19.496598066669215],[72.4414358157071,19.43870887884887],[72.44700818921183,19.4270860383907],[72.45523477480283,19.3815525015631],[72.46206076799848,19.357002885831164],[72.4624931356732,19.33421015880826],[72.47707353851284,19.27231238376814],[72.47877625331198,19.26873014589255],[72.4775601816102,19.257383176956345],[72.47654166048699,19.20508483554797],[72.48462268618987,19.153404559591525],[72.4892793035906,19.139795922575562],[72.4882397045668,19.115318081044578],[72.49660942187138,19.059015939970887],[72.5154628577306,19.00530810801369],[72.51619222401126,19.004056460051828],[72.51502690123078,18.96950659711763],[72.51741510438913,18.95058485261189],[72.51118900110329,18.91287677520158],[72.51360406196888,18.85203636839644],[72.52825386738628,18.792936699865805],[72.55453494505299,18.73801227382533],[72.55964486312314,18.729639348505877],[72.56161934362153,18.653407856720257],[72.56913181420545,18.60547588071282],[72.58300786742429,18.550980323024376],[72.6002227748993,18.51413214777586],[72.59707012797163,18.498663463055056],[72.59532674899576,18.44895129170345],[72.60182169007922,18.399634407261438],[72.61308713596893,18.34778430090274],[72.63329107461395,18.287000927442808],[72.6355855222705,18.28196965043516],[72.63527321129277,18.228737548385165],[72.64105113929274,18.168356583693964],[72.65885680277952,18.11037207113407],[72.67808486892524,18.07521472303781],[72.6813378068216,18.054943274852373],[72.70218013080878,17.999200995343273],[72.72025804906286,17.962450975187846],[72.73025447527662,17.930925436450586],[72.73098914075459,17.921273581470935],[72.74091265569254,17.864312558959977],[72.76157886942941,17.81031309744416],[72.7922201390762,17.7612809974621],[72.7999024660467,17.75306055393299],[72.81634720911637,17.712815189826532],[72.81490267871435,17.68053729444799],[72.82273801690225,17.625403619080647],[72.8400801564411,17.574284050151988],[72.84327306159234,17.560668541700352],[72.84294128362839,17.558413402119655],[72.8463592926157,17.497872295410094],[72.8618817036368,17.43925520623682],[72.87784946840887,17.40713452247373],[72.87647261984888,17.396511206389523],[72.88140700815934,17.334378110506133],[72.89907398038162,17.274605642893107],[72.90551853917488,17.26268247491482],[72.90948740357341,17.215296261825877],[72.925778501896,17.158689979547734],[72.95281632239394,17.106358083531724],[72.97022832789743,17.08453986440149],[72.97780042640628,17.054529173838695],[72.97557113752684,17.038189304469523],[72.97775196922484,16.98526878459058],[72.98514156745095,16.951905147729153],[72.98512766835587,16.951829091636192],[72.98025412509269,16.895010501857556],[72.98622042496139,16.838296245852142],[72.9971720920173,16.784270760205008],[73.0082504773804,16.74511245348372],[73.006709390355,16.7254934692186],[73.01459253551594,16.664211061211454],[73.02138843401629,16.64464262240525],[73.01688148296188,16.61122216366163],[73.018363895699,16.590419098242926],[73.01574805696015,16.57859259340782],[73.01512849018319,16.516391847463144],[73.02734982732746,16.45540040890435],[73.04471752534894,16.39957557394819],[73.06217464833921,16.35588341104869],[73.08305660692544,16.313588693549324],[73.0981919977192,16.272900703696948],[73.10586021498221,16.23728612047134],[73.11466360025192,16.2051766843054],[73.15811917432474,16.07539911210223],[73.15824671971771,16.07125854467987],[73.16930599040104,15.999283082518295],[73.1960020460347,15.93539322712239],[73.21565447117133,15.86580559047788],[73.23614242331473,15.819837428285497],[73.26568543370605,15.768089293967478],[73.30487332547216,15.723200898949319],[73.35216006710823,15.686943169651668],[73.37341490321415,15.676539495444196],[73.39531142208341,15.619502660693124],[73.43308425623138,15.550127335790782],[73.43313529298365,15.550057429321058],[73.484004394231,15.402781394382936],[73.48476932337209,15.401096440023338],[73.4843786105589,15.390109648808524],[73.49387252096568,15.33184892360685],[73.51459064806484,15.276575008915197],[73.54573086736606,15.226427893567363],[73.5701853899353,15.19454125880932],[73.61712258533578,15.1458624875397],[73.62685838367229,15.139515521095655],[73.62316059306748,15.120786644439228],[73.62266364353984,15.065065514082146],[73.63248042757066,15.010213694801507],[73.65227225614936,14.958123630023133],[73.6813562911063,14.910592479840044],[73.71872910372257,14.869260117165581],[73.74062824455442,14.852624320166264],[73.75798792145861,14.830815603724325],[73.77119281668988,14.792785933670284],[73.7995272630112,14.74369055127475],[73.82869958744101,14.709933152317172],[73.83040108493707,14.700783708877184],[73.85407467170012,14.643386769482277],[73.88905625877,14.592092170076457],[73.93384752749513,14.549096942339848],[73.97741160477794,14.515197403491015],[74.00340327265715,14.497889269823688],[74.01577888392491,14.468834133933758],[74.05010204308395,14.404603422905005],[74.09711504687472,14.339452093442956],[74.10479266058249,14.331364223763527],[74.1116795094397,14.313296903056504],[74.12464745646626,14.246159869503499],[74.13466299534899,14.20799187535025],[74.16908713053584,14.10495479688445],[74.19248185413124,14.053149326730471],[74.22244433356025,13.92068654615804],[74.23845892900326,13.8707000231577],[74.26294071854109,13.824269841918635],[74.29514025481993,13.782817343655015],[74.3267578781039,13.75422550386323],[74.33561449375522,13.718856304545444],[74.34961690799858,13.634152992537059],[74.36371847387338,13.580403833537613],[74.37672842829019,13.552916722966508],[74.38425622834487,13.51050883754416],[74.39738278443038,13.387188236877234],[74.39776499905614,13.344594421192724],[74.4014099310976,13.300586975164084],[74.41147543311585,13.257591318352363],[74.46234241345509,13.095240403985114],[74.5006560750858,12.931092864243073],[74.53105539343242,12.78639140289956],[74.55783208489186,12.710920190792997],[74.5891577780636,12.649978414611521],[74.60091217008572,12.615617128490653],[74.66127242655797,12.476681649827134],[74.69488185377965,12.391258880236274],[74.70497351931434,12.368442886878107],[74.74563160055192,12.285971733837314],[74.78188688502047,12.232537610861876],[74.83979350315704,12.093955134215571],[74.84864827528735,12.074704746173584],[74.86443023940318,12.043360260496417],[74.88360292090994,11.985569475841364],[74.9289576010654,11.885743255211892],[74.95743361899807,11.8362173411799],[74.99478165793529,11.792987447060794],[75.03964735359217,11.757621232798744],[75.07326375059998,11.74025546871134],[75.07957100538881,11.731300807794083],[75.0941265346687,11.712294465778019],[75.13721388231843,11.660455291212902],[75.17607395751419,11.621580034180859],[75.2213746711446,11.590447472479262],[75.2327297361656,11.585395245209723],[75.2809293756467,11.532539933303017],[75.28956148705365,11.514136886884724],[75.3366798300514,11.384804371701417],[75.35843564728091,11.338040242222148],[75.38788004149201,11.29569373069145],[75.4241427020236,11.259016505599458],[75.45714396200034,11.235509102046166],[75.46864426071977,11.209115107565136],[75.52088990922861,11.058575764284766],[75.55213891944476,10.994421251871177],[75.5536256536995,10.992114364712592],[75.57173237387869,10.927720363946865],[75.61749672148318,10.726813650890291],[75.63559182033197,10.67220824090878],[75.75748458056025,10.396308110090438],[75.77153656102797,10.368504475450786],[75.79673269276702,10.324488690612776],[75.83311633013102,10.234852848742777],[75.86574993735803,10.124214180377969],[75.87190982123518,10.105595833561827],[75.89965831875065,10.030095675061116],[75.9322936891361,9.916251760864101],[75.93690404268331,9.901596700279217],[75.96952740058437,9.806476119333803],[75.98701315170784,9.706590636736266],[76.00989126563029,9.507504374777733],[76.01653044508345,9.470434668189672],[76.04887721180272,9.338270303390928],[76.06434939712283,9.291843035840266],[76.096641788818,9.216168869674055],[76.09959240249086,9.209481272115974],[76.23351229619605,8.915694682582885],[76.25816121246719,8.82448576685513],[76.27765663895434,8.772223509538298],[76.30649029724542,8.724473793902277],[76.34366537086818,8.682887388732931],[76.38789666994599,8.648901989284681],[76.40375701114105,8.63891311821396],[76.45219985203505,8.568513880174189],[76.4695873439472,8.545668908179294],[76.55480343525394,8.444175756007384],[76.65675267530176,8.315503175477039],[76.66278166929727,8.308137012267183],[76.713824930717,8.247753361896683],[76.72749782294274,8.224369407959301],[76.76704743960337,8.17122159884332],[76.81729751350959,8.128049943046355],[76.83802912025443,8.117032001764871],[76.90857626502623,8.05969028123487],[76.91831137246253,8.052104587173318],[76.95392908539807,8.025510036210926],[76.97156292242477,8.00745756192438],[77.00770925877369,7.975938928012746],[77.069393226703,7.93029019568728],[77.10792572054142,7.906069405912062],[77.19145799088992,7.862023421428864],[77.24813952223923,7.839172918108643],[77.35579674933035,7.808078603312303],[77.38876520382034,7.800540575594686],[77.50475972111451,7.780822180893356],[77.56071170569297,7.776632899447947],[77.61646518020244,7.782935655782877],[77.67006990380396,7.799509981256316],[77.71965079836029,7.8257761106302945],[77.74617597636944,7.846984728223639],[77.76769164156428,7.84546437205666],[77.82880309394083,7.853790108346794],[77.88692048931448,7.874437041565233],[77.92264656541902,7.8914455727170125],[77.97784644495853,7.925489085969873],[78.02444012934706,7.97060023837011],[78.05900917972485,8.022797068705893],[78.06383849687421,8.025360092315289],[78.12208550064501,8.066457748373516],[78.14247594573612,8.082828055535785],[78.14508761573904,8.083636943904777],[78.19577735667784,8.104585394152732],[78.24180604512698,8.134412349141199],[78.28163515304543,8.172120830503529],[78.31393337594793,8.216450416578443],[78.33422574927326,8.258828534065186],[78.33813099618745,8.262740170336402],[78.37771733305237,8.311755269178226],[78.39516601778996,8.33872891020195],[78.42363293561682,8.39490605101643],[78.43974464710212,8.455788308806904],[78.44279112047754,8.518692645387334],[78.43853552199327,8.544744360152595],[78.44368338892598,8.573335104453523],[78.44352399422647,8.585253425749393],[78.46705329960054,8.62431295296236],[78.48746922663048,8.683046373360073],[78.49533857167172,8.744726987467974],[78.49126859301262,8.795022840739042],[78.52326838984384,8.81849523852451],[78.53482967121882,8.827416418130053],[78.54247522010694,8.833618704717068],[78.58469993776579,8.830502114468299],[78.64091619059313,8.83700951107956],[78.69491015221962,8.853958416663103],[78.76695081143257,8.884299854141693],[78.81640891296894,8.910826376358946],[78.84211130813513,8.931595927296623],[78.89925517641721,8.949845900026652],[78.95890358841655,8.954027122653248],[79.00528416102563,8.966909171016724],[79.01915675275933,8.964432222429513],[79.0727855477766,8.959762943392057],[79.12638543540811,8.964753120505613],[79.15263797992053,8.969602820919853],[79.17544901594513,8.96330537946338],[79.24702959130725,8.950497277593016],[79.31026869078687,8.945987342389445],[79.37304337741071,8.954867766805675],[79.43255004772966,8.97674193892913],[79.48613105237698,9.010632928284963],[79.53139339032766,9.055027116888562],[79.5663155836004,9.107941799497038],[79.60125284905394,9.175463333286288],[79.62238180146853,9.227882861658157],[79.63330429308076,9.283334992021642],[79.63363266772309,9.339851642267053],[79.6233552708702,9.395426948823077],[79.60283686327607,9.448088457865913],[79.57280567504907,9.495967130764628],[79.53432755963604,9.53736367916096],[79.48876816503036,9.570808875348632],[79.46478434619526,9.58515003874056],[79.41004122510634,9.610787877600766],[79.35126974933571,9.624930781253148],[79.32034648382574,9.625992248676022],[79.32099454481194,9.62694682429413],[79.32473260025854,9.633651317653612],[79.33484678945851,9.644142227044828],[79.37005674863333,9.688329206029941],[79.39635739577518,9.738334268742062],[79.4016047867473,9.755566664068947],[79.46449480651265,9.823523274033555],[79.50365502303106,9.876483773018096],[79.53031401594711,9.936713625310484],[79.53784009960086,9.960478074800067],[79.54705788083682,10.004071994386269],[79.58019907316078,9.999512913145052],[79.63498658184255,9.986164589726402],[79.67838524731295,9.978912147256624],[79.7408428605346,9.97313831410737],[79.81242568623824,9.975103958941604],[79.91216565289531,9.989881201144286],[79.97164708802293,10.005042210735393],[80.02679758465352,10.031992536485998],[80.0753082382385,10.069603888833681],[80.11514812475076,10.116301648730225],[80.12833696517335,10.135422105182396],[80.1558222679641,10.184579147006184],[80.17363569383758,10.238007028201448],[80.18114944687193,10.293822797888014],[80.17809872098515,10.350059349186335],[80.16572561646454,10.43293715910798],[80.15336367784943,10.636324441092887],[80.15272165552283,10.827942570878712],[80.15259594202355,10.829255073524838],[80.15268047841052,10.830062303179265],[80.15434154331284,10.979915403672308],[80.15652099813613,11.167928405163739],[80.15340708007274,11.2146564607887],[80.13909973824227,11.312859833930748],[80.14251914492613,11.332638989021929],[80.13940240649063,11.398069623901963],[80.12215862262994,11.461264037875392],[80.10082457446012,11.501730823595024],[80.0927420124266,11.532235072381058],[80.06345836939562,11.603496868039862],[80.08848955492076,11.719795720008646],[80.09821026662253,11.761388168713754],[80.12805183596006,11.869804764354225],[80.13676662078224,11.89674026461856],[80.14037882248348,11.904475216861218],[80.15737367315288,11.934203884960441],[80.29210585805367,12.138167119961443],[80.35421487562476,12.202954250188588],[80.38775837851222,12.244889178043152],[80.41328824822169,12.292132489873989],[80.42951821646109,12.329905963511933],[80.45190390523108,12.413924925655456],[80.45574710300038,12.447208733202002],[80.48446438896259,12.533991527317982],[80.5368120950347,12.678849117048655],[80.55299309270706,12.749136408019838],[80.55193056775929,12.821254360004595],[80.55016129879563,12.83425761086599],[80.55671369198454,12.892604893588013],[80.60364601846851,13.091741004759573],[80.63290183857549,13.19288541397871],[80.64425394499266,13.25961341057114],[80.64631558395959,13.296748847862656],[80.64309847852914,13.360212904931362],[80.62222546533584,13.492275965107298],[80.60890650523014,13.544987703000922],[80.58629272443281,13.594429981752148],[80.57070612906517,13.616709683052832],[80.54644724921317,13.676800720142735],[80.54145535915043,13.687912557940898],[80.54380684599168,13.69640055947009],[80.55399763736199,13.756032655194224],[80.5520173754015,13.816496839897013],[80.53794658722232,13.8753343448511],[80.50134875272838,13.980214872158175],[80.4782213208455,14.030827920984239],[80.47192204345981,14.041791837081847],[80.43339353597057,14.136520915415845],[80.42842911513426,14.166953424611266],[80.42938282496559,14.185835265792113],[80.43458136157822,14.207494789148011],[80.44117675027614,14.222290581729002],[80.45787222649787,14.270334237763187],[80.46621177271214,14.320507774416894],[80.47831789231748,14.471821715565722],[80.48944672977201,14.524211431578957],[80.49593926798129,14.580788954723602],[80.49162323421372,14.637573997033165],[80.4766541576658,14.692520297408025],[80.45157145220062,14.743647854205983],[80.4370930051814,14.76284399531346],[80.41962270668503,14.814334934274799],[80.39264866257,14.872508067586923],[80.3866063093154,14.880484048149897],[80.38659506159229,14.880786350083786],[80.37376815600851,14.95710034126166],[80.35884182161499,15.006070573722083],[80.35067606082404,15.05102229891028],[80.36165369996912,15.078046960788498],[80.37563170516187,15.121801504109909],[80.38276626430407,15.16717707855564],[80.3868197487385,15.218168541769925],[80.4415240362212,15.287377125554661],[80.47548081793263,15.341231488030468],[80.49730849548413,15.401038744066685],[80.52035051436465,15.49373572176051],[80.52881593852572,15.509538183109054],[80.53527412666391,15.516205387050313],[80.57288108361628,15.539531514949855],[80.597850145351,15.507541466309716],[80.6409074787621,15.46998258073849],[80.69030469065137,15.441268136578916],[80.74424997737542,15.422439703662482],[80.77224708621763,15.415575388044052],[80.82299349877313,15.407660041803165],[80.87434637028899,15.408516593284494],[80.9700009427643,15.418344366278962],[81.02827803997293,15.430259934634813],[81.08305867183363,15.453439304799902],[81.15223434758568,15.491193096465386],[81.19956359569402,15.523225308264474],[81.23995965899185,15.563651517452085],[81.27195655522189,15.611004647769798],[81.29439310979605,15.6635662434275],[81.30558847935646,15.71541528084518],[81.33790834343093,15.74184280545493],[81.38281889619479,15.78737037251377],[81.41705924025969,15.841382555863182],[81.43907344983631,15.9014249716088],[81.44544250409467,15.947334818926477],[81.46756402687411,15.99298099020407],[81.48704907906453,16.051642642701605],[81.50226416478337,16.05302159859553],[81.58511045272874,16.04043081664023],[81.59744622939085,16.0334553648498],[81.64896822503201,16.015653079646217],[81.70286104712139,16.007467658425654],[81.75734537180581,16.00916935081805],[81.81062234619952,16.02070197379666],[81.86093297925903,16.041684766615248],[81.95213627086655,16.089876421617785],[81.96994228992912,16.09562793560905],[81.9908036909948,16.098044308188758],[82.04665080025725,16.109985221234478],[82.09922318747473,16.132292823516966],[82.13008401432575,16.153043102653918],[82.33886567555652,16.25902185314339],[82.3850763157142,16.270655331344063],[82.44378027801822,16.29215092254786],[82.49675464773594,16.325346280422178],[82.54169903309185,16.368799909227743],[82.57666174131495,16.420624851727457],[82.60012453015199,16.478570629583842],[82.61784332482077,16.540108681453127],[82.62044556439865,16.554666237368014],[82.62153369030636,16.556126563140314],[82.64735694705007,16.611501803258626],[82.66142508895012,16.67096057208621],[82.66315456044454,16.73203648170172],[82.65493157666677,16.778351819115795],[82.65846985357304,16.809213132708628],[82.65098424805012,16.876256914562966],[82.64074146943271,16.921244450420943],[82.63429420672712,16.940821172004405],[82.71586506951725,17.003666825793076],[82.86027467495198,17.08628527564932],[82.98746185696923,17.140827362888498],[82.99594276209669,17.144620786152696],[83.11689769374476,17.200986278115604],[83.16957595398578,17.23245835655049],[83.19213408272161,17.253198623909306],[83.22320967163468,17.265937217311915],[83.23959591849392,17.27033271514057],[83.3172615550647,17.30346940894297],[83.36831742191696,17.334385237851436],[83.42116795572936,17.375052346886008],[83.46314877150927,17.42568993724746],[83.479890257573,17.438824138942238],[83.52297621028767,17.48018236826469],[83.53000153477481,17.490310529307937],[83.55408933830772,17.50940142216406],[83.5904833324309,17.551284024689252],[83.61025003476104,17.585006669141762],[83.61815243195264,17.592524867273752],[83.65524648129662,17.63516303895257],[83.68368566529946,17.68400149709877],[83.68861935051646,17.698009061609397],[83.71260538447767,17.714617908547343],[83.7644340123674,17.760155349248908],[83.79363798184372,17.80111097661125],[83.85304038652416,17.842631872635213],[83.88121409761436,17.85860848123341],[83.97434258385367,17.896864606140078],[84.01892845107517,17.919701477020187],[84.0212059586793,17.92139907510312],[84.02904454326764,17.923961145218595],[84.0692407539754,17.94040674239413],[84.20509590290064,18.007851767937034],[84.23492447038647,18.024853562980375],[84.29172649629353,18.061688893968224],[84.34393206511184,18.104618218390225],[84.38520232161234,18.158144980288885],[84.40780357361908,18.207290711861752],[84.43077060821794,18.229472096566532],[84.54484571716775,18.32296191597225],[84.5833776743688,18.3608300921014],[84.61449309539044,18.404995022348587],[84.62049450374076,18.417963202260566],[84.64395116949689,18.43974645571409],[84.67683256215884,18.475677740995042],[84.70346633307894,18.516456234001847],[84.70984529530152,18.52820790358343],[84.75569699210533,18.57082719268494],[84.79490256855716,18.615258530019354],[84.82461026109254,18.666529125553918],[84.83320954457945,18.69185626445894],[84.83611038525201,18.696416523989217],[84.8754198897829,18.733029748421668],[84.91071769435904,18.772247213580037],[85.004509778976,18.896967518063523],[85.02296301692061,18.92456147651947],[85.05911618214463,18.98569133513239],[85.07260298654691,19.000485980545058],[85.15824195733843,19.07274381201926],[85.23297783701521,19.117290868928297],[85.28965820135637,19.16101939909171],[85.32513890671294,19.20539364256203],[85.352183815078,19.22698486865619],[85.46554445685551,19.30612636005817],[85.55655887132734,19.355846185632718],[85.6160079794514,19.381330947704445],[85.62891118816572,19.38722727516312],[85.79540784921096,19.46812267870892],[85.87278987512326,19.495753914165682],[86.0157452069347,19.53684530738812],[86.1144097273465,19.55582415925461],[86.14405830086524,19.563109280411126],[86.31635173450677,19.61487088265209],[86.35725478176929,19.630495669621148],[86.40895132451143,19.654702850702222],[86.43766538658294,19.65960637470597],[86.49855230212536,19.68455724435042],[86.55253500427872,19.722182106456586],[86.60617563232552,19.76909450158085],[86.65236611121944,19.81993918892958],[86.6857799839531,19.879957983327493],[86.68774906349816,19.88470435838706],[86.69206671661256,19.889181142697964],[86.73404244961515,19.944202301509115],[86.74225175405255,19.958019133909495],[86.75926619932447,19.971498511656634],[86.86051251544124,20.024066516209004],[86.89253417877788,20.0433137429958],[86.95469232332822,20.086159820582406],[87.00266321993381,20.12731301586266],[87.04094751780912,20.177603223051676],[87.06634268338033,20.219479447277333],[87.09044735026296,20.268966709717752],[87.10510434968661,20.322025134847653],[87.10982022541097,20.376868408140943],[87.10847296655142,20.390576602643044],[87.22071619824503,20.464537454336966],[87.26540664920935,20.50056224429843],[87.30241761196348,20.544439465440796],[87.330394065032,20.5945627132692],[87.34831175257578,20.649096907791957],[87.35551468378553,20.706045478284555],[87.35173914959374,20.763323460448117],[87.33712337742088,20.818833829776324],[87.31220247048232,20.870544276462873],[87.27868129846287,20.92584897931097],[87.2619252131736,20.948555601687108],[87.25601972560759,20.970558250301117],[87.22466609674333,21.029866609398038],[87.21050726845525,21.05063588368692],[87.16766083478093,21.136109587387573],[87.17768461709522,21.15411017045201],[87.18513164643339,21.158278157055758],[87.23908256261763,21.19687877975159],[87.28541429416245,21.23849456880231],[87.28607663166949,21.23871811339307],[87.39834128253398,21.239711278581993],[87.46043738279606,21.246770471743346],[87.51972350772824,21.266541998400964],[87.57362679900406,21.298167827488623],[87.608838975237,21.330274013491074],[87.76235894220216,21.365965887296642],[87.818127676442,21.38486454073287],[87.86340962733648,21.405359923658608],[87.90252387999985,21.37892887389484],[87.96010092478383,21.355485846502436],[88.02752085588952,21.335889612303482],[88.05820602422733,21.330276339596093],[88.06236762774952,21.326465180087308],[88.11221027028921,21.29613387584583],[88.166981351161,21.276024034164106],[88.22460913777992,21.266896315843923],[88.26571436982324,21.26443989236838],[88.32344954022352,21.26656269216559],[88.35904397155883,21.2748830304304],[88.38711420783056,21.258859428948615],[88.44192182087708,21.240356714259594],[88.49926166115999,21.232716844165758],[88.53260964787415,21.231519225108894],[88.59302759751125,21.235463192901715],[88.65142315842326,21.251458254204366],[88.6928508436505,21.27247696017395],[88.70712426067232,21.269879673231426],[88.72775753288113,21.268380790664388],[88.76073091413416,21.252223838325662],[88.81492613497451,21.237341373442952],[88.87094614582283,21.232828269469586],[88.92682488722419,21.238842916784353],[88.98060125766862,21.25517422734849],[89.03038793975006,21.28124904298049],[89.06978002076617,21.30684733714541],[89.0767512616883,21.31248503014423],[89.08902441007847,21.313312747751695],[89.12288706946663,21.318737274257508],[89.17828506224049,21.33314192919984],[89.22993880013449,21.357806135024468],[89.27596783933075,21.391831996336865],[89.31469650202303,21.433980808579317],[89.3323303187609,21.457293373486404],[89.36158365846697,21.504484156531543],[89.3816396667885,21.55625755142293],[89.3918113746568,21.610840188290478],[89.39175037532164,21.666362473613166],[89.38145875816473,21.720922628531092],[89.36273613748843,21.78625184294391],[89.34406851378166,21.831768997239553],[89.35465802175229,21.859132785018787],[89.36480727832098,21.91264244248722],[89.37317834158546,21.999077443398367],[89.37353065976916,22.053012244490592],[89.36533072062112,22.099799694161796],[89.36661446674722,22.10399356768913],[89.37056717069882,22.176477304283374],[89.3680686468732,22.213822177408296],[89.35689905739515,22.27724094253351],[89.33245260079526,22.336815016247037],[89.31701984572045,22.36527163647452],[89.30199765193447,22.413887240155447],[89.29782297937855,22.42171406687541],[89.29865566828907,22.46345433709468],[89.29380891417479,22.5058790637467],[89.28166921650326,22.562650843877876],[89.2588220524939,22.616021382338232],[89.25455200843281,22.622285687362854],[89.25455787821734,22.630840360372215],[89.2617129821611,22.66975792716483],[89.26018854773082,22.731572742613995],[89.25572199174641,22.750551836826872],[89.25742812712039,22.75615867039872],[89.26269006818593,22.78042639650504],[89.26948147075171,22.840406677417185],[89.26412788604941,22.900532348955604],[89.24684606033519,22.958369151660232],[89.21868648703104,23.010920793817874],[89.22725194181193,23.02092566157041],[89.25675547666762,23.074412534076973],[89.27481329366371,23.1327667913754],[89.28067673494922,23.19356912813811],[89.27410270849632,23.25429874427152],[89.25536376643672,23.312437854601843],[89.22523680534073,23.365576073565553],[89.18497085691327,23.411510347226425],[89.13623530447032,23.448336289544244],[89.08105067208547,23.474527136190805],[89.07369746838017,23.47713768040271],[89.07389228492983,23.51001829607977],[89.06200375629605,23.56960049041427],[89.03835433531039,23.62556547841421],[89.00391400954248,23.675617840554178],[88.96009535851846,23.717704665300467],[88.9540861395414,23.7214920219821],[88.96307092044917,23.730174352793373],[88.99847484641073,23.783051073192627],[89.00400450896608,23.796997294195364],[89.03357424889606,23.84135581240024],[89.05596267396456,23.895423688048716],[89.06742861473997,23.952809304332956],[89.06753578239734,24.01132908961349],[89.05628009911592,24.06875631615331],[89.04223457557922,24.10303075644886],[89.04533406211611,24.118141453197264],[89.04507712136314,24.179971386171367],[89.03833110088496,24.21152514137296],[89.03909973965877,24.217852501457628],[89.03939124450578,24.287721489465163],[89.02351315728257,24.35576299743203],[89.00827613016438,24.398033065140904],[88.9802235641989,24.45566407929544],[88.9405686900318,24.506020520834923],[88.89112165584471,24.546803741156882],[88.84852378402366,24.574873654747012],[88.79321735442919,24.603569041342173],[88.73317619786513,24.62022094468033],[88.67099024056567,24.624111070781606],[88.61963671148183,24.61658113384671],[88.58850349213706,24.632511512284506],[88.55764810536472,24.644324641190725],[88.54057809320744,24.661962885733246],[88.56394102287118,24.686199268254832],[88.58191349009809,24.709122276914176],[88.58765534636206,24.718112343302547],[88.60460433421811,24.731018936545787],[88.64279865188557,24.773832486350788],[88.67214401406123,24.82313416652264],[88.68427634703856,24.856856057878808],[88.6886576396928,24.862763399375424],[88.70363228124472,24.887179417594712],[88.73667717730797,24.876689612620257],[88.79595431845453,24.870244892573773],[88.84965825012476,24.87513394980858],[88.8830799698833,24.867729090460266],[88.93851334198617,24.865905010231597],[88.99333515031378,24.87431662975862],[89.0456715939784,24.892676441193313],[89.09373382147017,24.920356909034485],[89.1358790733237,24.95641191919368],[89.16197372287068,24.983293209758003],[89.1948691751722,25.023670713105325],[89.22028567842696,25.069128989810295],[89.22727274010833,25.089135749455362],[89.24580037697595,25.1128644770423],[89.27244822942356,25.166086468988336],[89.28806436427826,25.223521865730877],[89.29203408041954,25.28290982596299],[89.2842011170964,25.341912649220454],[89.27670411909492,25.373738123275807],[89.25587048275543,25.43326621779814],[89.22305206557704,25.487123305859882],[89.17969930829813,25.532929122923886],[89.12772822670144,25.56865923792867],[89.11604900882433,25.57348285237907],[89.09747363828107,25.625108323006355],[89.0567175505652,25.6859612694912],[89.02699451665245,25.720367191393244],[88.98676973787613,25.758999354460528],[88.94008922298815,25.789518305632775],[88.88856629044345,25.810869283897393],[88.83398161678613,25.82231438121398],[88.77822169494758,25.82345804524633],[88.72321363543982,25.81426074998891],[88.71397109259478,25.81181436402986],[88.69793891347047,25.839490593988387],[88.65835311030855,25.884219604252134],[88.61069055788826,25.920219621862287],[88.5649294638445,25.942181536668457],[88.53894269405127,25.963054074488156],[88.51589859891311,25.978110188380978],[88.53019190630258,25.98958686492537],[88.53290983071207,25.99226180766129],[88.53760509500624,25.98938586061264],[88.59471207361302,25.968745763816443],[88.6548055179619,25.960028049228345],[88.70880639822586,25.963201065100673],[88.73951674816409,25.94903319702123],[88.79424226954619,25.93540990922397],[88.85055047417754,25.93226940733016],[88.9064515072731,25.939722672372874],[88.92221808966333,25.944961754782334],[88.92852191004282,25.944255601925974],[88.94191623441314,25.927688236985396],[88.98812793595562,25.88949155982989],[89.03058095974367,25.866817878229458],[89.04091494609676,25.853806126088696],[89.09080547536551,25.81308685422738],[89.14823687752443,25.783953401673767],[89.1555902083716,25.78116952074301],[89.19213837036835,25.755032541398872],[89.24769997328087,25.73036489058878],[89.30709371363585,25.717404631280306],[89.34906761925383,25.712626471619718],[89.38265700396026,25.712258231310308],[89.39502956711902,25.708582012875848],[89.4089923120437,25.705868283240946],[89.421578480952,25.697789963054436],[89.47520953249763,25.67649496827569],[89.5319255227575,25.665861862362508],[89.5402820506514,25.66592300280093],[89.54271244092611,25.64816005071044],[89.559960154457,25.5960012444589],[89.56984687159196,25.578020853884656],[89.56806920428012,25.568469758379713],[89.54772631381167,25.52395211063096],[89.5275339523125,25.458972473387657],[89.5157084976852,25.40172780475095],[89.51520826668846,25.343276600884668],[89.52605225027784,25.285837925026133],[89.53972269317768,25.25178470716077],[89.54634811584795,25.21391080901495],[89.56956421175884,25.156027706182545],[89.6042464811467,25.104195468212726],[89.64889609478678,25.060654077506385],[89.70158347462734,25.02728521914432],[89.76003168244974,25.0055309619701],[89.79450921709036,24.9966472684313],[89.84941494847486,24.98782246321993],[89.90500615898914,24.98928322995048],[89.91222211599349,24.990835635798753],[89.92880985162233,24.984677668449127],[89.9570243308691,24.967597956285406],[90.00177056012988,24.945373817615774],[90.04958458103289,24.930883932255508],[90.09914027841684,24.9245301751421],[90.10625754791495,24.924215719965297],[90.18523657778195,24.904632398301295],[90.23286125340117,24.89996908036736],[90.25477647221844,24.88797645189361],[90.29984020865895,24.871977654099645],[90.36704713304107,24.854001147856444],[90.42814560919317,24.8442625814694],[90.48994247280874,24.847264432675328],[90.54980939103905,24.862879027290287],[90.57016825817595,24.87050586567459],[90.61454095646629,24.872175900742068],[90.64355820568512,24.864585845924644],[90.70584992969039,24.861619268859336],[90.77740869665233,24.865669323100764],[90.78279100423478,24.866613021606433],[90.79630670079995,24.86443767599659],[90.84617096680086,24.86056829965954],[90.90576453031117,24.861883621455224],[91.0019270443841,24.873632902217484],[91.04188513278106,24.881294472458727],[91.1002949588962,24.896664183680084],[91.16646959522993,24.894644536956434],[91.2188973839952,24.900224324048718],[91.22786254680736,24.896409652728924],[91.28540534321777,24.878503405796422],[91.3300971910166,24.873998397324886],[91.33430322315546,24.872039489290643],[91.39553603199626,24.850992592032085],[91.4610198633937,24.83641626715776],[91.52810552413705,24.836756184735826],[91.54560759362862,24.840838621713868],[91.55134198391637,24.838374117114952],[91.60928648043102,24.826134093708518],[91.66850641183113,24.825515567804807],[91.72669392287524,24.836542643927668],[91.77357940863166,24.850337746861975],[91.82011755601238,24.870355643748645],[91.83594329550384,24.87083072129769],[91.9232187310094,24.87947234411414],[91.94412248685776,24.875142148072335],[91.94348184627944,24.868275813314046],[91.9434246346666,24.81315703606002],[91.95345250440852,24.758958099653608],[91.96039680040255,24.74089029758779],[91.93648006749844,24.716836504805407],[91.91283980794235,24.68123862267481],[91.90031163398132,24.67812864730521],[91.8470881587816,24.653091823355947],[91.79977272637598,24.618151435234626],[91.78588363139139,24.60561487204987],[91.78002677222918,24.602456049493785],[91.73257544562863,24.570689134159544],[91.7038040923108,24.542194366501764],[91.70367904233225,24.542188387513175],[91.64796247317226,24.528598773266424],[91.59584995703418,24.504655102785573],[91.59430910877833,24.503550062523093],[91.55795684605927,24.49384840128415],[91.5053889503635,24.468044846106295],[91.45883529207973,24.43252071320912],[91.43607636255591,24.406752627464545],[91.39636086295143,24.407636137096674],[91.35775766265489,24.405266089355653],[91.2969948253887,24.395201272260092],[91.23956795608132,24.372939699598717],[91.1878975481012,24.33941967759732],[91.14416146490098,24.296054046481103],[91.11020314493767,24.24467063046898],[91.10148997569047,24.22274893263141],[91.05840027558608,24.184298088671255],[91.02166159259603,24.13449480283363],[90.96095932067718,24.0314219113094],[90.93485116205426,23.97403541203031],[90.92403837793931,23.924856304312943],[90.91946633864751,23.91932912453824],[90.8925964564958,23.87084572005079],[90.87510526601727,23.818246391792872],[90.86134026862929,23.759062008585683],[90.85361428966299,23.69771590496963],[90.85862866437027,23.636088871728088],[90.86345964492413,23.619760399162015],[90.86137240693483,23.576605081324114],[90.87219748730381,23.51275872595368],[90.8964716429765,23.452722863126027],[90.93306382251231,23.39929485683812],[90.94210578813959,23.388746427753844],[90.95585405261089,23.355081183946744],[90.98983748606825,23.30446618109292],[90.99705247485755,23.297386280928674],[91.00071117037612,23.283344399853345],[91.01947412379832,23.23028780770965],[91.02409697635323,23.20649739505611],[91.02475545565335,23.164116667840066],[91.02897482781994,23.118426149142955],[91.0401127352777,23.073913526014753],[91.06224844379057,23.007502838033997],[91.08150302811258,22.96240819278645],[91.10784624176955,22.92105240550536],[91.14057435038175,22.884540257470995],[91.18941728131192,22.83828620934823],[91.23844948439289,22.80062684785804],[91.29416017483993,22.773818203417584],[91.35418326735655,22.758998864310744],[91.36039227799797,22.758777717837834],[91.3690110615303,22.750638694448494],[91.42076144075212,22.7114319008676],[91.47973511994356,22.684277166931825],[91.54316998531677,22.670446322142695],[91.60809497726208,22.67058715323514],[91.7455642999382,22.68585216722845],[91.80792551439298,22.699615999472677],[91.8659604623116,22.726267621682275],[91.91703928090715,22.764599311407686],[91.93403783816791,22.78044853363721],[91.95185063312056,22.78969801607081],[92.00383464287478,22.834147240007667],[92.05485666749532,22.889011009951933],[92.07640974546639,22.91759981643268],[92.07655788776924,22.914541366459286],[92.0842037732976,22.860248789314397],[92.10160301826743,22.808254464883486],[92.12817446015488,22.760295086503774],[92.16303057043464,22.717972573880928],[92.17840239465806,22.70505594853117],[92.18015510853918,22.700657048689852],[92.1815119047387,22.690906227476813],[92.19948568407854,22.637695120514643],[92.2270626944414,22.588766732565077],[92.22990898353447,22.585392501617438],[92.2277637541074,22.546754209268837],[92.23440296207667,22.49343484221491],[92.28665542505952,22.25248329131858],[92.29077682161193,22.210760340817167],[92.27689244482421,22.150992895595373],[92.27621404994602,22.08576833632856],[92.28964921547691,22.02193887856556],[92.29582158840465,22.003085204893182],[92.30020495796013,21.969973961644577],[92.31470916013959,21.909510582673313],[92.34136613829214,21.853335876681566],[92.37903077022067,21.80386297926112],[92.42608507035223,21.763217131790388],[92.46310905483718,21.737415363407155],[92.51229664711028,21.70962115421106],[92.56582305953233,21.691541871269422],[92.62178992596711,21.683818713888353],[92.67821232720958,21.686725591335705],[92.73308918807092,21.700159408383186],[92.77128224853689,21.717614633861455],[92.81268544557977,21.697981905009108],[92.86657421120414,21.683831102830926],[92.92215034149048,21.679889275183854],[92.95319554488258,21.683480928646457],[92.98920242904231,21.67860917647912],[93.04660281844743,21.681911127166682],[93.10231913746883,21.69610265199339],[93.15430492101494,21.720662495056764],[93.2006507268765,21.754688571252007],[93.23965426969973,21.79693109993388],[93.2698829460708,21.8458385094651],[93.29022645415994,21.899614426573308],[93.29252762131392,21.91304288368135],[93.29420020108002,21.914777883142296],[93.30472953514169,21.931053098742684],[93.33160618081891,21.949600563583168],[93.3755918426052,21.98665281395978],[93.41169880863134,22.031417696458632],[93.42995800985578,22.065920054077594],[93.44067818356626,22.077897732493902],[93.46993363403256,22.126688054630897],[93.48945262182728,22.180123866889033],[93.49853324915571,22.23628363116507],[93.49684897898817,22.293147856739854],[93.48359880815646,22.398965730648854],[93.48407187471079,22.4539732047694],[93.47351154197467,22.510702869101927],[93.45228534225157,22.564361269078933],[93.43702591987073,22.58820294481569],[93.43502567669015,22.628326917518947],[93.43039413107017,22.65909021202649],[93.41787870544741,22.71067545592642],[93.4090509720246,22.730701460540732],[93.4451799987059,22.747760969000307],[93.48838321145791,22.778479068087986],[93.51437428525264,22.800663512914788],[93.56312655361758,22.85363132676585],[93.59785673399638,22.91668834497749],[93.6071239669787,22.939678879639605],[93.61895588392386,22.955898576458367],[93.64853332824555,23.006024351466923],[93.66787535845488,23.06091792486302],[93.67625397953414,23.11851321322606],[93.68097301926615,23.218195743862367],[93.6755243015041,23.280090131858092],[93.68218674060446,23.30143503620659],[93.6888672139091,23.35320515204264],[93.69154840919062,23.418209750134118],[93.69618801188106,23.427131679978768],[93.71233584022443,23.480706466872213],[93.72205343408237,23.528804773797695],[93.72797428104809,23.591735421953945],[93.72290437554852,23.63476693289621],[93.72376288789022,23.640827340734692],[93.75672906089655,23.630282227007292],[93.81523883653529,23.6236429003337],[93.87391839840235,23.628560574892166],[93.89507071192516,23.63464784411139],[93.89581247347644,23.634055890412764],[93.91942757519915,23.622243930929628],[93.96313003069439,23.58550808045698],[94.01438599262634,23.55726531106609],[94.07014986101683,23.539510913341427],[94.12829961765813,23.532920506753552],[94.18662245260849,23.537744880266345],[94.24289896966633,23.5538004489039],[94.29498764247579,23.580476239827224],[94.31878035910724,23.595759899145968],[94.36776063428175,23.635030450437217],[94.40749562668358,23.683634708827974],[94.43624527761598,23.739444216316876],[94.45275059400738,23.80001498555179],[94.45597569726324,23.819846596464192],[94.49088877746969,23.875074116466532],[94.5191090251958,23.93247556843988],[94.53631000039208,23.97958025750308],[94.55393277317161,24.063873290208043],[94.55394651775275,24.06409442867952],[94.56725164586906,24.099729895978317],[94.56913399643697,24.107163115196485],[94.59731588283628,24.157954414817944],[94.60277179375846,24.175315314172902],[94.61315788861795,24.19014131455194],[94.67099011417095,24.294944862647352],[94.69305428349395,24.34538592303928],[94.69448896179438,24.351552993436826],[94.70992511767892,24.385013972828823],[94.7434638988118,24.416364381710142],[94.78155252031038,24.473173896235846],[94.78802143300975,24.48571000332726],[94.8144382504833,24.511255955267423],[94.85772203004124,24.562545392271822],[94.88932525658865,24.607887853182376],[94.91207417803965,24.65825837295782],[94.92519667004373,24.711947318684423],[94.92522689774077,24.712494122698374],[94.96198116055392,24.766752459232325],[94.99213517833124,24.823559260437733],[95.00948821855661,24.885487843872546],[95.01020489589307,24.897743325723432],[95.02646272520107,24.93856022367194],[95.03714348315543,24.992428955686062],[95.04304856226885,25.048961028632146],[95.04138719250244,25.124400551363404],[95.0331919843363,25.179325042632478],[95.01946397011703,25.234642808177878],[95.00379178364237,25.26849975506681],[95.0229340845646,25.28507705217151],[95.0586971739677,25.330861013652516],[95.06696157188917,25.347164156405636],[95.09111988737702,25.36470855702677],[95.13637372292935,25.405162235922685],[95.17255821420696,25.453897155224873],[95.18490269682187,25.4803936423858],[95.18540184888717,25.480975357169385],[95.21613029555422,25.498864842043712],[95.25968365523842,25.537121746387445],[95.29506601477524,25.583040963534028],[95.32095624172841,25.634907928146006],[95.33638762785529,25.690785993537993],[95.3451696029886,25.74113676178222],[95.3479478294068,25.787258405407005],[95.37961549964099,25.82166995907511],[95.42137782897312,25.879604466826486],[95.44819613526184,25.92808569890012],[95.47094934290745,25.98043760063515],[95.48337456034805,26.036151549023252],[95.48502193533724,26.09321043289845],[95.47583182502827,26.149548448003234],[95.45613695533011,26.203125888974327],[95.44065217390629,26.22879354211552],[95.43988822827538,26.25130585765144],[95.42740697837401,26.30416456934684],[95.42640465622537,26.320775813683262],[95.42738640118766,26.324221603038716],[95.43198341406423,26.380736581811874],[95.46070850873014,26.397098345853426],[95.51052219407667,26.410869382599934],[95.5770871073287,26.438227340960786],[95.63522109249762,26.480651217849893],[95.67851158606402,26.521033647003147],[95.68041411471667,26.523171063009087],[95.72397456589246,26.537635009626637],[95.77727111557626,26.568607089614442],[95.8153368402514,26.602828355576083],[95.84588163351361,26.61373897262076],[95.90021330970575,26.639549637571598],[95.94830384491407,26.67568026012959],[95.98821993472073,26.720678340506396],[96.00199963643206,26.744480466080713],[96.01363325645403,26.748643055494117],[96.08389136169926,26.78509379628112],[96.12740594845263,26.81265084092829],[96.16556545063459,26.847245094254955],[96.19724504909189,26.887856829154956],[96.21644618902828,26.92380641292501],[96.2284570618918,26.936549187521546],[96.24182403821179,26.954243134315472],[96.25471032224002,26.957307296925258],[96.29328328348315,26.972713412466096],[96.33733087626975,26.978718283558262],[96.35827588966977,26.985365838392344],[96.42052087660352,26.98802700208971],[96.45803714105374,26.99496233129888],[96.48733719146936,26.988496585766594],[96.54478676510656,26.987040589604835],[96.60145990365278,26.99656575644012],[96.62308745713096,27.0046662033139],[96.6242140866936,27.002965704393993],[96.66585226435832,26.961072013720774],[96.71489167265318,26.928148532866626],[96.75944731034659,26.904231389317424],[96.81151479721025,26.882318442967392],[96.86252664552036,26.871457691321098],[96.87452725563551,26.861180105770234],[96.93031962012725,26.830966575505695],[96.99121833508366,26.813162310194176],[97.08494796522882,26.796252841415374],[97.14058282651484,26.79149625486042],[97.19613549348153,26.797132219627812],[97.24968145946595,26.812965489434344],[97.29936573578911,26.838447553562137],[97.34346711398263,26.872695638872166],[97.3804577934779,26.91452329164456],[97.4090563090809,26.962481479801284],[97.43366131023998,27.014139541580125],[97.45421190901673,27.071814959712075],[97.46262492568724,27.13246149396821],[97.45854993184292,27.193553026867193],[97.44215666369898,27.252544905344987],[97.41412795205095,27.30697993349902],[97.3756312802405,27.354590722468508],[97.35289459069745,27.37747475767992],[97.33945968407946,27.402786671179125],[97.3059600895417,27.445210495774518],[97.26180334828834,27.49179894669297],[97.28966714547659,27.5123260399057],[97.33095262142248,27.558564275041732],[97.34483492208471,27.582705071558106],[97.35010392336565,27.586311747772804],[97.39854616648272,27.591042140022477],[97.45597231704681,27.608675264296288],[97.50873403517355,27.63739617898548],[97.54379227135652,27.66131831673463],[97.58869142749097,27.69886791568965],[97.62544488609336,27.7444210701801],[97.65265360364681,27.79624377073077],[97.66928186320541,27.852363353652596],[97.67469669961115,27.910643591726643],[97.67465035341053,27.919797236014904],[97.68829340326457,27.96270549119591],[97.69489672476563,28.020413666438515],[97.69025554123769,28.078312688538528],[97.6745438371064,28.134232092129487],[97.66545249789449,28.15222632030749],[97.66710509410346,28.16048966686086],[97.66980580713995,28.18576507077453],[97.67031877999902,28.244278249424262],[97.6594633220869,28.301777938557056],[97.63765242992909,28.356076559166883],[97.605715900182,28.405108317085222],[97.56486875997106,28.447007796239948],[97.5166650411133,28.480180928517914],[97.42431086372048,28.531244178324457],[97.37588679873927,28.55267753956484],[97.36240363722837,28.555976379456496],[97.34295667968372,28.566850770008802],[97.322269106836,28.573802172808698],[97.28208778029922,28.603874370545313],[97.23674022108685,28.627053307046356],[97.20344784637699,28.64064255461355],[97.15301905306562,28.656212216910397],[97.10064215716487,28.662703623128046],[97.04793821055458,28.659915865861223],[97.01750804786572,28.652822984761613],[97.00423318073064,28.659581052104635],[96.94453159531017,28.67574179905577],[96.90219765812958,28.67819238560425],[96.90350804937728,28.68187301878955],[96.91212737431562,28.738133660699226],[96.90996573838457,28.79500966548669],[96.90482988395401,28.833399355442825],[96.89253041404648,28.887137602419138],[96.87060546772764,28.93771796300513],[96.839795395902,28.98343246422949],[96.82421281764461,29.002504295726514],[96.8189660540291,29.021416316532992],[96.82282161954247,29.038549658459274],[96.82442393714108,29.096555506736685],[96.81482900290614,29.153784722117432],[96.79439580019921,29.208096139731104],[96.76388881365523,29.257457760734404],[96.7244494268744,29.30002277719653],[96.68138782183006,29.331404178523307],[96.67410392229189,29.35957406684917],[96.64510352485011,29.416975826598517],[96.62737559611152,29.44431950233017],[96.59079643669035,29.490192981368764],[96.54598819432876,29.528069522915313],[96.49466473997825,29.556500386718476],[96.43878914500488,29.5743981203581],[96.38624761594664,29.580419321819775],[96.35566602022007,29.616894631949116],[96.28652891093981,29.68127542140766],[96.24169190243843,29.715743784853622],[96.19118271577264,29.741184843643598],[96.1367963494543,29.75669447190101],[96.08046558943887,29.76172148752455],[96.02419232166187,29.756087240130807],[95.99918617242272,29.751169367551874],[95.93343709537928,29.730144990846945],[95.8742340279446,29.69464904242717],[95.86605370420948,29.688360320244207],[95.85250273720375,29.688478279902817],[95.78904191419629,29.67509064934771],[95.73371746084938,29.650083345317825],[95.71111890978861,29.64711496273],[95.65547379089506,29.628255951476465],[95.60457156285374,29.598913069161217],[95.5603646324069,29.56021179188764],[95.5559425633994,29.555499411081662],[95.52749395071623,29.551467822480813],[95.46905261856814,29.530240511227092],[95.4162422926195,29.497421956726587],[95.3796584196656,29.462394573770027],[95.36925220750899,29.456215041436295],[95.32642674223939,29.41810028019627],[95.31374079627955,29.40148663662659],[95.30702962782041,29.40344812681327],[95.24715490477307,29.40847330688325],[95.23800538167099,29.408321610521412],[95.19680698716867,29.426663823521984],[95.14417798166188,29.439437087382547],[95.08559528196095,29.448154156333846],[95.03729596349997,29.450854623853164],[95.03448571267124,29.451726135884382],[94.99627749882517,29.456955751358066],[94.97903957824872,29.46363154806404],[94.9625885936114,29.48133457763698],[94.87359675463149,29.556643206635144],[94.83719997750951,29.583031043017705],[94.79726867287643,29.603683747540817],[94.74830208166085,29.624520553297078],[94.69041916153003,29.642497571774943],[94.63010417443502,29.648473186216496],[94.56981904789295,29.64220348494515],[94.51202449057766,29.623944383626768],[94.45907955150578,29.594441179344862],[94.41314532875046,29.554898129183172],[94.38791599861561,29.52223231965961],[94.3748404682119,29.520814635066277],[94.32337068541305,29.505616140666355],[94.27543241135561,29.481490331793317],[94.21649186955794,29.44487963950672],[94.19631577130454,29.429834264907264],[94.17015239901707,29.42075365670239],[94.11246208155534,29.3844415033862],[94.02947124738814,29.317926673002514],[93.9954859669506,29.28605128004581],[93.96684636180454,29.24929787231753],[93.93707819204035,29.204277175610628],[93.91031756698267,29.15065648610437],[93.86148875770094,29.10990685862571],[93.85682670447017,29.104904483200528],[93.8441745585102,29.09906196393972],[93.7951450671724,29.06285139031854],[93.75444643080694,29.017478296300055],[93.73703974581879,28.987607052036118],[93.70816346844437,28.98771794464914],[93.65593627895589,28.978584785285285],[93.60080445519652,28.963823759411078],[93.5753743510939,28.973497639646443],[93.51526124350534,28.983209778878187],[93.45442528929397,28.980583369237152],[93.42523003761157,28.973238257084247],[93.39502418563212,28.971073143866914],[93.33428079038104,28.953421660871037],[93.29584655300363,28.932720979420328],[93.26420317162258,28.925086092661964],[93.21006164353095,28.906398418747447],[93.16045840916871,28.877761844908406],[93.11720152528889,28.840220185149672],[93.08470926113796,28.806062056793053],[93.05058241088258,28.762854730320946],[93.02492672643032,28.71413819488885],[93.01563346273997,28.68419493024671],[92.99058728599407,28.656935729686733],[92.95183255787539,28.60496841204621],[92.94145577847216,28.587545290105044],[92.93667816489622,28.586599651265885],[92.88184960806784,28.563829356842877],[92.8325787109773,28.53070782831702],[92.83046568286194,28.528574977467674],[92.82810663433602,28.527634430369563],[92.77653608582659,28.500855250781658],[92.77529047861908,28.500051665374766],[92.72571710932877,28.49213702458286],[92.6710916834875,28.472033017129046],[92.62137674086112,28.44175872533389],[92.5966009900828,28.419076638976417],[92.52050820132013,28.37046966573473],[92.4790320933848,28.33855936607682],[92.443732121814,28.299927167578414],[92.41568239992938,28.25574857710841],[92.39573642926668,28.207367868059837],[92.37841043912556,28.152085098039493],[92.37451040072652,28.13281716466995],[92.34456306458436,28.144003118083706],[92.28332718660579,28.15329853695857],[92.21631943129856,28.15646591775672],[92.14566418864975,28.151433899841358],[92.07815827595756,28.12997612107327],[92.03399576349035,28.109930449480665],[91.97452927114101,28.074118271876888],[91.97093612025729,28.071341055859605],[91.92478677410938,28.092143885639445],[91.86485295586402,28.105451392571347],[91.83879073703555,28.105802956940092],[91.83785923583517,28.10655271695654],[91.78990129864839,28.132486986504396],[91.73804162976246,28.1493132998034],[91.68399306765184,28.156475911754885],[91.58452008658546,28.160532683396806],[91.52809331381376,28.157507606447766],[91.47323479946533,28.14395492481424],[91.42189088204404,28.120355477367045],[91.39795937120962,28.10648885784687],[91.34935683212838,28.07140614925989],[91.30869910633362,28.02736125647832],[91.27760934205638,27.976112551088548],[91.2573287128966,27.91970599714465],[91.24866686737008,27.860393471662952],[91.25196960591126,27.800542864606125],[91.26710507573902,27.742543547368463],[91.27560389032604,27.725189819198935],[91.26782012644972,27.701944782214277],[91.26019386376655,27.64695918543769],[91.26282904570934,27.591509825193242],[91.2647572878674,27.583376926924238],[91.2642015245819,27.575556346060342],[91.27181701572239,27.51643078964422],[91.29097304830243,27.459978388963485],[91.32091320867511,27.40842827816162],[91.35321037850925,27.36372945712556],[91.3879911777196,27.32361514719719],[91.44663577853012,27.266989264733088],[91.4962014512388,27.2282911491208],[91.55274511755472,27.200775447011605],[91.61378243721923,27.18565110665644],[91.63808982164787,27.184851112566513],[91.67021107218034,27.176860260752065],[91.70749852864083,27.171162087801758],[91.70087794218735,27.16789703149231],[91.6541218681252,27.13198178289142],[91.6428390273169,27.119090016475834],[91.6248379302046,27.121028272998384],[91.55885011379729,27.113432419898825],[91.54158690492625,27.107394223734012],[91.49725017653923,27.126468934051697],[91.43593659622908,27.138736915989437],[91.37341174852074,27.13802844558103],[91.31239189239172,27.124374300815983],[91.27669287803211,27.10804741967772],[91.23394938163607,27.111948156378624],[91.17828392692071,27.111423964915588],[91.16364222981034,27.11472723504191],[91.10532470763424,27.121983435513553],[91.04671151185272,27.11773148086639],[90.99005181694216,27.102134532104355],[90.96517042359237,27.089657152924385],[90.79783068466229,27.075747021273443],[90.75321120277279,27.073780758986334],[90.74866827748313,27.07544299272699],[90.67123739036725,27.094833416598117],[90.58716792062316,27.152207733833148],[90.52956437259105,27.182921181367117],[90.46668100669166,27.200447358887402],[90.40149533954398,27.203956404886313],[90.34013973819037,27.200563901610654],[90.28168481187166,27.191490706631285],[90.22614664537046,27.17112373975485],[90.20224954983,27.15650530374592],[90.1528510694506,27.148506193852864],[90.09566752532241,27.12665889631573],[90.04410910578326,27.093659025052887],[90.00032250986604,27.050880570818084],[89.98117463744502,27.02790792529968],[89.93621442734045,27.026099342101517],[89.90357409372513,27.034131898499925],[89.84159473291999,27.036253003832773],[89.80017685592917,27.029020515351082],[89.76949975927992,27.047888514437474],[89.71031529881164,27.068933920119886],[89.57237351978829,27.102217613441905],[89.55916528476835,27.104267242273473],[89.54613287688204,27.111324390479677],[89.5076629981783,27.12355969394138],[89.45807538043252,27.143958732967867],[89.4045963253413,27.15523643523287],[89.34995870715805,27.156624448593398],[89.2959760066508,27.14807670340698],[89.25509598072388,27.137714182636657],[89.22016221959815,27.15932753634211],[89.18602953152954,27.175862391028044],[89.19766723652947,27.213175080215816],[89.20941474624843,27.27113030369295],[89.21537128784355,27.334434608130437],[89.20785247349151,27.397572415970334],[89.18719605796944,27.457707495964197],[89.1543299539368,27.512138503246845],[89.12204547246348,27.546409261926854],[89.12436782890104,27.55066727548673],[89.14192580199291,27.60690998571545],[89.14525511760468,27.638236789795737],[89.15219176340264,27.65498150282878],[89.16366307667163,27.711773939284814],[89.16379875986708,27.73487905196652],[89.17184766169353,27.757080915351008],[89.18053790227586,27.818592621748497],[89.18277626231705,27.87968003530683],[89.17927282118964,27.93766582976209],[89.1646595335659,27.993889297132633],[89.13948433707978,28.046242290745475],[89.13650139810778,28.051160396391627],[89.12919370202916,28.085587833454756],[89.10328588359175,28.143460746237658],[89.06579334931637,28.19459585124167],[89.01468870035093,28.2507289063058],[88.97175199096183,28.28958788652229],[88.93498431020052,28.316901332322534],[88.88006941048491,28.349260528641967],[88.81955766471853,28.369287820558796],[88.7561806832348,28.376079139666842],[88.72909128976876,28.37608770788587],[88.69181298247254,28.38928902739645],[88.63434205603563,28.39776358408254],[88.5763153075052,28.395002795875026],[88.52316084230029,28.387267275825636],[88.46303380081218,28.37203748724758],[88.40732380938526,28.34476837590423],[88.39722412385444,28.33689231803094],[88.39148002645325,28.335378061884725],[88.33974033898161,28.31041429377905],[88.30600271846885,28.285225629917626],[88.24621369222106,28.270379768291058],[88.2454137549749,28.270076599727037],[88.20441036678366,28.2694151114529],[88.17299920516751,28.26288905971219],[88.17154037092973,28.263163450272437],[88.11341709371217,28.262690420828353],[88.05647598944736,28.251017813730076],[88.00285458866648,28.22858381075109],[87.95456580247779,28.196230569185712],[87.91342235924549,28.155172607834036],[87.88096875599331,28.106951214787834],[87.85529297289698,28.05942873801483],[87.83371423862874,28.00890738630656],[87.82171005145784,27.955298168429266],[87.81968295829648,27.900398809194716],[87.82770093543336,27.846050296853697],[87.84549510902532,27.794075147626124],[87.85340526614065,27.780040305808058],[87.85319931658175,27.779605676943678],[87.83692127753375,27.76025132921048],[87.81000791508815,27.713002552300544],[87.78829224532744,27.665278105956624],[87.77105439772446,27.61670391692001],[87.75466895177061,27.553846894327478],[87.74525838452054,27.491375457656513],[87.7490487737587,27.42978551636114],[87.74231925793833,27.376185479950998],[87.74353518955539,27.362759479478438],[87.74134236273683,27.356456073785463],[87.72337594745997,27.28282727724667],[87.7158689206634,27.23671991783392],[87.71430499138835,27.218025593753755],[87.70264737281111,27.18865712618657],[87.69218940360295,27.125534906013808],[87.69535494898251,27.061630578132615],[87.71200001941209,26.99985092590074],[87.74136748911764,26.943006088645358],[87.78951394632658,26.87010877319053],[87.82562298518376,26.82541971723039],[87.85641288411347,26.799518099176243],[87.86253038426443,26.779670619826163],[87.86532997204151,26.774641293366752],[87.82607006359434,26.768513046336572],[87.8188119767774,26.766668569557545],[87.77992740334784,26.768709329606246],[87.72465223714048,26.761272142479726],[87.67170897155825,26.743731721130825],[87.62292747630774,26.716694312365707],[87.61810623794557,26.712696621888767],[87.61580612247253,26.713725343130033],[87.56881754071338,26.726143779280562],[87.51662224177163,26.735495493589866],[87.45314899926043,26.74001163945347],[87.39015111187835,26.73103866482187],[87.34522371945353,26.714435273459852],[87.34148924064604,26.713725709737098],[87.31999443604506,26.753480685555147],[87.28417018957022,26.797353778511976],[87.24073803329753,26.83371134612306],[87.1912461908507,26.861257352227515],[87.13745889514446,26.87900986590022],[87.08129349887353,26.886336064288095],[87.0530171505219,26.88733080133496],[86.99474679872021,26.883696111968508],[86.93828390510909,26.868843956874326],[86.88576693582654,26.84333684407696],[86.83918490973606,26.8081408256773],[86.82758690110475,26.7951501218914],[86.81707318281983,26.791936074231803],[86.76363678374344,26.762743913239618],[86.75683103707793,26.7569728513095],[86.74775540047683,26.75665569785959],[86.74773919518893,26.75667472249251],[86.69530418582121,26.796200843383915],[86.63552571659054,26.823372134419685],[86.59344829817667,26.832221843548343],[86.53964666980804,26.85591876674754],[86.49267965044567,26.86956401340658],[86.41825762641614,26.89913590150357],[86.3491036871483,26.917437189246197],[86.27758292564333,26.91884613319358],[86.22300774517217,26.913380745063577],[86.21996045251699,26.91279315412516],[86.13726367287732,26.945380954764723],[86.07595315943979,26.96229486788958],[86.01245485846032,26.96590392426057],[85.98613275781558,26.961774135236595],[85.94750240025269,27.01769377278753],[85.89715743412748,27.06355009565988],[85.83776761870055,27.09687077670152],[85.80819146963098,27.10928986726434],[85.79910561363285,27.117346937430074],[85.74577530342202,27.1478979138963],[85.6873381057284,27.166939396925176],[85.62624674930832,27.173672176512937],[85.56506536339059,27.167813664124257],[85.50636185592624,27.149609753511264],[85.46493197956326,27.12665663172421],[85.43460728413194,27.11765185632173],[85.3898915180873,27.0957886830751],[85.38777630983894,27.094275857589036],[85.36263392973667,27.11592852382063],[85.31040688891648,27.145213414041816],[85.25340431052952,27.163543025203612],[85.19389696739508,27.170187173093456],[85.17618089407001,27.1703861412503],[85.16880922180708,27.17858284258808],[85.12407772146425,27.21263546652124],[85.07377844178974,27.23774464380527],[85.01967771929357,27.25302862708993],[85.01205507655824,27.25442753025051],[84.99237541858616,27.270376708778578],[84.98385639319062,27.2749970890117],[84.97372100755229,27.318808370633626],[84.9479723228498,27.374586203954948],[84.87822719246269,27.49225489230392],[84.84647543291942,27.536212586402154],[84.80732938933326,27.57373645048994],[84.76206802954191,27.603600516093373],[84.71217011916663,27.624829073385595],[84.6592659078238,27.636728549286662],[84.56446406106085,27.64919432995318],[84.48026294955876,27.665790813727686],[84.4645389524744,27.667342917496565],[84.45397518227458,27.67863423311981],[84.40007271904808,27.71554834134279],[84.33945740324224,27.73991861868097],[84.31521499973202,27.746710699515482],[84.26916731696645,27.777083863856287],[84.21550528842214,27.799106921382663],[84.15860808776674,27.81039128790807],[84.10060280317265,27.810515100101934],[84.04365794826401,27.799473729275142],[83.98990239275604,27.77767995442248],[83.9254566667751,27.743964804172016],[83.9195968327202,27.740137906108117],[83.85538273086509,27.737057821416162],[83.81819578841247,27.732938371106023],[83.7808216487146,27.726417957401818],[83.77639512237715,27.725169581492906],[83.74024187836473,27.741801928661832],[83.68557414747302,27.760806529064865],[83.62827443651426,27.768959979952047],[83.40157523837593,27.779107955274746],[83.34521868280801,27.77631898986692],[83.29038119990372,27.763026505063596],[83.25195823519174,27.745582524293347],[83.22685060509139,27.751436595629706],[83.20063101066816,27.75483011801041],[83.14215199435739,27.756646137776197],[83.09108925382098,27.75323914380136],[83.08814894519136,27.755508812565207],[83.03493865863173,27.781818228188044],[82.99935591157671,27.79132223887905],[82.99842858305877,27.796864441848342],[82.97659775130433,27.85343971132604],[82.94383551476133,27.904468940090204],[82.90148051887827,27.947867104283077],[82.85126336353,27.98186098079475],[82.79523589173871,28.00506160010205],[82.73568735259175,28.016520998734975],[82.67505086388893,28.015770952498816],[82.57101841712267,28.00390067680312],[82.52853903361205,27.994940656781953],[82.49600940927101,28.014599032760344],[82.45716207397504,28.032966990201235],[82.38338116987126,28.086423885078574],[82.32604436913876,28.119014234362922],[82.27366304187196,28.141576774378347],[82.25039175906532,28.162996548145845],[82.19991443331985,28.1937161197696],[82.1443949322095,28.21394573893606],[82.0859871980074,28.222900574531465],[81.98393524628676,28.228364314147264],[81.93068944831836,28.226477127312062],[81.89124245739161,28.217934775729326],[81.88628686382249,28.221901890693935],[81.83814732105719,28.253376660694993],[81.78488595509351,28.275086189016793],[81.74089478681498,28.283776228209053],[81.7270284479664,28.291865504520413],[81.71620901008694,28.30839740847389],[81.67134107654822,28.352822210952535],[81.60161037490123,28.40863715074803],[81.5518874838339,28.44093245153868],[81.49972052447623,28.46165193791614],[81.4830699949651,28.493091871689487],[81.45979855721833,28.52779614666485],[81.42097112193346,28.57462487937617],[81.37349526655827,28.61265832642668],[81.31932303998032,28.640332679277954],[81.26068182354517,28.656510060807605],[81.20201602765061,28.666436438550093],[81.13615645257316,28.691380976560257],[81.1106668800421,28.71943508486895],[81.06604986426346,28.75311738692378],[81.01595829292552,28.777936936669875],[80.96293166571917,28.79280751569781],[80.94041256395901,28.811885991276416],[80.89179226612605,28.839482487867443],[80.85762868620617,28.85117003588607],[80.82904167937217,28.87626893826579],[80.78407115479591,28.9035318424806],[80.73503086758414,28.922523005085246],[80.72864134441936,28.923778030524183],[80.71509905398824,28.933540556220592],[80.66130788894573,28.964414754940066],[80.60231755304358,28.98356797538346],[80.54064936244258,28.990181586439483],[80.52933146609277,28.989042892684076],[80.53525856880232,28.997904841000732],[80.55734510226108,29.05010276314238],[80.55969988501634,29.061092674775104],[80.579259382499,29.101131271964114],[80.59433942919671,29.159178812982383],[80.59662329383075,29.201494003488914],[80.60206509516271,29.21772463263612],[80.61581893754384,29.2802072116178],[80.61601085854275,29.3441853643168],[80.61091085230503,29.368034912461653],[80.6463219712339,29.41370511394438],[80.67539025515296,29.4590975819344],[80.69586647818424,29.508959045717535],[80.70708961295378,29.5616798435697],[80.7111626134331,29.595518365334126],[80.74613595949562,29.619287390442626],[80.78809282306779,29.662270692307562],[80.80414909454215,29.687169285801165],[80.85087839498412,29.714023409387277],[80.92596173609932,29.768203522551474],[80.97474048311543,29.81228657972035],[81.0110630671803,29.863562627392348],[81.0326135752621,29.87651259331931],[81.05568039139251,29.893833669577194],[81.10628356315881,29.907772438667063],[81.15554355851926,29.927409482787272],[81.20508364039368,29.952710092611728],[81.24910098858138,29.986722055626796],[81.28608221790162,30.028275987421257],[81.31475585592996,30.07594319891757],[81.33413605820607,30.128084816933814],[81.34355650310607,30.18290813120339],[81.34269330102066,30.238528230554024],[81.33157613018572,30.293032809097866],[81.31924295034257,30.333759040209404],[81.2994076410807,30.383033952336728],[81.27119298668326,30.428038282527304],[81.23548350291556,30.46736116680241],[81.19339866481772,30.499769851764146],[81.16088558490505,30.520499052173335],[81.11508764130974,30.544421262679656],[81.06586411752949,30.560130129593624],[81.06270681739966,30.56056370696092],[81.0583686452238,30.563576726195016],[81.01278331352594,30.58498088242816],[80.96425988170645,30.598458157171773],[80.96168035770124,30.59894592677682],[80.90788598222346,30.64407690715124],[80.86525598466775,30.673946850124743],[80.81810448637535,30.695998298912105],[80.80502058430736,30.699531119509714],[80.77850028085545,30.717975633955845],[80.72904740484749,30.745829554445766],[80.6752334678982,30.76387084104446],[80.61898466683253,30.771453730387748],[80.59625594732368,30.770191594762373],[80.59130865464958,30.772408704933923],[80.56684118820293,30.777591880949306],[80.56163503996147,30.780468318808126],[80.54491211222972,30.787326899932925],[80.53779901192648,30.826385311717555],[80.5165938633328,30.88042389228373],[80.48537825399261,30.92936684121417],[80.44532097488461,30.971381611318858],[80.40288941445948,31.001382771271757],[80.38263566681046,31.02440004398924],[80.33584300521011,31.06016072142237],[80.28296570788939,31.086090832455252],[80.2260415361791,31.101191094215203],[80.20212664907095,31.102691838050564],[80.17250135901381,31.119041865517435],[80.11308038642906,31.145519366587866],[80.11209398687177,31.146924489517822],[80.07572690383658,31.1833961247196],[80.0492106551638,31.20577066359281],[79.9981705207107,31.240523740490033],[79.94109636890353,31.264090939608906],[79.8804061599314,31.27547383088199],[79.85528398662578,31.274951466613192],[79.82850475889563,31.28218824455091],[79.77722013237491,31.28692222115077],[79.72588154021551,31.282814617602565],[79.6610250935811,31.271962889623893],[79.65800219454479,31.273994756815014],[79.63898132359569,31.301585190993904],[79.5977821125498,31.341915734410147],[79.55332790899206,31.371185078915918],[79.52680627259953,31.40955001387043],[79.5202022318721,31.416170849879414],[79.51287493411088,31.442676442023284],[79.48519602345472,31.49680352023669],[79.44717327950266,31.544239093737904],[79.40062749167545,31.58282021765213],[79.38541779566171,31.604726623121234],[79.34899783726775,31.647867003037966],[79.30514010720344,31.683419854715204],[79.25539790287665,31.710126012385096],[79.21250205358763,31.728185643201652],[79.16106058514887,31.744572190123222],[79.11038920711644,31.751103043126115],[79.10948659717523,31.753180917115763],[79.07727150617791,31.80024860506768],[79.07119370344058,31.80626329399525],[79.06943621020947,31.811110335413506],[79.05479065330135,31.835541282587254],[79.06787828273738,31.8838365666388],[79.07769630015925,31.94837474558326],[79.0808401159769,32.00618293875506],[79.07376101424649,32.05680198087086],[79.12008552665284,32.07357383504614],[79.14059498843524,32.08565813359598],[79.1918822978169,32.09440837779932],[79.24515724970244,32.11439687926898],[79.2936997618545,32.144085011634886],[79.33576351163298,32.182404740809076],[79.3698352506436,32.22797750998322],[79.37570725920413,32.23761965097574],[79.41870709067885,32.233604245161104],[79.47881601421425,32.23403948006688],[79.53763155866434,32.246449308794354],[79.59279242884173,32.27033550814208],[79.64208405547735,32.304739107686636],[79.68352750456926,32.34827889001698],[79.69853409120736,32.372213143255586],[79.7196451668694,32.38928714157252],[79.74973944781749,32.422102120409164],[79.79358150318346,32.4776798471325],[79.84504997655083,32.53303626921113],[79.87875412355311,32.57674254463286],[79.90388111770723,32.625883588589716],[79.91958049177407,32.67879613615927],[79.92532087287086,32.73368926925673],[79.9209079677195,32.78870503340225],[79.90649113884372,32.84198132345288],[79.8825583491322,32.89171490982079],[79.85888973116404,32.93114391590848],[79.82055156890729,32.981906379760794],[79.77237208761917,33.023444073538755],[79.75632285092072,33.03219221870782],[79.71735491646244,33.08130236697757],[79.72179669482672,33.08957426291699],[79.73882487073271,33.14440639517687],[79.74509533110403,33.201478304463166],[79.74589679362758,33.26044185721517],[79.7410586575915,33.318332158054034],[79.72515399261103,33.37420465686496],[79.69877916963394,33.425964324603896],[79.6629231549915,33.47167034943083],[79.61893042751821,33.50960891056562],[79.56845056515927,33.538357440749614],[79.5133763913973,33.55683796768893],[79.43598082267324,33.574696820451216],[79.40209475177095,33.57902673647779],[79.40544070581002,33.6256924675366],[79.39738339950232,33.68622487964766],[79.38729755519128,33.72848414114239],[79.41221188546159,33.72712472108244],[79.47404768002426,33.73675342714578],[79.53254044908729,33.759001425639795],[79.58514486195185,33.79290058811952],[79.62957182153629,33.836975782183],[79.6558752592477,33.87708928612561],[79.67305955649707,33.89075991089412],[79.70655951569941,33.924653603150304],[79.74435935291841,33.97148523195959],[79.7523440222897,33.986892525795994],[79.77416821845871,34.00215923932251],[79.81671312313478,34.04759800058937],[79.8489649027979,34.100838705392384],[79.86953502876707,34.15958919353482],[79.87852368007832,34.19749089416428],[79.88039556177421,34.197878189792796],[79.93219895519444,34.2192373857749],[79.9791266891965,34.24985755240223],[80.01954160800928,34.288670451807086],[80.05203376676793,34.334322028363175],[80.07546961989736,34.38521964727555],[80.08249164553396,34.40519861731531],[80.11104975419946,34.41186427587179],[80.19271852532921,34.44412234753023],[80.21929865769334,34.459449036961054],[80.26922744572873,34.49554128144572],[80.310730704316,34.541071639595664],[80.34205813313821,34.594119977835554],[80.36188857307526,34.65244910982401],[80.36938572291882,34.71359914441801],[80.36962368725452,34.726035264463896],[80.39093039416115,34.76001409412756],[80.43814059304502,34.85544135547328],[80.46333710486405,34.929213566343144],[80.47831860979298,35.003567549705615],[80.48392242581727,35.049266072747315],[80.48310863913252,35.0750071181126],[80.50231604281473,35.10843268659728],[80.5220114513917,35.17300516575188],[80.52420776704022,35.184853107641096],[80.5320496322876,35.19909237729875],[80.55745128678248,35.260455118533706],[80.56728996765176,35.294469400334826],[80.57703786018293,35.30640935715631],[80.60483328810714,35.35902976128693],[80.62169510010375,35.416101400833654],[80.62695978523007,35.47537851138132],[80.6204201785508,35.534528543408705],[80.60307672875379,35.616114893863234],[80.59083275233841,35.65826819897045],[80.57103892302523,35.711514706043644],[80.54212578921337,35.76931437133606],[80.50150442945531,35.819580420973395],[80.45106002265956,35.85998007985516],[80.39689868705645,35.89449376093533],[80.31799500431936,35.9299813067573],[80.3033088651705,35.93417184665076],[80.29145561893363,35.95758163219477],[80.26018318535557,35.99933756528901],[80.23200735399274,36.030829737166414],[80.18803829077125,36.07109006563915],[80.13697635562782,36.1018610153924],[80.08083802555385,36.12192741680902],[80.04298508380955,36.13134192548332],[79.98318687069283,36.139946084942075],[79.92287728396275,36.13639480342803],[79.86450211716014,36.12083209952695],[79.80661108838943,36.09894921767439],[79.79624932702494,36.10404198556158],[79.73690585909829,36.12579063698349],[79.66592296971442,36.14359473213404],[79.65608340819237,36.14875229117334],[79.63244297833664,36.158626883810314],[79.6246057215771,36.171809051616655],[79.58494803826788,36.21576389847289],[79.53743094538163,36.25107517558446],[79.4839048432054,36.27636779888509],[79.42645413355781,36.29065682854426],[79.36731604946739,36.29338582427959],[79.22448153965526,36.28584921861937],[79.15501763883324,36.27389212229999],[79.09026090814757,36.2460574047569],[79.04648333096611,36.2207761126223],[79.0011836367401,36.18788021623532],[78.96309497693734,36.19208084379598],[78.90564547303512,36.18732418088512],[78.85016635530874,36.171667270686676],[78.83959747860997,36.16633170941228],[78.82328259454945,36.16346748211319],[78.81865996399786,36.16475384355533],[78.75929190567231,36.16907538010937],[78.70937621561276,36.16774191946788],[78.64816614001602,36.15975366262794],[78.58751551673468,36.14537113965091],[78.53199847898956,36.12630388157637],[78.48125712777676,36.096790882955894],[78.46831295301045,36.08537396541004],[78.45844969177908,36.08120805778655],[78.4293631963197,36.08473866765123],[78.37225332161647,36.080715110044736],[78.31694773911995,36.0659158077249],[78.26546063316555,36.04087973924617],[78.23507292498405,36.01807840171615],[78.2197952440965,36.01690472563035],[78.1632488728576,36.00109015276086],[78.11086593324568,35.9745643077612],[78.06465303688577,35.938343305216264],[78.05034240888544,35.92169345299373],[78.03484681539238,35.9131672119482],[77.99684007798548,35.8806760239871],[77.99392633438013,35.8804769985618],[77.91437211223193,35.86674842838227],[77.85432633705423,35.84980276081851],[77.79908419361404,35.82080351334541],[77.78608234377623,35.81003424025497],[77.77522686295082,35.80952117192064],[77.77328229558813,35.80905951623927],[77.75390550718335,35.81308700652178],[77.69268723029329,35.813118636278986],[77.68242515101652,35.81099670996839],[77.67651322570669,35.820732034463354],[77.63669768206175,35.86412962568023],[77.60491776228048,35.88738781861489],[77.59344997412995,35.9020490371043],[77.55211490876655,35.94522882355169],[77.50303955632062,35.97935639845155],[77.44817225277173,36.003076866143246],[77.38969127980874,36.01544850255648],[77.3299183850721,36.01598014251059],[77.32097237647173,36.01516473133268],[77.3089052263031,36.02755120793943],[77.25381443508914,36.06354004527154],[77.1922025072873,36.086651991135895],[77.12703379242775,36.09577505491138],[77.09745110325663,36.096638903399544],[77.09193261097637,36.11905023022241],[77.07325166711043,36.17253944853483],[77.0448471264047,36.221562465646116],[77.00773210754323,36.264370753562226],[76.96323041010633,36.29943744808325],[76.93632470965963,36.31338443440636],[76.93031791059389,36.322769087174876],[76.88590482379962,36.367645385736225],[76.8259190822873,36.416667696458816],[76.77697443031958,36.44922851762528],[76.72261976105706,36.471619497073185],[76.67396092737064,36.48120435158718],[76.64376354621417,36.51892373643373],[76.59427086320568,36.559165731999656],[76.51468503024097,36.610871780356035],[76.46844048901178,36.635463909560755],[76.41862361407746,36.651638252950725],[76.36675289597191,36.65890179310237],[76.32692813311398,36.65748004560125],[76.31756631249908,36.661039234093245],[76.27385584260352,36.69933594378847],[76.22553738300041,36.733856067666416],[76.1713660591958,36.75818259985294],[76.11346437136507,36.77136239641124],[76.05057541814959,36.779244067383246],[76.0337628273843,36.78337741954475],[75.99526196916054,36.80507680775459],[75.95495368438472,36.824001298399224],[75.94804595924201,36.82606549043832],[75.9222327789326,36.864048146849235],[75.89760862600693,36.895542242700444],[75.8389039979725,36.96110516813114],[75.79854640415371,36.9985963619941],[75.75201423416812,37.02807656132423],[75.71042907821014,37.044726982997986],[75.69969618826829,37.075437511107445],[75.67101924965887,37.12475672492692],[75.63352439845966,37.167755420178395],[75.6091300034527,37.186813906539165],[75.60125946595069,37.204078879888044],[75.56402504661422,37.25442159723341],[75.51715148081557,37.29593858173804],[75.46268078481064,37.326821173108875],[75.40298593886706,37.34572399143871],[75.34066750992983,37.35182354780252],[75.26183572550943,37.35127295744146],[75.19495162912972,37.34324234110544],[75.13154560460202,37.3204904356718],[75.06887993796715,37.28967429521198],[75.04190017362993,37.273722892960954],[75.02736494646565,37.27557312964928],[74.99775567060462,37.27372154668109],[74.9548699656532,37.29832324104103],[74.89675892435832,37.317363759217436],[74.88444416589196,37.31875432936035],[74.8801109231593,37.322490633048645],[74.82819282684137,37.35171182666239],[74.77152417159498,37.37009742956393],[74.71233982239954,37.37692236119731],[74.65297385668768,37.37191746393689],[74.59576751437703,37.355280117966906],[74.57425750618044,37.34662679473951],[74.52643963755605,37.33780003971024],[74.46702636932409,37.320333180833124],[74.41246528863776,37.29103956249438],[74.40847104067984,37.2876785270888],[74.3885473925636,37.28664087743197],[74.33988421031336,37.27584143703693],[74.29368097752672,37.25713329710719],[74.23211795158085,37.22602337478081],[74.19932424912899,37.20674966290203],[74.18896028642276,37.199738356169476],[74.16099521349327,37.20180283057796],[74.10287850757244,37.19468962541443],[74.04725029438845,37.17642350670401],[74.02102210077452,37.161657779616434],[73.97613591811964,37.17721020168939],[73.92708974696451,37.18968639392348],[73.87664428790166,37.193740766572624],[73.84372812263109,37.19081357431058],[73.77131951253108,37.20583833703366],[73.71505872159453,37.21205873541457],[73.658630940826,37.2076005395506],[73.60404498038201,37.19262245972609],[73.55324408223042,37.16765771058225],[73.50803674138518,37.13359502885393],[73.47827185047174,37.10640596893964],[73.43917730890307,37.06298949397505],[73.42727248371911,37.04303931248927],[73.38309953159651,37.039289962680286],[73.3159585399629,37.02738150711478],[73.26380582189043,37.010537680638265],[73.22423678440887,37.018539557682296],[73.16697285378366,37.01901814154962],[73.11066126602576,37.00860699956852],[73.0573538819929,36.98768548908914],[73.03476499927561,36.97622286130523],[72.99402295649394,36.967777240015074],[72.93845065575893,36.94386053505092],[72.88880705993911,36.909280153627314],[72.84711116822147,36.8654424757783],[72.81505874760451,36.81413037469175],[72.79395336625443,36.75743070746706],[72.79000237039273,36.7320333079357],[72.75369643954397,36.7153844779546],[72.70303973987893,36.685850394922284],[72.65909574019145,36.64702658556539],[72.62354327864783,36.60039627611217],[72.61076116077987,36.574311895923586],[72.60553329521288,36.57429670475633],[72.54748771738323,36.56248945358964],[72.50788448646139,36.55025780997436],[72.45469816444373,36.52803513497071],[72.40674374744489,36.49605066961037],[72.36579162309701,36.45548522069777],[72.33335366744807,36.407836388945015],[72.28780472212092,36.324753088967526],[72.2653503923693,36.27262727816161],[72.25311527764896,36.21720526949583],[72.25294872797002,36.211217152326356],[72.23877632944065,36.15514330019296],[72.23324334419611,36.115281530492965],[72.23072694130406,36.059915327825244],[72.2384383525723,36.00503106033801],[72.24350265577553,35.989981114705],[72.23498699340577,35.95083034393339],[72.23420626430946,35.89057182170228],[72.24548472388321,35.83137304309121],[72.2683672613403,35.77562280973813],[72.30193051568854,35.7255707668532],[72.34482013538816,35.683236625059365],[72.3953054294318,35.650328660602035],[72.40163709974334,35.64782577689784],[72.41677125057322,35.63363666644884],[72.46338319462099,35.60385575456292],[72.51467041072134,35.58313867211037],[72.5355845286885,35.57891527816167],[72.57972253835372,35.55522931337726],[72.63807961641345,35.53786432667025],[72.69874091617363,35.5326395745798],[72.7592078045456,35.53977026414076],[72.77275658624623,35.54427053342981],[72.78242361486109,35.54348482414199],[72.8422180348415,35.55069468229782],[72.86098185811124,35.55693563025484],[72.87079285876145,35.55487189253618],[72.88976933174233,35.55276174390589],[72.90102991179994,35.53473555789842],[72.94161990520884,35.49167995132238],[72.98987124619008,35.457428806581255],[73.04632359595526,35.42521685231293],[73.08567587992523,35.39404005808553],[73.13867083123384,35.360428752581925],[73.19749867379359,35.338577673395214],[73.21204717119265,35.33484944486455],[73.22250415880615,35.325311487805095],[73.27257701897611,35.295018028377285],[73.3275785140342,35.27502251510354],[73.38541554069056,35.26608588501967],[73.40445145373072,35.26688752090445],[73.4151477208526,35.22852881877285],[73.41866781014438,35.17727570185611],[73.43484914294126,35.11895712049383],[73.46240634721993,35.06507305090424],[73.50021787769306,35.01781651033607],[73.52972411223423,34.9932703129242],[73.49598158863361,34.957933158321744],[73.46645685739459,34.913204415415755],[73.46309859156031,34.906968335639654],[73.45911183734094,34.90304559673134],[73.43601720604023,34.875251264366206],[73.39823101916805,34.871513584940836],[73.33690620942501,34.85160339068266],[73.2812520297338,34.81904942919842],[73.26366394173554,34.80603792990674],[73.2233966900666,34.77022862263295],[73.19018516693278,34.72779334514436],[73.16510090819487,34.680101228311806],[73.14895323183173,34.62869100955647],[73.12834423080544,34.534046584402695],[73.12188618733919,34.48591498704654],[73.12216651929991,34.47614166727449],[73.12040147841127,34.47006847603833],[73.10985200658286,34.41498459528353],[73.10973972842875,34.35889972505559],[73.12006856810197,34.30377404731942],[73.14047752975527,34.25153421999293],[73.18999595800298,34.15309086248082],[73.19072764028934,34.14319123632688],[73.21906425661334,33.95534261674421],[73.22898231394723,33.911839485803114],[73.24524303436503,33.870288562414444],[73.26297234289657,33.833346521679864],[73.25949543793578,33.81686138956989],[73.25851448787708,33.7597491654635],[73.26575336948636,33.718450077494694],[73.26506806587594,33.71551414894335],[73.26287615010737,33.6583458492193],[73.27157647140432,33.601800969721644],[73.28670628279666,33.54209072832163],[73.29616594824294,33.51527673828736],[73.2914862607876,33.50626051899906],[73.26871337742764,33.44839368029039],[73.25836029586442,33.387074931601205],[73.26087187366088,33.32493905456037],[73.27614019180074,33.26465594166926],[73.30350919181903,33.20881587472213],[73.30585394863833,33.205072211256095],[73.31680897172818,33.16745197891226],[73.32662566219412,33.14166276024988],[73.32642255500474,33.080736874154276],[73.32868909429806,33.05876413064281],[73.34131919418941,32.998299044182446],[73.36606519890671,32.941702389206604],[73.40187800265123,32.891373578452914],[73.44723932315854,32.84944629967456],[73.5002260692094,32.817698058040335],[73.55826939833563,32.79758655248899],[73.59425772996657,32.76120613426978],[73.63927360730246,32.72381550222442],[73.69069184519621,32.69587532704651],[73.74655598622205,32.678448728855365],[73.8047404069043,32.67219878750035],[73.84089670205077,32.67540221100792],[73.86838722296,32.659726999655774],[73.92179994591783,32.64144600854998],[73.92592866787732,32.64085869956809],[73.93029825707568,32.63832507641062],[73.98618355886505,32.61928651472983],[74.03400326197499,32.60810081545813],[74.04807979486363,32.596682469826185],[74.09271662952742,32.57167068900732],[74.11631231614638,32.56332446281855],[74.14580874370678,32.540070829661204],[74.19112506040979,32.510853593877755],[74.24513040111101,32.48332112527634],[74.30356804792007,32.46720730862839],[74.3640520477844,32.463170055607605],[74.37989419135647,32.465334049100434],[74.381390094289,32.46284100094147],[74.38550905434359,32.44416093125628],[74.40384205771467,32.389946895928944],[74.42621948248552,32.33957782776178],[74.45743395951438,32.29415263000527],[74.49643189886983,32.25520455054772],[74.54189699349945,32.22404821350815],[74.57790988752993,32.20810392971235],[74.54846720339232,32.197284919671866],[74.50159142871686,32.169572886833414],[74.49223897876062,32.161441458786676],[74.47528336618016,32.15436508441368],[74.42896028011236,32.123998101059605],[74.389009492243,32.085632536688834],[74.34372709143359,32.03328836856528],[74.31063817176972,31.986727439621934],[74.29034353309125,31.94214130140485],[74.28434526358672,31.936668276363665],[74.24545381702801,31.893581217513784],[74.21558759928186,31.843811263793686],[74.19586461545944,31.789221492179376],[74.1870231711912,31.731855403598985],[74.189394235064,31.673860426990036],[74.20288904921931,31.617407532939552],[74.2270024518945,31.564609966071508],[74.26083178753177,31.51744413833465],[74.2756075424681,31.503545730522525],[74.2815691741225,31.48877019538502],[74.27035846440866,31.46486485325511],[74.23760144518394,31.370447804338873],[74.22358211003286,31.31117641237752],[74.22182297901871,31.2502950102814],[74.22450639997592,31.235072454979036],[74.21556590936345,31.18806022375555],[74.2119638320966,31.1498195472452],[74.20733436940893,31.14681320290509],[74.16221041731997,31.110900587483044],[74.13953290019603,31.084305070426204],[74.12948426236386,31.077124864761508],[74.09204593616938,31.038597543944437],[74.06207928946176,30.994010743176883],[74.06066035791062,30.991426301672853],[74.04118210786815,30.97418105181011],[74.0060731599409,30.928310820829257],[73.99546701394827,30.9069271303184],[73.98943801164904,30.900254152339674],[73.98694629407814,30.895872666421152],[73.97678356366185,30.891138895935473],[73.93093576794215,30.858089251461344],[73.89210025458678,30.817027075743926],[73.87419323742692,30.789019595906314],[73.8268008470315,30.76414769590455],[73.77927978026717,30.725018631990455],[73.75021405891914,30.695588556523745],[73.71297629683032,30.649572833954796],[73.68549888600522,30.597141073129173],[73.68271820381734,30.58765238205795],[73.66637733928917,30.57345114584227],[73.63083440845814,30.527880649032],[73.60468894485778,30.47634052054249],[73.58891122701006,30.42074345469265],[73.58408677831544,30.36315270190728],[73.58828621096849,30.324907453151717],[73.52893240190059,30.311068262253748],[73.49419116202297,30.300718997515418],[73.29412732107926,30.227694859385107],[73.24374426214122,30.20378693533006],[73.19865678671528,30.170966804003534],[73.16042293833395,30.130368598396277],[73.13036392648239,30.083395230760104],[73.10951847086194,30.03166991354936],[73.04925591803507,29.829735047875015],[73.00662685600207,29.694837045877833],[72.8440862319944,29.418792174265466],[72.7886600393404,29.361494141605544],[72.75749637891403,29.323487227873564],[72.73295679452077,29.280901925005004],[72.72577390522089,29.26567462226198],[72.62676466126933,29.228405446892328],[72.59093817992647,29.212164083486226],[72.35442626401607,29.08563749318223],[72.29635187786816,29.063393319371716],[72.23498846659034,29.031334677409674],[72.18260808437658,28.986063049128347],[72.07824838494558,28.87232424147587],[72.03892122642863,28.818510922040822],[72.01244658276225,28.757342368123194],[71.9949208519389,28.700110107391307],[71.94293346142615,28.550652874100795],[71.9303241272759,28.53679755738351],[71.83840345382917,28.46906439326096],[71.78627659677127,28.42005615466558],[71.69764424560177,28.31411942929498],[71.66815916576722,28.27201528656434],[71.64629443431808,28.225495803693303],[71.63563578016688,28.186654383223928],[71.60913248935802,28.17676478995437],[71.37701543046013,28.172445564959872],[71.32112912480589,28.166132839403623],[71.14365777851052,28.128982134042904],[71.08884242746906,28.11189378894751],[70.94706764694843,28.052280024648525],[70.94660185170213,28.053520019947506],[70.91681361041064,28.102140027747893],[70.87836424997435,28.14424574184693],[70.82938738082187,28.188570646651776],[70.82261097113532,28.198877947378566],[70.78166207450093,28.240550245475347],[70.73341269452348,28.27349550152279],[70.67969276536789,28.29646421449845],[70.59593783140659,28.32297148430828],[70.54186511201183,28.334731647513742],[70.48655229098922,28.33636022108749],[70.43188133202023,28.327801794434613],[70.38354233205979,28.31558009945612],[70.33472158810206,28.30947968565529],[70.27064698812413,28.294184479760013],[70.21145538077526,28.26527338664392],[70.16000078653438,28.224140402103327],[70.11820980990238,28.18243357510709],[70.09151722751912,28.169066687947787],[70.0504585534679,28.144211884027076],[70.01388899384925,28.11312742967963],[69.93330507960319,28.03267567528491],[69.89675551990176,27.98842930391409],[69.87457166618123,27.955626359935348],[69.84574340472294,27.901955987608336],[69.79359690238788,27.77552733951367],[69.78718094400982,27.76169874757331],[69.76036151159909,27.74274286833352],[69.72363344333621,27.712116061634077],[69.69223861028391,27.67604229353945],[69.64556138170839,27.61287262913593],[69.58569657235688,27.565680682739284],[69.54002143275378,27.536366147485136],[69.48768890522489,27.4937602073399],[69.448154073098,27.453377019175704],[69.41129236593629,27.426763131156232],[69.37035312037781,27.39115323260791],[69.33649766603932,27.348751641681943],[69.31083348506404,27.300945402377987],[69.23703262286588,27.1274191224447],[69.21487699110644,27.04259256728372],[69.20089897390584,26.914666504136676],[69.19083538453502,26.867516980967398],[69.18423455890327,26.807045564127847],[69.18996796034654,26.74648574856097],[69.20779985922651,26.68832745993469],[69.23365951039347,26.62700444663313],[69.2611017152091,26.576220874344056],[69.29776201702435,26.531633117163462],[69.34228315133473,26.49489193564599],[69.39301682414619,26.467357588683665],[69.56586431347331,26.39409869484466],[69.60674616090512,26.36209106174977],[69.66549651804077,26.326136115125603],[69.73089895742655,26.304528626314983],[69.82513871836365,26.285029040285924],[69.85825343237046,26.28257400048198],[69.84835976976974,26.27013019189457],[69.81650214835942,26.220835450980207],[69.79485217417499,26.166281274773883],[69.78423853113597,26.10855580288168],[69.78506747170434,26.049868560816034],[69.80140022517857,25.90478429292146],[69.8181429177486,25.834284334030606],[69.85130086467527,25.769855206194546],[69.92589048901534,25.65997077101971],[69.95820435779892,25.620166745590083],[69.9968238885783,25.586446152497054],[69.99909322231842,25.584783793867896],[70.02084702393385,25.54427742839817],[70.06274888142612,25.495332746589863],[70.11413541155575,25.456464095213],[70.17263635492971,25.429464332936725],[70.29100596213955,25.389605540874115],[70.35768386522055,25.37533009233886],[70.36558090182143,25.375463383399968],[70.36554271017539,25.372195335870817],[70.37556856152227,25.316363695307093],[70.39592467985301,25.26341732404549],[70.42588329101228,25.215249166506783],[70.46437331147735,25.173581335895317],[70.47490040965633,25.164154017332777],[70.4808871699288,25.1480642377629],[70.50895981929962,25.101107255945724],[70.54509317700207,25.060029132263875],[70.61270788824825,24.99601578422215],[70.62156064727057,24.951785996058536],[70.62848149475698,24.924116602454056],[70.65012980973603,24.852267660630712],[70.66851167550561,24.80572593947541],[70.69437397556639,24.762887099238593],[70.71874626848808,24.7292229338567],[70.7023179052934,24.69197351626389],[70.70224758537302,24.691687259932223],[70.68714377852122,24.699524100520232],[70.63639492044503,24.715292258978284],[70.58366007969809,24.72185868788527],[70.53059400610033,24.719017341353933],[70.47886184312206,24.706857377094703],[70.39239782649615,24.678247144702585],[70.34645290796081,24.66801814379188],[70.30373557140673,24.65510735677168],[70.2869368801346,24.647149583421815],[70.25893430647508,24.644185051654613],[70.20884515287916,24.629814666597337],[70.16473297871951,24.612890088767188],[70.04818485727729,24.58835467106519],[69.99432016502797,24.571595148173014],[69.94454525409002,24.545048115950838],[69.9006201026413,24.509652244031997],[69.86773950570684,24.470945960800666],[69.84541002759914,24.47093857543837],[69.79329227528036,24.517195455451358],[69.74539168195875,24.551910733862623],[69.69161017091801,24.57655148194196],[69.63403901673156,24.590159553126895],[69.57491685287366,24.592205802499198],[69.51654262326775,24.582610662393314],[69.4916063679246,24.575932405582414],[69.45193197452097,24.580027597584632],[69.40447269290223,24.57737879628365],[69.37910966261363,24.5739323032409],[69.3764851574382,24.5745008549089],[69.31945694064012,24.581231639888344],[69.262191006868,24.57697325911471],[69.2067855296542,24.561881735920565],[69.1928901682151,24.556623141745835],[69.13873520356667,24.570783877700034],[69.07344785926506,24.573236459438927],[69.0728205360719,24.573121876414493],[69.02818269771156,24.590974077847427],[68.96841310338714,24.60170734940622],[68.90875135647565,24.600210571569384],[68.87464074828361,24.60868924532384],[68.81695726532354,24.611622179289906],[68.75978079958836,24.603446723700944],[68.69377886634523,24.587404292577283],[68.64141692962868,24.56941976575792],[68.59325151085146,24.54211943507053],[68.55092302550312,24.506433093849534],[68.51587309507845,24.463576145768155],[68.48929544840269,24.41500821067921],[68.47209526567336,24.362383412953204],[68.46485834987712,24.307494045390957],[68.4668609653799,24.270252159946242],[68.46648353472213,24.27025095237892],[68.45665525560491,24.27397623212078],[68.3976887598911,24.283660848427115],[68.33797256974019,24.28146629981099],[68.27987598432098,24.267479657168913],[68.24604290465845,24.255663254436033],[68.18939918881576,24.22895667108421],[68.13972406286975,24.19121673106416],[68.13154997787427,24.187319710059544],[68.08076284189353,24.147944217466964],[68.0777671087456,24.145057826144534],[68.07639224668505,24.144383857954224],[68.0252647691698,24.112592802415307],[67.98151463167963,24.0712332129717],[67.94690384191756,24.021970819593008],[67.92282632643249,23.96678963242367],[67.9137004941747,23.938390639872335],[67.9054607696576,23.902154946844682],[67.89046936228165,23.889366807281263]],[[93.00168734576991,7.942627090681612],[93.01368094096054,7.875941432375599],[93.02133003631602,7.850412996457388],[93.04134427379951,7.800442366390393],[93.06996650699566,7.754852879244734],[93.10290849472727,7.711561639900862],[93.1437158817587,7.667790364583186],[93.19239918079481,7.6329894482988525],[93.24702124691979,7.608543645560818],[93.27475671784225,7.599324513656992],[93.33169915891182,7.586385939506478],[93.37309650615137,7.585206897710745],[93.39125712968888,7.579653525830346],[93.41195034503265,7.577567079779732],[93.38658311971024,7.552239174913221],[93.35293952563296,7.501079897558647],[93.3303838478191,7.444155346789797],[93.3198556964303,7.3838368495421705],[93.32173112766644,7.324611438050173],[93.31998590887696,7.312178244681464],[93.31752517836104,7.254019095054212],[93.32634257830581,7.196479583948791],[93.34610612950033,7.141726100733395],[93.36251348520052,7.1144006015356664],[93.35876079803721,7.083054468029005],[93.35705111592002,7.031575322258262],[93.3641725499151,6.980562474463996],[93.37991517395893,6.931519684469526],[93.39278804365846,6.90077802413117],[93.41976277415544,6.850435429496707],[93.45578936872163,6.806117290954119],[93.47556574907266,6.789542029491673],[93.4763466884108,6.784648366152024],[93.50186845277175,6.721695934932602],[93.50619890068401,6.71374309350421],[93.50637873053917,6.711277765020393],[93.52203384384471,6.654553156884354],[93.54846072893118,6.60197575218022],[93.58464260736017,6.555568474581262],[93.629187375835,6.517116851178358],[93.68038116758774,6.488100314052555],[93.73625429366466,6.469635278899882],[93.76450937170702,6.463288751905428],[93.82130132161288,6.456129435269959],[93.87841927559542,6.459887190137511],[93.93378377115481,6.474425209956277],[93.98537918300494,6.499214216891055],[94.03132710485451,6.533351730955519],[94.04823176221092,6.551838672227695],[94.06253525759152,6.559774821517513],[94.10748810305824,6.597895093783067],[94.14412025112833,6.644068670652593],[94.17101773610476,6.696513296450638],[94.18714234092695,6.753204659042153],[94.19187167135111,6.8119545263347145],[94.1917730349939,6.81741381508908],[94.20820427695092,6.847673386545274],[94.22605793835005,6.908292246081283],[94.2308174967524,6.971306101388],[94.22965210398664,6.979844699948605],[94.23052591261002,6.984473902016016],[94.23053816106291,7.0402967173196345],[94.22020796247632,7.095155388973332],[94.19989299272895,7.147150473958452],[94.16993741316436,7.206763736774192],[94.16766203950965,7.228953087825235],[94.15566794293954,7.287522128746181],[94.13229835002096,7.3425498765989845],[94.09848134282619,7.391851001650263],[94.05555990401766,7.433467596868244],[94.0323300746258,7.451877496671668],[94.02713469004318,7.473815320520237],[94.00380897004374,7.525704690255584],[93.97110686351564,7.572257543375994],[93.9302044093931,7.611799737950613],[93.89586283207578,7.639204830293201],[93.8439447617566,7.672521720350933],[93.78630970879692,7.694514943378065],[93.74646063427357,7.700886349331808],[93.77604039947592,7.726285322758651],[93.81111382890596,7.77022938811085],[93.8373717070935,7.81994608716409],[93.85389173297254,7.873689133938702],[93.86623440531328,7.933237845875731],[93.87244425197099,7.9896200790866265],[93.86793024639402,8.046163356061093],[93.85285376520548,8.100846243076427],[93.82941612233176,8.148344946258433],[93.83468341865705,8.177440059064464],[93.83433287684298,8.232981891985446],[93.82374930981737,8.287507172294681],[93.80329550086543,8.339146883594639],[93.7736725652149,8.386130920960854],[93.74910686445118,8.418096373815896],[93.70968397524474,8.460277054819741],[93.66291109296763,8.494124824714119],[93.61052056775002,8.518386047081353],[93.55445281311273,8.532162147155912],[93.49678443792219,8.534942892777714],[93.4396513340115,8.526625292110353],[93.38516956810946,8.507517408200131],[93.38442066260077,8.507170592639376],[93.37793728142998,8.518793286045558],[93.33626093214875,8.56631862463876],[93.28555174588654,8.604056593932752],[93.27072016259203,8.61283124435747],[93.22194100936318,8.636039192203695],[93.16979072152813,8.650123300683754],[93.11596013578705,8.65462692941279],[93.06219456810543,8.649404060007107],[93.03997596485482,8.645200274084218],[92.98265383932987,8.628296657105901],[92.92981969583968,8.60036617871213],[92.88357020356098,8.562517231492832],[92.84574072649315,8.51625181237205],[92.8178324889071,8.463405917389675],[92.79610435592008,8.4099560079455],[92.78113255388058,8.361923600181711],[92.7743982314387,8.312064639571352],[92.77609079268902,8.26178141882814],[92.77879568378991,8.238886628958893],[92.7890075512421,8.189117771025582],[92.8074711845824,8.141785797680694],[92.83365704240474,8.098248201204141],[92.86886871443151,8.049573668474977],[92.90243093726072,8.010683068179521],[92.94213606471334,7.978088521909489],[92.98681989763307,7.95274573855445],[93.00184350284702,7.945851984744402],[93.00168734576991,7.942627090681612]],[[92.12128029082749,10.501129146578359],[92.13078273368328,10.46777681307026],[92.15256179904371,10.41268293224135],[92.18474269824613,10.362943077805607],[92.22607049658076,10.32049691805497],[92.27493356448184,10.286999694467664],[92.32942642505306,10.263757673481285],[92.33567281967532,10.261796279376233],[92.3360343106265,10.261562323777177],[92.38860593303309,10.23448099059373],[92.44546851665224,10.218238433110129],[92.50441252421628,10.213465796339467],[92.56314753954761,10.220348532966772],[92.59516480332236,10.227352810849352],[92.65208179319035,10.245919336725436],[92.70417873309943,10.275417954843046],[92.74938085684987,10.314673879582992],[92.78588798503235,10.362123739547034],[92.82405889804787,10.423573280275221],[92.84914894462456,10.473977662841879],[92.86437900271366,10.52818243707579],[92.86856776182273,10.57679454105627],[92.87154574525569,10.581997715930394],[92.89025843918898,10.637901766445362],[92.89767732586341,10.696385848884372],[92.89351591855863,10.755191549861953],[92.8841193137868,10.789480604691965],[92.88264226611837,10.83080711204107],[92.86866153130437,10.889031535676352],[92.85061396345691,10.927810054292022],[92.84680251255503,10.947301894211],[92.82657637096817,10.998436659892407],[92.79735651845525,11.045020576472133],[92.7701291888919,11.07461443851051],[92.8082196680717,11.09102756500269],[92.85557331884506,11.123295993872656],[92.89592772311383,11.163979427840475],[92.92146259467806,11.195191396612625],[92.95290892224881,11.241998665892856],[92.97504052564288,11.293863722591626],[92.98707547269505,11.348954121252467],[92.98782863087071,11.37701273346947],[92.9949507239454,11.392869359630128],[93.03544274504787,11.513552376883938],[93.03642033990546,11.513419535108097],[93.09501687755844,11.516994806458165],[93.15179523720604,11.531913072639979],[93.20458122607342,11.557603073991453],[93.25135352976677,11.593081072770405],[93.29032111371973,11.63698852306092],[93.31999180661893,11.687644093070798],[93.33442707027804,11.718965208476797],[93.35412367383559,11.776367128454298],[93.36186494633046,11.8365585672888],[93.35733410314185,11.897076399940069],[93.35184567551931,11.916354039871976],[93.35202843458632,11.921136336571069],[93.34603701822918,11.959360221208659],[93.36291363180912,12.002428651935727],[93.38099356988336,12.066549341459526],[93.39186298264538,12.132685578924322],[93.38777800881154,12.199584450578245],[93.3800005873211,12.244110779431855],[93.36095405818693,12.308935586501052],[93.32788381281708,12.367854045024634],[93.282467257057,12.41787766291168],[93.2626601012365,12.43527740474496],[93.25524238498184,12.44064208482464],[93.26710453213904,12.47847243443995],[93.273648473783,12.5339177513683],[93.2698054608788,12.5896154855533],[93.25825729346303,12.633869652573349],[93.2644621655107,12.678497107818165],[93.2671535726974,12.729816879240573],[93.26104666913626,12.78084303273452],[93.25382484576757,12.81559908533293],[93.2485460255354,12.832421958949675],[93.24628522661756,12.859687136468693],[93.2571743033083,12.87357148563406],[93.28837295572085,12.923966442199355],[93.31395649551038,12.97590531459079],[93.32908653304423,13.031791323015803],[93.33319953091421,13.089542922318143],[93.33239177599867,13.121153043063797],[93.34983683317103,13.17716290902418],[93.35486064954071,13.245347443055929],[93.35360865315619,13.276129767958265],[93.34586830615362,13.332706498628964],[93.3415981848484,13.3453126798134],[93.34611642485416,13.363800479060497],[93.34801793074821,13.42646400188901],[93.33910322081562,13.475727812863243],[93.34178064227028,13.509854515203804],[93.33576931339942,13.565323145964294],[93.32246915374678,13.63057431293901],[93.30534851258051,13.686252920246565],[93.27779050214431,13.737573283909072],[93.2408341279181,13.782600498676427],[93.19587273705322,13.819636926651441],[93.14460148572213,13.847286202457488],[93.08895342751804,13.864505879683424],[93.03102663253028,13.870646733703936],[92.9730050848881,13.865477239061361],[92.91707634113124,13.849192298550818],[92.8847101674473,13.832431833442616],[92.87577870164128,13.83196950370368],[92.81551696191598,13.815941820724277],[92.7598704044939,13.787802443626001],[92.71124318565101,13.748767107275258],[92.67173619785548,13.700522296033721],[92.66089210812362,13.679586503688334],[92.65738016084308,13.676656908744922],[92.62204595289909,13.633874289798541],[92.5951952151803,13.585316112125803],[92.57774649911299,13.53264352872093],[92.57554253919237,13.516376619911853],[92.57530648162994,13.516001310341265],[92.55616345503849,13.470178085470595],[92.5402285106064,13.420917270599233],[92.52905814134486,13.37357073043426],[92.52568681612574,13.325041294199131],[92.52640423061854,13.264288273514834],[92.52134228007169,13.23874039145113],[92.48472734590177,13.211533224414183],[92.44390842871579,13.165605484000313],[92.41330307317295,13.112324591066187],[92.39419518799629,13.053925703543939],[92.38236839404658,12.999408814651689],[92.37082583084059,12.976512931987719],[92.35526890131817,12.92181978266861],[92.35031141750025,12.865173670773764],[92.35613148297718,12.808609676250283],[92.36610419927413,12.75875920469716],[92.3846144133643,12.69924082703314],[92.41255630938414,12.649247595386939],[92.40820596202616,12.62525439850223],[92.40036270750012,12.546060842837461],[92.40151100768853,12.477015708375296],[92.4037817787299,12.468022286579824],[92.39881667162061,12.420391502351112],[92.39734429421009,12.379980518473548],[92.39836551459585,12.347078732768773],[92.3803105288517,12.321282939765094],[92.35466519655621,12.256938314742309],[92.32968268917871,12.16435586604786],[92.32202983030955,12.12076969668063],[92.29976825794427,12.09796661933878],[92.2663567669702,12.045261177396867],[92.24457199501666,11.986783702670827],[92.2424527588184,11.972590401782455],[92.23576540175841,11.95978811556407],[92.21907815700314,11.901573089455658],[92.21857423545913,11.895037650588549],[92.21678930863933,11.895207173742515],[92.15524148262774,11.888276517623254],[92.09642859863237,11.86885453118669],[92.04285750282415,11.837769059099212],[91.99681161487707,11.796345091590522],[91.96025359926271,11.746348287939332],[91.93474170844607,11.689909716838041],[91.9197518357103,11.644846606186144],[91.9073894602208,11.592290210176536],[91.90464744898934,11.538369115383599],[91.91161461280717,11.484829768006199],[91.92806529274036,11.433406249855473],[91.93586463761531,11.414944858065402],[91.96610352791062,11.360145085920157],[92.00705485286913,11.312812280197235],[92.05693613531113,11.275006683053372],[92.11357620622708,11.24837384842958],[92.17450970866044,11.234073016472465],[92.23708440662914,11.232726655603757],[92.29709629630266,11.237718669829393],[92.32108795630272,11.242110585876386],[92.32991523139961,11.217240991208104],[92.36234667446065,11.164190078575869],[92.36613724381696,11.160172570344884],[92.34573654052416,11.151698859412091],[92.28864949948178,11.11010464787913],[92.25759218530112,11.08130688121024],[92.21077348738534,11.025946296050074],[92.19101112017742,10.995838984305779],[92.17577314034614,10.981404183535044],[92.1355204055701,10.934503480386562],[92.10573296691881,10.880349375174056],[92.08767512197925,10.82124038390445],[92.08211331764367,10.75968532769211],[92.08332283090179,10.667237639139106],[92.08944066168966,10.61076061951038],[92.10609514685706,10.556449389331883],[92.1140292001562,10.541473291999727],[92.12128029082749,10.501129146578359]],[[92.56849639715462,9.477326720932222],[92.521397663823,9.443157065562309],[92.48178119085786,9.400537925503613],[92.45113737463537,9.351072659337708],[92.43061905459916,9.296622181172378],[92.4209981427227,9.239234951894373],[92.41664827463987,9.176267341767693],[92.4199698674011,9.106555159483255],[92.43930916319836,9.039496879044552],[92.45143633419401,9.010600918468663],[92.47781063080785,8.961244937006823],[92.51289261440076,8.917645959322442],[92.55546158146001,8.881321044023935],[92.60403631335714,8.853534143350105],[92.65692661644336,8.83525212301908],[92.71229213358507,8.827111119422023],[92.78414762756009,8.823328677576486],[92.84692375875814,8.82661940717905],[92.9076359716077,8.842919675901383],[92.96361854695073,8.871513780319491],[92.9900341268195,8.888714463305412],[93.03243190841413,8.922116097453754],[93.0681584112036,8.962574199811133],[93.0960571916943,9.008779168105226],[93.11522518463607,9.059235377777677],[93.12504193465288,9.112309594371364],[93.12763028731196,9.140116238164053],[93.12804297574323,9.190864633674924],[93.11989557483065,9.240956447547441],[93.10342124236348,9.288958180103988],[93.07659333847424,9.349801170537143],[93.0483979096425,9.400036609791652],[93.01112047373172,9.443956700137836],[92.98824022893496,9.466181379629656],[92.9434444396576,9.502043037078979],[92.89264012956028,9.52871968018732],[92.83768601452654,9.545235322858815],[92.78059263433701,9.550985727238418],[92.72344879548076,9.545760510231926],[92.66834515051708,9.529750840537943],[92.61729770989741,9.503542444589787],[92.60603839819446,9.494697342085987],[92.56849639715462,9.477326720932222]],[[72.92511961949896,7.9928396473344865],[72.98074916430514,7.9740171251677925],[73.03897978622682,7.966392935593025],[73.0975800013944,7.970259248872041],[73.15430416257647,7.98546790214083],[73.20697851571512,8.011436077230398],[73.25358450140826,8.047168635124137],[73.29233610910215,8.091296251162127],[73.32174831966708,8.142127889594729],[73.32892488052184,8.157921067344308],[73.34794530022008,8.21382808081654],[73.35564554436324,8.272377861012687],[73.3517272395688,8.33130168818319],[73.33634221451045,8.388316348796362],[73.31008661677541,8.441212606777977],[73.27397781300314,8.48794080823081],[73.2294149673916,8.526690302574414],[73.17812482609764,8.555959602650198],[73.12209480830747,8.574614565188709],[73.06349599660246,8.581932337229667],[73.00459901063263,8.577629365634248],[72.94768602387174,8.561872384361278],[72.89496233267853,8.535271953766191],[72.87946088645646,8.525426663474791],[72.83332274887331,8.489350777409948],[72.79507317687916,8.444998014956308],[72.76616998801165,8.394058806400476],[72.74771477827382,8.338474613246872],[72.74041093667144,8.280363932706612],[72.74453683673458,8.22194155477081],[72.75993522678287,8.165434149247943],[72.7860192233064,8.11299540002215],[72.82179467903497,8.066623921046183],[72.86589807317448,8.028087082561697],[72.8742229585418,8.022139195103518],[72.92511961949896,7.9928396473344865]]]}}]}